state,state_fips,county_name,county_fips,year,market_or_full_value,assessed_value,net_assessed_value,county_taxable_value,school_taxable_value,market_or_full_value_growth_since_2000,assessed_value_growth_since_2000,net_assessed_value_growth_since_2000,county_taxable_value_growth_since_2000,school_taxable_value_growth_since_2000,market_or_full_value_index_2000_100,assessed_value_index_2000_100,net_assessed_value_index_2000_100,county_taxable_value_index_2000_100,school_taxable_value_index_2000_100
FL,12,Alachua,12001,2000,11765772999.0,,,6059970352.0,6059970352.0,0.0,,,0.0,0.0,100.0,,,100.0,100.0
FL,12,Alachua,12001,2001,12638786207.0,,,6655961286.0,6656767656.0,0.07419939243041651,,,0.09834882010657076,0.09848188511401479,107.41993924304165,,,109.83488201065708,109.84818851140147
FL,12,Alachua,12001,2002,13106639126.0,,,7143329037.0,7151495817.0,0.11396328376503306,,,0.17877293486138157,0.18012059492003263,111.3963283765033,,,117.87729348613816,118.01205949200326
FL,12,Alachua,12001,2003,14109419913.0,,,7863116773.0,7878456743.0,0.19919192000382746,,,0.29755037009461605,0.3000817306638863,119.91919200038275,,,129.7550370094616,130.00817306638862
FL,12,Alachua,12001,2004,16041677784.0,,,8530910912.0,8559759742.0,0.3634189428406802,,,0.40774796186659623,0.41250851816048617,136.34189428406802,,,140.77479618665961,141.25085181604862
FL,12,Alachua,12001,2005,17823042535.0,,,9636626680.0,9675417960.0,0.514821213745567,,,0.5902102024013334,0.5966114350389151,151.4821213745567,,,159.02102024013334,159.6611435038915
FL,12,Alachua,12001,2006,20568552759.0,,,11211533207.0,11252733947.0,0.748168417047326,,,0.8500970393856475,0.8568958746285298,174.81684170473258,,,185.00970393856474,185.68958746285298
FL,12,Alachua,12001,2007,23455508228.0,,,12815621528.0,12860218348.0,0.993537375741784,,,1.1147993774871194,1.1221586247126907,199.3537375741784,,,211.47993774871193,212.21586247126908
FL,12,Alachua,12001,2008,24587376718.0,,,12671774593.0,13713347543.0,1.089737471570269,,,1.0910621433680574,1.2629397086858885,208.9737471570269,,,209.10621433680575,226.29397086858884
FL,12,Alachua,12001,2009,24355527368.0,,,12558830292.0,13636990894.0,1.0700320641975698,,,1.072424378752142,1.2503395399449966,207.003206419757,,,207.2424378752142,225.03395399449965
FL,12,Alachua,12001,2010,23776155217.0,21593420067.0,,12057377601.0,13132916152.0,1.020789897869081,,,0.9896760051013531,1.1671584824941732,202.0789897869081,,,198.9676005101353,216.71584824941732
FL,12,Alachua,12001,2011,23779386220.0,22092238431.0,,11667559952.0,12721618741.0,1.0210645082155727,,,0.9253493456695381,1.0992872905395363,202.10645082155727,,,192.5349345669538,209.92872905395365
FL,12,Alachua,12001,2012,22988477480.0,21523727475.0,,11276292381.0,12314376169.0,0.9538433626038716,,,0.8607834240110488,1.032085217205036,195.38433626038716,,,186.0783424011049,203.2085217205036
FL,12,Alachua,12001,2013,23253122839.0,21724773529.0,,11258730745.0,12447329908.0,0.9763361779099713,,,0.8578854500970008,1.054024885433961,197.63361779099714,,,185.78854500970007,205.4024885433961
FL,12,Alachua,12001,2014,23743106768.0,22310176378.0,,11802395298.0,12879493858.0,1.0179810344817959,,,0.9475995116221652,1.1253394175021536,201.79810344817957,,,194.7599511622165,212.53394175021535
FL,12,Alachua,12001,2015,24414645619.0,22651983619.0,,12115799426.0,13216209815.0,1.0750566597770548,,,0.999316617448692,1.1809033786177179,207.5056659777055,,,199.93166174486922,218.0903378617718
FL,12,Alachua,12001,2016,25389663178.0,23386817689.0,,12630907941.0,13850411186.0,1.1579256356686405,,,1.084318438427898,1.2855575822130687,215.79256356686406,,,208.43184384278982,228.55575822130686
FL,12,Alachua,12001,2017,27490984796.0,24411874322.0,,13621244128.0,,1.3365217736511252,,,1.2477410509945015,,233.65217736511252,,,224.77410509945014,
FL,12,Alachua,12001,2018,28901171162.0,25625474378.0,,14306364940.0,16159538402.0,1.4563767433262886,,,1.3607978437185597,1.6666035414953462,245.63767433262888,,,236.07978437185596,266.6603541495346
FL,12,Alachua,12001,2019,30052111374.0,26644961767.0,,15308183328.0,17271451540.0,1.554197788496701,,,1.5261152181953777,1.8500884553502517,255.4197788496701,,,252.61152181953776,285.00884553502516
FL,12,Alachua,12001,2020,30943654724.0,27655081235.0,,16235962239.0,18016170374.0,1.629972100144204,,,1.6792147974191938,1.9729799532854218,262.9972100144204,,,267.92147974191937,297.2979953285422
FL,12,Alachua,12001,2021,32989189739.0,28728753805.0,,17228900917.0,19302492409.0,1.8038268069428014,,,1.843066866047268,2.1852453539858505,280.3826806942801,,,284.3066866047268,318.52453539858504
FL,12,Alachua,12001,2022,37824177839.0,30736914671.0,,19075288457.0,22353278402.0,2.214763521463041,,,2.1477527692366505,2.6886778488318255,321.47635214630407,,,314.77527692366505,368.86778488318254
FL,12,Baker,12003,2000,821079190.0,,,325043214.0,327492611.0,0.0,,,0.0,0.0,100.0,,,100.0,100.0
FL,12,Baker,12003,2001,938380223.0,,,367676762.0,370369640.0,0.14286202162790174,,,0.13116270749156445,0.13092517986611907,114.28620216279018,,,113.11627074915644,113.09251798661191
FL,12,Baker,12003,2002,1038447687.0,,,391923070.0,394729572.0,0.264735118911003,,,0.2057568136155583,0.20530832984198222,126.4735118911003,,,120.57568136155584,120.53083298419823
FL,12,Baker,12003,2003,1131330902.0,,,461930422.0,465278804.0,0.3778584523619457,,,0.42113541247472397,0.4207306924552261,137.78584523619458,,,142.1135412474724,142.07306924552262
FL,12,Baker,12003,2004,1203660980.0,,,512507142.0,516411157.0,0.465949928654263,,,0.576735399865939,0.5768635372356539,146.5949928654263,,,157.6735399865939,157.6863537235654
FL,12,Baker,12003,2005,1305176203.0,,,582716533.0,587273020.0,0.5895862651201769,,,0.7927355745380982,0.7932405198601564,158.95862651201767,,,179.27355745380981,179.32405198601563
FL,12,Baker,12003,2006,1497905346.0,,,708157880.0,713994168.0,0.8243128850945547,,,1.178657635350603,1.1801840530686047,182.43128850945547,,,217.8657635350603,218.01840530686047
FL,12,Baker,12003,2007,1721846058.0,,,829012533.0,837498649.0,1.097052365923438,,,1.5504686678368866,1.5573054807028912,209.7052365923438,,,255.04686678368867,255.73054807028913
FL,12,Baker,12003,2008,1783924644.0,,,798037443.0,892096547.0,1.1726584545395675,,,1.455173369655396,1.7240203810277723,217.26584545395676,,,245.51733696553958,272.4020381027772
FL,12,Baker,12003,2009,1772608318.0,,,807815246.0,909469730.0,1.1588761956078804,,,1.4852549175199825,1.7770694649351952,215.88761956078804,,,248.52549175199826,277.7069464935195
FL,12,Baker,12003,2010,1708381626.0,1355252764.0,,802336380.0,903174549.0,1.0806539086686633,,,1.4683991095411701,1.7578471045259705,208.06539086686632,,,246.83991095411702,275.78471045259704
FL,12,Baker,12003,2011,1657349323.0,1349437628.0,,775833785.0,878195957.0,1.018501191097049,,,1.3868635048630797,1.6815748737610448,201.8501191097049,,,238.686350486308,268.1574873761045
FL,12,Baker,12003,2012,1578115774.0,1313675867.0,,745566250.0,845446703.0,0.922001913116322,,,1.2937450095481764,1.5815748954409234,192.20019131163218,,,229.37450095481765,258.15748954409236
FL,12,Baker,12003,2013,1567891780.0,1316714000.0,,749596354.0,849367715.0,0.9095500155106842,,,1.3061436809445284,1.5935477212950007,190.95500155106842,,,230.61436809445283,259.3547721295001
FL,12,Baker,12003,2014,1609862311.0,1340571248.0,,770117554.0,873801988.0,0.9606663164852589,,,1.3692774401375445,1.6681578718122592,196.06663164852588,,,236.92774401375445,266.8157871812259
FL,12,Baker,12003,2015,1609766343.0,1348201852.0,,777186107.0,881090987.0,0.9605494361633986,,,1.391023942434928,1.69041485946686,196.05494361633987,,,239.1023942434928,269.041485946686
FL,12,Baker,12003,2016,1670196779.0,1385219782.0,,807691673.0,915256590.0,1.0341482275296734,,,1.4848747434548812,1.794739665134002,203.41482275296732,,,248.48747434548812,279.47396651340017
FL,12,Baker,12003,2017,1705439351.0,1410646143.0,,827330971.0,,1.0770704845168466,,,1.545295318794134,,207.70704845168467,,,254.5295318794134,
FL,12,Baker,12003,2018,1823215730.0,1500611328.0,,890720067.0,1010897759.0,1.2205114344695547,,,1.7403127603826856,2.0867803579238617,222.05114344695548,,,274.0312760382686,308.6780357923862
FL,12,Baker,12003,2019,1931601282.0,1571958112.0,,952001327.0,1078601187.0,1.3525152086731125,,,1.92884541499765,2.2935130466195464,235.25152086731126,,,292.884541499765,329.35130466195466
FL,12,Baker,12003,2020,2081894413.0,1655351260.0,,1026085614.0,1165754646.0,1.5355586140235755,,,2.156766761480521,2.559636482912892,253.55586140235755,,,315.6766761480521,355.9636482912892
FL,12,Baker,12003,2021,2236568700.0,1766898692.0,,1124579841.0,1268307242.0,1.7239378701097028,,,2.459785630227001,2.872781245742366,272.3937870109703,,,345.9785630227001,387.2781245742366
FL,12,Baker,12003,2022,2818417987.0,1972190224.0,,1296356921.0,1492359003.0,2.4325775410286554,,,2.9882602225315185,3.556924195764527,343.25775410286553,,,398.82602225315185,455.69241957645266
FL,12,Bay,12005,2000,9191338744.0,,,5982852531.0,6016820563.0,0.0,,,0.0,0.0,100.0,,,100.0,100.0
FL,12,Bay,12005,2001,10064384815.0,,,6604698500.0,6658877264.0,0.0949857355186603,,,0.10393804055472211,0.1067102956249486,109.49857355186603,,,110.39380405547222,110.67102956249487
FL,12,Bay,12005,2002,10613817295.0,,,7096256121.0,7175079671.0,0.15476293395546725,,,0.1860991198146582,0.19250351508280472,115.47629339554672,,,118.60991198146581,119.25035150828047
FL,12,Bay,12005,2003,11934440345.0,,,7935910624.0,8243648780.0,0.298444185053093,,,0.3264426263024667,0.3701004864086721,129.8444185053093,,,132.64426263024666,137.0100486408672
FL,12,Bay,12005,2004,13160126387.0,,,8897900910.0,9207241226.0,0.4317964720417664,,,0.48723386777390054,0.5302502591849356,143.17964720417663,,,148.72338677739006,153.02502591849355
FL,12,Bay,12005,2005,17707802962.0,,,12338404401.0,12673450592.0,0.9265749479159877,,,1.062294588922068,1.1063368035162062,192.65749479159877,,,206.22945889220682,210.63368035162063
FL,12,Bay,12005,2006,25446471234.0,,,17569386778.0,17875988742.0,1.7685271909504112,,,1.9366237404256021,1.9710024679690616,276.8527190950411,,,293.6623740425602,297.10024679690616
FL,12,Bay,12005,2007,26379350527.0,,,18263607488.0,18608377957.0,1.8700226660909585,,,2.052658810052158,2.0927260938162036,287.00226660909584,,,305.26588100521576,309.2726093816203
FL,12,Bay,12005,2008,26961479864.0,,,17916437241.0,18991132748.0,1.9333572197630233,,,1.9946312646294442,2.1563402214093914,293.33572197630235,,,299.46312646294444,315.6340221409391
FL,12,Bay,12005,2009,24222319836.0,,,16134831531.0,17294834894.0,1.6353418702810893,,,1.6968459355128305,1.8744142712769811,263.53418702810893,,,269.68459355128306,287.4414271276981
FL,12,Bay,12005,2010,22659736741.0,20161741190.0,,15111635407.0,16285324735.0,1.465335831060738,,,1.5258244840064905,1.7066329408500924,246.53358310607382,,,252.58244840064904,270.6632940850092
FL,12,Bay,12005,2011,21684375086.0,19468804314.0,,14273539112.0,15416706116.0,1.3592183565375948,,,1.3857414231826737,1.562267887928038,235.92183565375947,,,238.57414231826738,256.2267887928038
FL,12,Bay,12005,2012,20560360123.0,19000970461.0,,13793458002.0,14961861764.0,1.2369276876474133,,,1.3054985778990114,1.4866724223100287,223.69276876474134,,,230.54985778990113,248.66724223100286
FL,12,Bay,12005,2013,20224100048.0,18781191775.0,,13955465003.0,14935111731.0,1.2003432373985845,,,1.3325771328459308,1.4822265471638598,220.03432373985845,,,233.25771328459308,248.222654716386
FL,12,Bay,12005,2014,20432796050.0,19033492753.0,,14205179002.0,15249488439.0,1.2230489615387414,,,1.3743154170015428,1.5344761871038033,222.30489615387415,,,237.43154170015427,253.44761871038034
FL,12,Bay,12005,2015,20764762875.0,19438013627.0,,14637979228.0,15673648196.0,1.259166314434336,,,1.4466555296413675,1.6049718504792976,225.9166314434336,,,244.66555296413674,260.49718504792975
FL,12,Bay,12005,2016,21100218319.0,19939199260.0,,15129564922.0,16144181171.0,1.2956632223759548,,,1.528821301144653,1.6831747767712182,229.56632223759547,,,252.8821301144653,268.3174776771218
FL,12,Bay,12005,2017,21600773083.0,20473857928.0,,15604602205.0,,1.3501226191995954,,,1.6082210992407293,,235.01226191995954,,,260.82210992407295,
FL,12,Bay,12005,2018,22559006421.0,21359803204.0,,16433018703.0,17579895706.0,1.4543765657343726,,,1.7466862366827072,1.9217915877542184,245.43765657343727,,,274.6686236682707,292.17915877542185
FL,12,Bay,12005,2019,21910875265.0,20797896792.0,,16061814200.0,17204169431.0,1.3838611409358803,,,1.6846415011528553,1.859345604686267,238.38611409358802,,,268.4641501152855,285.9345604686267
FL,12,Bay,12005,2020,24032126395.0,22434141480.0,,17535078964.0,18879069863.0,1.6146491892367578,,,1.9308893831399705,2.1377152875549363,261.4649189236758,,,293.08893831399706,313.77152875549365
FL,12,Bay,12005,2021,26870617575.0,24574214711.0,,19438620300.0,21036996383.0,1.9234715772542743,,,2.2490555632583753,2.496364261278702,292.34715772542745,,,324.90555632583755,349.6364261278702
FL,12,Bay,12005,2022,33731495393.0,27920315285.0,,22522426189.0,25556146041.0,2.6699219050129703,,,2.764496295421058,3.247450256063088,366.99219050129705,,,376.4496295421058,424.7450256063088
FL,12,Bradford,12007,2000,965623334.0,,,476358111.0,476358111.0,0.0,,,0.0,0.0,100.0,,,100.0,100.0
FL,12,Bradford,12007,2001,1058385293.0,,,509520062.0,509520062.0,0.0960643304006985,,,0.069615590108006,0.069615590108006,109.60643304006985,,,106.9615590108006,106.9615590108006
FL,12,Bradford,12007,2002,1111855906.0,,,536097883.0,536097883.0,0.15143852354338394,,,0.12540937294967147,0.12540937294967147,115.14385235433839,,,112.54093729496715,112.54093729496715
FL,12,Bradford,12007,2003,1162498035.0,,,568192349.0,570981737.0,0.20388353726340247,,,0.19278403343907802,0.19863968685525335,120.38835372634024,,,119.2784033439078,119.86396868552534
FL,12,Bradford,12007,2004,1217659696.0,,,617350560.0,621117618.0,0.26100898054727417,,,0.295979948161311,0.30388798607021084,126.10089805472742,,,129.5979948161311,130.38879860702107
FL,12,Bradford,12007,2005,1444403876.0,,,677143547.0,681685195.0,0.4958253649657558,,,0.42150103328459965,0.43103513776424385,149.58253649657559,,,142.15010332845998,143.1035137764244
FL,12,Bradford,12007,2006,2016364521.0,,,809014557.0,814120251.0,1.0881480904644336,,,0.6983327003746558,0.7090508846190298,208.81480904644337,,,169.83327003746558,170.90508846190298
FL,12,Bradford,12007,2007,2175418215.0,,,903306367.0,909339495.0,1.2528641742619695,,,0.896275818845037,0.9089409291070096,225.28641742619695,,,189.6275818845037,190.89409291070098
FL,12,Bradford,12007,2008,2201279159.0,,,854691083.0,942103857.0,1.279645780597924,,,0.7942196495946723,0.9777218761370057,227.9645780597924,,,179.42196495946723,197.77218761370057
FL,12,Bradford,12007,2009,2190426501.0,,,856965433.0,946632065.0,1.2684067626311109,,,0.7989941038287474,0.9872277665489357,226.84067626311108,,,179.89941038287475,198.72277665489358
FL,12,Bradford,12007,2010,2008190923.0,1311340167.0,,846871177.0,938114263.0,1.0796835083523364,,,0.7778036259783556,0.9693466770842913,207.96835083523365,,,177.78036259783556,196.93466770842915
FL,12,Bradford,12007,2011,1879941684.0,1279336231.0,,830580274.0,920942265.0,0.9468685333157039,,,0.7436047688080618,0.9332981715514443,194.68685333157038,,,174.36047688080617,193.32981715514444
FL,12,Bradford,12007,2012,1755500601.0,1259258914.0,,817229276.0,906154934.0,0.817997286507163,,,0.7155775395204722,0.9022557044273778,181.7997286507163,,,171.55775395204722,190.2255704427378
FL,12,Bradford,12007,2013,1600225870.0,1254196770.0,,817407350.0,903949531.0,0.6571946986525494,,,0.7159513633221204,0.8976259879408246,165.71946986525495,,,171.59513633221204,189.76259879408246
FL,12,Bradford,12007,2014,1573575537.0,1221719418.0,,829117834.0,920073032.0,0.629595600679633,,,0.7405347255649017,0.9314734246227625,162.9595600679633,,,174.05347255649016,193.14734246227624
FL,12,Bradford,12007,2015,1589663556.0,1250676762.0,,855802803.0,945887144.0,0.6462563610750525,,,0.7965534400231931,0.9856639829525229,164.62563610750524,,,179.6553440023193,198.5663982952523
FL,12,Bradford,12007,2016,1623961519.0,1276750708.0,,875631893.0,967367857.0,0.6817753484403681,,,0.8381798751401968,1.0307576058046801,168.1775348440368,,,183.81798751401968,203.075760580468
FL,12,Bradford,12007,2017,1637142540.0,1293643851.0,,885730935.0,,0.6954256202760734,,,0.8593804000536898,,169.54256202760735,,,185.93804000536898,
FL,12,Bradford,12007,2018,1691974565.0,1346478522.0,,929061310.0,1027663826.0,0.7522096923560879,,,0.9503421660012419,1.1573345814195655,175.2209692356088,,,195.03421660012418,215.73345814195653
FL,12,Bradford,12007,2019,1728557538.0,1385824607.0,,960788697.0,1063223067.0,0.790095037202156,,,1.0169462318654632,1.2319827089078368,179.0095037202156,,,201.69462318654632,223.19827089078368
FL,12,Bradford,12007,2020,1807058203.0,1465031218.0,,1033358392.0,1140273755.0,0.8713903645166057,,,1.1692889616820232,1.3937322125286538,187.13903645166056,,,216.92889616820233,239.37322125286536
FL,12,Bradford,12007,2021,1970236013.0,1531613969.0,,1086979460.0,1203053001.0,1.0403773848737585,,,1.2818535780111868,1.5255222346786073,204.03773848737586,,,228.18535780111867,252.55222346786073
FL,12,Bradford,12007,2022,2285092584.0,1698738994.0,,1236181984.0,1390703803.0,1.366443004783478,,,1.5950686163502734,1.9194502431805973,236.6443004783478,,,259.50686163502735,291.9450243180597
FL,12,Brevard,12009,2000,31698283999.0,,,16890838990.0,16924946890.0,0.0,,,0.0,0.0,100.0,,,100.0,100.0
FL,12,Brevard,12009,2001,34421051462.0,,,18196157723.0,18291203593.0,0.08589636786287547,,,0.07727968597491208,0.08072443074000102,108.58963678628754,,,107.72796859749121,108.0724430740001
FL,12,Brevard,12009,2002,37898905747.0,,,19575065710.0,19695633660.0,0.1956137987846791,,,0.15891612735099558,0.16370431103905214,119.5613798784679,,,115.89161273509956,116.37043110390522
FL,12,Brevard,12009,2003,41975539936.0,,,21892096229.0,22061374161.0,0.32422120823083733,,,0.2960928845488924,0.30348262268609094,132.42212082308373,,,129.60928845488922,130.3482622686091
FL,12,Brevard,12009,2004,46686943274.0,,,25115183430.0,25292514430.0,0.4728539650749819,,,0.48691154091689093,0.49439254340844796,147.28539650749818,,,148.6911540916891,149.4392543408448
FL,12,Brevard,12009,2005,59557484958.0,,,30858069780.0,31028487900.0,0.8788867233279531,,,0.8269116056502057,0.833298981773053,187.88867233279532,,,182.69116056502057,183.3298981773053
FL,12,Brevard,12009,2006,72575843188.0,,,39135283631.0,39311747501.0,1.2895827165372604,,,1.3169532108008095,1.322710242844372,228.95827165372603,,,231.69532108008096,232.2710242844372
FL,12,Brevard,12009,2007,71367902076.0,,,40682735273.0,40927287793.0,1.2514752558293525,,,1.4085680585248417,1.4181634399799288,225.14752558293526,,,240.85680585248417,241.81634399799287
FL,12,Brevard,12009,2008,68541534744.0,,,38013415731.0,41482005385.0,1.162310576375753,,,1.2505344911229894,1.4509385851904435,216.2310576375753,,,225.05344911229895,245.09385851904435
FL,12,Brevard,12009,2009,59186483459.0,,,33330608859.0,36755456749.0,0.867182572434116,,,0.9732950434690042,1.1716733876852952,186.7182572434116,,,197.32950434690042,217.1673387685295
FL,12,Brevard,12009,2010,51669459081.0,49414869478.0,,29089009692.0,32400672520.0,0.630039628726591,,,0.7221767201275062,0.9143736598159571,163.00396287265912,,,172.21767201275063,191.43736598159572
FL,12,Brevard,12009,2011,43752659362.0,42789931256.0,,24922195924.0,27855385828.0,0.3802847928102444,,,0.47548596838528034,0.6458182119589504,138.02847928102443,,,147.54859683852803,164.58182119589503
FL,12,Brevard,12009,2012,43002295084.0,42114415744.0,,24626876502.0,27461382568.0,0.35661271396762717,,,0.45800196879385435,0.6225387734732206,135.66127139676271,,,145.80019687938542,162.25387734732206
FL,12,Brevard,12009,2013,45463019488.0,43322075818.0,,25745155761.0,28719897126.0,0.43424229177308904,,,0.5242082276814126,0.6968973263348301,143.42422917730892,,,152.42082276814125,169.689732633483
FL,12,Brevard,12009,2014,49719790258.0,45773062871.0,,27990267285.0,31239850632.0,0.5685325508336203,,,0.6571271149746483,0.8457872178291959,156.85325508336203,,,165.71271149746482,184.5787217829196
FL,12,Brevard,12009,2015,53424677382.0,47678128049.0,,29684313125.0,33176571442.0,0.6854122886805296,,,0.7574208801927607,0.9602171668616681,168.54122886805297,,,175.74208801927605,196.02171668616683
FL,12,Brevard,12009,2016,58247872830.0,50557206710.0,,31955961369.0,35861069662.0,0.8375718014210982,,,0.891910839237714,1.1188290808279162,183.75718014210983,,,189.1910839237714,211.88290808279163
FL,12,Brevard,12009,2017,63619870438.0,53645296948.0,,34478856166.0,,1.00704462235265,,,1.041275521388414,,200.704462235265,,,204.1275521388414,
FL,12,Brevard,12009,2018,69481505378.0,57738431359.0,,37701442889.0,42313877975.0,1.1919642520772404,,,1.2320645476119125,1.5000892617276627,219.19642520772405,,,223.20645476119125,250.00892617276628
FL,12,Brevard,12009,2019,73934215396.0,61536303295.0,,40758855779.0,45576539946.0,1.332435894584465,,,1.413074673385422,1.6928616226812867,233.2435894584465,,,241.3074673385422,269.2861622681287
FL,12,Brevard,12009,2020,78137242972.0,65379610882.0,,43808791135.0,48859110983.0,1.465030692969532,,,1.5936421015519966,1.8868102984635127,246.5030692969532,,,259.36421015519966,288.6810298463513
FL,12,Brevard,12009,2021,83120802549.0,69227483720.0,,46975130599.0,51933299702.0,1.6222492849020549,,,1.7811010824750038,2.0684468341040687,262.2249284902055,,,278.11010824750036,306.84468341040684
FL,12,Brevard,12009,2022,107051242217.0,77480124167.0,,54033535556.0,62656461446.0,2.377193611502036,,,2.1989847033643413,2.702018201488135,337.71936115020355,,,319.8984703364341,370.2018201488135
FL,12,Broward,12011,2000,95852432399.0,,,75882216739.0,76307374909.0,0.0,,,0.0,0.0,100.0,,,100.0,100.0
FL,12,Broward,12011,2001,106747473625.0,,,83221357649.0,83625286109.0,0.11366473393860033,,,0.09671753442895947,0.0959004448616787,111.36647339386003,,,109.67175344289595,109.59004448616787
FL,12,Broward,12011,2002,122591830927.0,,,92692454610.0,93147650120.0,0.2789642146658655,,,0.22153066414519107,0.2206900084177026,127.89642146658655,,,122.1530664145191,122.06900084177026
FL,12,Broward,12011,2003,141683830686.0,,,103684663718.0,104243010868.0,0.47814538598478107,,,0.3663894937944112,0.3660935262458511,147.8145385984781,,,136.63894937944113,136.6093526245851
FL,12,Broward,12011,2004,161014225805.0,,,115385342781.0,116014564631.0,0.6798136653930111,,,0.5205847659652936,0.5203584813309674,167.98136653930112,,,152.05847659652935,152.03584813309675
FL,12,Broward,12011,2005,190803745517.0,,,132920425605.0,133596083095.0,0.9905988897887437,,,0.7516676675667668,0.7507624034284941,199.05988897887437,,,175.16676675667668,175.07624034284942
FL,12,Broward,12011,2006,237336935508.0,,,158372241515.0,159067702615.0,1.4760658604890664,,,1.0870797970982822,1.0845652573515396,247.60658604890665,,,208.7079797098282,208.45652573515397
FL,12,Broward,12011,2007,264285400516.0,,,175891436609.0,176599058974.0,1.7572112037373526,,,1.3179533251379016,1.314311810419404,275.7211203737353,,,231.79533251379016,231.4311810419404
FL,12,Broward,12011,2008,249148710685.0,,,166802936579.0,176830926919.0,1.5992946078601475,,,1.1981821795312801,1.3173504150795239,259.9294607860148,,,219.81821795312803,231.7350415079524
FL,12,Broward,12011,2009,211445745049.0,,,148470942063.0,158679638666.0,1.2059507490516843,,,0.9565973220533595,1.0794797207377749,220.59507490516842,,,195.65973220533596,207.9479720737775
FL,12,Broward,12011,2010,180749926763.0,169394741322.0,,129420879372.0,138674912492.0,0.8857103804168638,,,0.7055495336561981,0.8173199203533881,188.5710380416864,,,170.5549533656198,181.7319920353388
FL,12,Broward,12011,2011,177994409411.0,165456772616.0,,125869410767.0,135127632334.0,0.8569628850947861,,,0.6587471502042832,0.7708331926651366,185.69628850947862,,,165.8747150204283,177.08331926651366
FL,12,Broward,12011,2012,177737782240.0,165973240317.0,,126861238080.0,136313968880.0,0.8542855699283671,,,0.671817766161793,0.7863800064221915,185.42855699283672,,,167.1817766161793,178.63800064221914
FL,12,Broward,12011,2013,185676484234.0,171119684135.0,,131921960395.0,141929577245.0,0.9371076934291456,,,0.7385095752902291,0.8599719544048978,193.71076934291455,,,173.8509575290229,185.99719544048978
FL,12,Broward,12011,2014,205666773857.0,180209475924.0,,140673105993.0,153372086202.0,1.1456604564908845,,,0.8538349568364736,1.0099248124431375,214.56604564908847,,,185.38349568364737,200.99248124431375
FL,12,Broward,12011,2015,224087008814.0,190654243992.0,,150623153459.0,164682294771.0,1.3378333048576638,,,0.9849598487228506,1.1581438880238126,233.78333048576638,,,198.49598487228505,215.81438880238127
FL,12,Broward,12011,2016,243327482043.0,203504056958.0,,162869429209.0,178748503189.0,1.5385634558559054,,,1.146345167658927,1.3424800473370455,253.85634558559053,,,214.6345167658927,234.24800473370456
FL,12,Broward,12011,2017,262062334473.0,218926047452.0,,177301192592.0,,1.7340186150115269,,,1.3365315381050968,,273.40186150115267,,,233.65315381050968,
FL,12,Broward,12011,2018,278028614023.0,232150049517.0,,189147336120.0,204990002220.0,1.900590074393361,,,1.4926437872865526,1.686372090043195,290.0590074393361,,,249.26437872865526,268.6372090043195
FL,12,Broward,12011,2019,293553743860.0,244420981303.0,,200395029273.0,216893060233.0,2.062559149652446,,,1.6408694669828496,1.842360394282398,306.2559149652446,,,264.086946698285,284.2360394282398
FL,12,Broward,12011,2020,304043134351.0,256229884130.0,,210890470321.0,226444029861.0,2.171991849777742,,,1.7791817290520968,1.9675248313946687,317.1991849777742,,,277.9181729052097,296.75248313946685
FL,12,Broward,12011,2021,319625903501.0,268016436386.0,,221522571655.0,237029014835.0,2.334562258895107,,,1.919294943859323,2.106239929203014,333.45622588951073,,,291.9294943859323,310.6239929203014
FL,12,Broward,12011,2022,372739834105.0,293270879077.0,,245441862310.0,267327031210.0,2.888684144742567,,,2.2345109678886605,2.503292198543058,388.86841447425667,,,323.45109678886604,350.3292198543058
FL,12,Calhoun,12013,2000,460519895.0,,,226293546.0,228678236.0,0.0,,,0.0,0.0,100.0,,,100.0,100.0
FL,12,Calhoun,12013,2001,482625983.0,,,239553623.0,242031302.0,0.048002460349731546,,,0.058596797099993214,0.05839237801362085,104.80024603497316,,,105.85967970999933,105.83923780136209
FL,12,Calhoun,12013,2002,497117456.0,,,242538422.0,245799685.0,0.07947009759480639,,,0.07178674021927245,0.0748713533018508,107.94700975948064,,,107.17867402192725,107.48713533018508
FL,12,Calhoun,12013,2003,511031665.0,,,247536189.0,251561995.0,0.10968422982029913,,,0.09387206738984943,0.10006968481250667,110.9684229820299,,,109.38720673898494,110.00696848125067
FL,12,Calhoun,12013,2004,537316968.0,,,256450246.0,260738604.0,0.1667616835533241,,,0.13326363271535824,0.14019859764879428,116.67616835533241,,,113.32636327153583,114.01985976487943
FL,12,Calhoun,12013,2005,578449876.0,,,274080633.0,279385618.0,0.2560801005133557,,,0.21117300004658546,0.2217411804768339,125.60801005133557,,,121.11730000465855,122.1741180476834
FL,12,Calhoun,12013,2006,865961583.0,,,318671960.0,324205199.0,0.8803999401589371,,,0.4082238120922812,0.4177352627470854,188.0399940158937,,,140.82238120922813,141.77352627470853
FL,12,Calhoun,12013,2007,952736831.0,,,363668318.0,369763350.0,1.0688288200882181,,,0.6070644719138389,0.6169590795689013,206.8828820088218,,,160.7064471913839,161.69590795689012
FL,12,Calhoun,12013,2008,980122459.0,,,347287928.0,382917219.0,1.128295584276549,,,0.5346788900466477,0.6744803777478849,212.8295584276549,,,153.46788900466478,167.4480377747885
FL,12,Calhoun,12013,2009,997134570.0,,,357344105.0,394379958.0,1.1652366832056194,,,0.5791175281684791,0.724606437842209,216.52366832056194,,,157.9117528168479,172.4606437842209
FL,12,Calhoun,12013,2010,999798930.0,543897552.0,,363788518.0,403888883.0,1.1710222312979552,,,0.6075956403988649,0.7661885541219584,217.10222312979553,,,160.7595640398865,176.61885541219584
FL,12,Calhoun,12013,2011,996331178.0,545880826.0,,364441318.0,405597931.0,1.1634921505399891,,,0.610480389043,0.7736621468428679,216.3492150539989,,,161.0480389043,177.3662146842868
FL,12,Calhoun,12013,2012,1016982569.0,583341671.0,,400395519.0,442612567.0,1.2083357962200525,,,0.7693634046461051,0.9355255434102614,220.83357962200526,,,176.9363404646105,193.55255434102614
FL,12,Calhoun,12013,2013,905848635.0,575140973.0,,390232987.0,432085016.0,0.9670130320862684,,,0.7244547796338832,0.8894890198470833,196.70130320862685,,,172.44547796338833,188.94890198470833
FL,12,Calhoun,12013,2014,903776932.0,576508057.0,,393306434.0,434675820.0,0.9625144142795394,,,0.7380364617203885,0.9008184932824128,196.25144142795395,,,173.80364617203884,190.08184932824128
FL,12,Calhoun,12013,2015,910163013.0,588573858.0,,404735692.0,446541161.0,0.9763815263616353,,,0.7885427982996918,0.9527051144473582,197.63815263616354,,,178.8542798299692,195.2705114447358
FL,12,Calhoun,12013,2016,914070813.0,594107521.0,,407447269.0,449708602.0,0.9848671532420983,,,0.8005253627516182,0.9665561964541305,198.48671532420983,,,180.05253627516183,196.65561964541305
FL,12,Calhoun,12013,2017,913343916.0,595613351.0,,408284519.0,,0.9832887263209333,,,0.8042252031350465,,198.32887263209332,,,180.42252031350466,
FL,12,Calhoun,12013,2018,914029507.0,597879983.0,,409020225.0,452929708.0,0.9847774589629836,,,0.8074763166246022,0.9806419531765147,198.47774589629836,,,180.7476316624602,198.06419531765147
FL,12,Calhoun,12013,2019,878117082.0,567503355.0,,385521820.0,424927604.0,0.9067951059964521,,,0.7036359490340922,0.8581899678463498,190.6795105996452,,,170.36359490340922,185.81899678463498
FL,12,Calhoun,12013,2020,954999091.0,615699711.0,,427733108.0,472401366.0,1.0737412245783649,,,0.8901692759721924,1.065790668421983,207.37412245783648,,,189.01692759721925,206.5790668421983
FL,12,Calhoun,12013,2021,979497025.0,642546606.0,,450980818.0,497847374.0,1.1269374800843295,,,0.9929018125863829,1.17706495689428,212.69374800843295,,,199.29018125863828,217.70649568942798
FL,12,Calhoun,12013,2022,1060974307.0,683041501.0,,486890058.0,541776871.0,1.3038620448743043,,,1.1515861437780468,1.3691667404675973,230.38620448743043,,,215.15861437780467,236.91667404675974
FL,12,Charlotte,12015,2000,10308847295.0,,,7664355569.0,7664355569.0,0.0,,,0.0,0.0,100.0,,,100.0,100.0
FL,12,Charlotte,12015,2001,11196449548.0,,,8468318051.0,8468318051.0,0.0861010186299398,,,0.1048962922925687,0.1048962922925687,108.61010186299399,,,110.48962922925686,110.48962922925686
FL,12,Charlotte,12015,2002,12639120914.0,,,9483025806.0,9483025806.0,0.22604599256506885,,,0.23728938729773597,0.23728938729773597,122.60459925650689,,,123.7289387297736,123.7289387297736
FL,12,Charlotte,12015,2003,14721901214.0,,,11025783488.0,11025783488.0,0.42808412936142926,,,0.43857932852123405,0.43857932852123405,142.80841293614293,,,143.8579328521234,143.8579328521234
FL,12,Charlotte,12015,2004,17449380507.0,,,12993261715.0,12993261715.0,0.6926606833591671,,,0.6952843064267287,0.6952843064267287,169.2660683359167,,,169.52843064267287,169.52843064267287
FL,12,Charlotte,12015,2005,22119382804.0,,,16124095741.0,16124095741.0,1.145669847561749,,,1.1037771011325583,1.1037771011325583,214.56698475617492,,,210.37771011325583,210.37771011325583
FL,12,Charlotte,12015,2006,33636026762.0,,,24280088571.0,24280088571.0,2.2628310226609094,,,2.1679230370268328,2.1679230370268328,326.28310226609096,,,316.7923037026833,316.7923037026833
FL,12,Charlotte,12015,2007,31843436715.0,,,23588710212.0,23588710212.0,2.0889425174087806,,,2.0777160584001604,2.0777160584001604,308.8942517408781,,,307.77160584001604,307.77160584001604
FL,12,Charlotte,12015,2008,25707899373.0,,,18850841938.0,19947822855.0,1.4937705096736522,,,1.4595468944898582,1.6026745073888415,249.37705096736522,,,245.95468944898582,260.2674507388842
FL,12,Charlotte,12015,2009,21546082283.0,,,15691668798.0,16748151548.0,1.090057371734499,,,1.0473565790016388,1.1852002294545425,209.00573717344992,,,204.7356579001639,218.52002294545426
FL,12,Charlotte,12015,2010,18409712926.0,17403493867.0,,13523963821.0,14637269334.0,0.7858168230825462,,,0.7645271933494766,0.9097847434431836,178.5816823082546,,,176.45271933494766,190.97847434431836
FL,12,Charlotte,12015,2011,17103812975.0,16242035217.0,,12467131740.0,13434882598.0,0.6591392311433011,,,0.6266379642439577,0.7529043997306226,165.91392311433012,,,162.66379642439577,175.29043997306226
FL,12,Charlotte,12015,2012,16490876975.0,15604672023.0,,11821364785.0,12817008800.0,0.5996819530927002,,,0.5423820931291139,0.6722878635538418,159.96819530927002,,,154.23820931291138,167.2287863553842
FL,12,Charlotte,12015,2013,17158584851.0,15812404998.0,,12033676513.0,13168898802.0,0.6644523252684382,,,0.5700832776694993,0.7182003996871196,166.44523252684382,,,157.00832776694992,171.82003996871197
FL,12,Charlotte,12015,2014,18407543055.0,16316192116.0,,12516538453.0,13901966696.0,0.7856063367946124,,,0.633084261333805,0.8138467834437706,178.56063367946123,,,163.3084261333805,181.38467834437705
FL,12,Charlotte,12015,2015,19591032262.0,17047338572.0,,13154406553.0,14686470266.0,0.9004095900714377,,,0.7163095363432244,0.9162041914394381,190.04095900714378,,,171.63095363432242,191.62041914394382
FL,12,Charlotte,12015,2016,21347917824.0,18102259328.0,,14005967751.0,15755624909.0,1.0708346154622128,,,0.8274162289194806,1.0557011959005056,207.0834615462213,,,182.74162289194805,205.57011959005055
FL,12,Charlotte,12015,2017,23032300159.0,19433038115.0,,15198971608.0,,1.2342265337630067,,,0.9830723498104972,,223.42265337630067,,,198.30723498104973,
FL,12,Charlotte,12015,2018,24912799742.0,20874485413.0,,16447132803.0,18429398536.0,1.4166426205656584,,,1.1459250754914971,1.4045594401362775,241.66426205656583,,,214.5925075491497,240.45594401362774
FL,12,Charlotte,12015,2019,26354918508.0,22328327517.0,,17658027010.0,19577496681.0,1.556533990059458,,,1.3039154239426702,1.5543565280537157,255.6533990059458,,,230.39154239426702,255.43565280537157
FL,12,Charlotte,12015,2020,27761533310.0,23785769630.0,,18862958761.0,20727914721.0,1.6929813310422115,,,1.4611278262317269,1.704456302215172,269.29813310422117,,,246.11278262317268,270.4456302215172
FL,12,Charlotte,12015,2021,29669902177.0,25283338046.0,,20179714013.0,22302579226.0,1.8781008514298687,,,1.6329303007053637,1.9099092578907988,287.81008514298685,,,263.29303007053636,290.9909257890799
FL,12,Charlotte,12015,2022,40996196307.0,29272653842.0,,23768035240.0,28517793447.0,2.9767973211596592,,,2.10111333249393,2.720833824874442,397.6797321159659,,,310.111333249393,372.08338248744417
FL,12,Citrus,12017,2000,6985985181.0,,,5204454659.0,5204454659.0,0.0,,,0.0,0.0,100.0,,,100.0,100.0
FL,12,Citrus,12017,2001,7447698897.0,,,5585697765.0,5585697765.0,0.06609142505136378,,,0.07325322843205506,0.07325322843205506,106.60914250513638,,,107.32532284320551,107.32532284320551
FL,12,Citrus,12017,2002,8061311757.0,,,5948729040.0,5948729040.0,0.153926260668946,,,0.14300717938102037,0.14300717938102037,115.3926260668946,,,114.30071793810204,114.30071793810204
FL,12,Citrus,12017,2003,8890780429.0,,,6486030723.0,6486030723.0,0.27265950308347775,,,0.24624598502050277,0.24624598502050277,127.26595030834777,,,124.62459850205028,124.62459850205028
FL,12,Citrus,12017,2004,9821480006.0,,,7109551093.0,7109551093.0,0.4058833151710346,,,0.3660511155968167,0.3660511155968167,140.58833151710346,,,136.60511155968166,136.60511155968166
FL,12,Citrus,12017,2005,12238525994.0,,,8724672100.0,8724672100.0,0.751868301594097,,,0.6763854566227281,0.6763854566227281,175.1868301594097,,,167.6385456622728,167.6385456622728
FL,12,Citrus,12017,2006,17256544872.0,,,11588898189.0,11588898189.0,1.470166257857683,,,1.2267267078519861,1.2267267078519861,247.0166257857683,,,222.67267078519862,222.67267078519862
FL,12,Citrus,12017,2007,18011096509.0,,,12370343274.0,12370343274.0,1.5781755961901172,,,1.3768759811574331,1.3768759811574331,257.8175596190117,,,237.68759811574333,237.68759811574333
FL,12,Citrus,12017,2008,16717649599.0,,,10898127053.0,11717465012.0,1.393026776590868,,,1.0939998072908566,1.251429934496044,239.30267765908678,,,209.39998072908566,225.1429934496044
FL,12,Citrus,12017,2009,15334559706.0,,,10024972585.0,10839205206.0,1.1950461257355478,,,0.9262292097528291,1.0826783815391483,219.50461257355477,,,192.6229209752829,208.26783815391482
FL,12,Citrus,12017,2010,14415704322.0,13253519618.0,,9582636515.0,10382158375.0,1.0635177356526375,,,0.8412373904399115,0.9948599911512843,206.35177356526376,,,184.12373904399115,199.48599911512844
FL,12,Citrus,12017,2011,13735913477.0,12837063729.0,,9324931060.0,10088233325.0,0.9662099361959697,,,0.79172106800364,0.9383843238127825,196.62099361959696,,,179.172106800364,193.83843238127824
FL,12,Citrus,12017,2012,13233991902.0,12438588573.0,,9043459879.0,9756280076.0,0.8943630080969678,,,0.7376383255373846,0.8746018008108849,189.43630080969677,,,173.76383255373847,187.46018008108848
FL,12,Citrus,12017,2013,14263249842.0,13500946559.0,,10165511910.0,10861053962.0,1.04169483221811,,,0.9532328699263244,1.0868764690298747,204.16948322181102,,,195.32328699263243,208.68764690298747
FL,12,Citrus,12017,2014,11966344458.0,11186707662.0,,7873809232.0,8550443156.0,0.7129072203796305,,,0.5128980359899797,0.6429085689532952,171.29072203796306,,,151.28980359899796,164.2908568953295
FL,12,Citrus,12017,2015,13804417468.0,11225995159.0,,8094151446.0,8809019650.0,0.976015853217711,,,0.555235269847703,0.6925922555145465,197.6015853217711,,,155.52352698477029,169.25922555145465
FL,12,Citrus,12017,2016,14430544520.0,11503622523.0,,8321854156.0,9101954482.0,1.0656420169981464,,,0.5989867721508764,0.7488776593067443,206.56420169981465,,,159.89867721508764,174.88776593067442
FL,12,Citrus,12017,2017,14969705469.0,11888371537.0,,8667429638.0,,1.1428195281194657,,,0.6653867130942375,,214.28195281194658,,,166.53867130942373,
FL,12,Citrus,12017,2018,15969366080.0,12419025052.0,,9091747633.0,10002832538.0,1.2859146800700891,,,0.7469164838006133,0.9219751527092706,228.59146800700893,,,174.69164838006134,192.19751527092706
FL,12,Citrus,12017,2019,17535791058.0,13606055324.0,,10168777084.0,11157758113.0,1.5101385994480254,,,0.9538602505481064,1.1438861214219678,251.01385994480253,,,195.38602505481063,214.3886121421968
FL,12,Citrus,12017,2020,18397625273.0,14223290184.0,,10669071855.0,11687854372.0,1.6335047665197733,,,1.049988433764161,1.2457404546292543,263.3504766519773,,,204.9988433764161,224.57404546292543
FL,12,Citrus,12017,2021,19582134785.0,14867571347.0,,11195416635.0,12283778536.0,1.8030598802668716,,,1.1511219462042774,1.3602431649121605,280.30598802668715,,,215.11219462042774,236.02431649121604
FL,12,Citrus,12017,2022,23272866232.0,16023912656.0,,12168620466.0,13939824826.0,2.33136495841645,,,1.338116337502711,1.678441016273248,333.136495841645,,,233.81163375027108,267.8441016273248
FL,12,Clay,12019,2000,6215436079.0,,,4280721417.0,4280721417.0,0.0,,,0.0,0.0,100.0,,,100.0,100.0
FL,12,Clay,12019,2001,6938195713.0,,,4758097742.0,4777089729.0,0.11628462183723154,,,0.11151772762044243,0.11595435994240977,111.62846218372316,,,111.15177276204425,111.59543599424097
FL,12,Clay,12019,2002,7484103925.0,,,5153765629.0,5175164435.0,0.20411566137514137,,,0.20394791600613993,0.208946794446353,120.41156613751414,,,120.394791600614,120.8946794446353
FL,12,Clay,12019,2003,8220953761.0,,,5695161194.0,5718929199.0,0.3226672523873284,,,0.3304208891947149,0.3359732255148524,132.26672523873285,,,133.0420889194715,133.59732255148523
FL,12,Clay,12019,2004,9408558131.0,,,6413780506.0,6440362037.0,0.5137406308124628,,,0.49829430164013866,0.5045038930642469,151.37406308124628,,,149.82943016401387,150.45038930642468
FL,12,Clay,12019,2005,10992134485.0,,,7454554121.0,7482833967.0,0.7685218454967238,,,0.74142472607439,0.7480310531966579,176.8521845496724,,,174.142472607439,174.80310531966578
FL,12,Clay,12019,2006,13982192284.0,,,9194065347.0,9223032551.0,1.2495915180016768,,,1.147784088562192,1.154550986282974,224.9591518001677,,,214.7784088562192,215.45509862829738
FL,12,Clay,12019,2007,16451399457.0,,,10726397986.0,10780115928.0,1.6468616598896566,,,1.5057453968862182,1.5182942027455928,264.6861659889657,,,250.57453968862183,251.82942027455928
FL,12,Clay,12019,2008,16233772317.0,,,9913238379.0,11011328791.0,1.6118476822324346,,,1.3157868530364119,1.5723067955954302,261.18476822324345,,,231.57868530364118,257.23067955954303
FL,12,Clay,12019,2009,15242782787.0,,,9385820759.0,10514446991.0,1.4524076176248615,,,1.1925792044598262,1.456232482040071,245.24076176248616,,,219.25792044598262,245.6232482040071
FL,12,Clay,12019,2010,13716190239.0,12359339767.0,,8613994869.0,9741646709.0,1.2067945136372145,,,1.0122764435899287,1.2757020978550635,220.67945136372145,,,201.22764435899288,227.57020978550634
FL,12,Clay,12019,2011,12906975787.0,11897529087.0,,8135558720.0,9237330491.0,1.0766001971460386,,,0.900511135270637,1.1578910634819288,207.66001971460386,,,190.0511135270637,215.7891063481929
FL,12,Clay,12019,2012,12423346985.0,11600312541.0,,7939080171.0,9024630626.0,0.9987892767451305,,,0.8546126686664506,1.1082032084967142,199.87892767451305,,,185.46126686664505,210.82032084967142
FL,12,Clay,12019,2013,12644008484.0,11774618758.0,,8105187490.0,9192159967.0,1.034291451684319,,,0.8934162493760804,1.147338981344415,203.4291451684319,,,189.34162493760803,214.73389813444152
FL,12,Clay,12019,2014,13375715962.0,12282862845.0,,8464291976.0,9574328881.0,1.1520156899678091,,,0.9773050267615675,1.2366157356041745,215.2015689967809,,,197.73050267615676,223.66157356041745
FL,12,Clay,12019,2015,13994695156.0,12671836757.0,,8815259974.0,9938100646.0,1.2516031020387555,,,1.0592930759268793,1.321594814961069,225.16031020387555,,,205.92930759268793,232.1594814961069
FL,12,Clay,12019,2016,15122730259.0,13358775015.0,,9303882191.0,10476848251.0,1.4330923955754193,,,1.1734379055949673,1.4474492101712957,243.30923955754193,,,217.34379055949674,244.74492101712957
FL,12,Clay,12019,2017,16083455266.0,14066211978.0,,9929585600.0,,1.5876632084337459,,,1.3196056535159482,,258.7663208433746,,,231.96056535159482,
FL,12,Clay,12019,2018,17386973764.0,15036295705.0,,10622158963.0,11912170200.0,1.7973859827382195,,,1.4813945894297844,1.7827482892704203,279.73859827382194,,,248.13945894297845,278.27482892704205
FL,12,Clay,12019,2019,18543452114.0,15949148361.0,,11389211388.0,12696667440.0,1.9834515033711764,,,1.660582242696313,1.9660111469944788,298.3451503371176,,,266.0582242696313,296.60111469944786
FL,12,Clay,12019,2020,19705653330.0,16919760109.0,,12216550966.0,13532116403.0,2.1704377745238492,,,1.8538533055396909,2.161176606648589,317.0437774523849,,,285.3853305539691,316.1176606648589
FL,12,Clay,12019,2021,21198286499.0,17949826936.0,,13020087703.0,14389019151.0,2.4105871622784973,,,2.041563894182278,2.361353788138837,341.05871622784974,,,304.1563894182278,336.13537881388373
FL,12,Clay,12019,2022,26051665172.0,19901847988.0,,14655439086.0,16550811928.0,3.1914460772946196,,,2.423590946095897,2.8663604368814735,419.14460772946194,,,342.3590946095897,386.63604368814737
FL,12,Collier,12021,2000,33902799963.0,,,27742021485.0,27769185112.0,0.0,,,0.0,0.0,100.0,,,100.0,100.0
FL,12,Collier,12021,2001,41333321441.0,,,33395002460.0,33417120169.0,0.21917132172296494,,,0.20376961275358196,0.20338857745448702,121.91713217229649,,,120.3769612753582,120.3388577454487
FL,12,Collier,12021,2002,49671844946.0,,,39490423314.0,39511137275.0,0.46512515191104065,,,0.42348759030960714,0.4228410778221183,146.51251519110406,,,142.3487590309607,142.28410778221183
FL,12,Collier,12021,2003,57761717617.0,,,45985727314.0,46008242547.0,0.7037447550066236,,,0.6576199156526608,0.6568092423827838,170.37447550066236,,,165.76199156526607,165.68092423827838
FL,12,Collier,12021,2004,64236986518.0,,,51262812810.0,51290325797.0,0.8947398618434281,,,0.847839849656147,0.8470230793641735,189.4739861843428,,,184.7839849656147,184.70230793641736
FL,12,Collier,12021,2005,78249901963.0,,,61441821529.0,61468215721.0,1.3080660608680832,,,1.2147564683496963,1.2135404936473098,230.80660608680833,,,221.47564683496964,221.35404936473097
FL,12,Collier,12021,2006,102357800980.0,,,77037903134.0,77065391019.0,2.0191547922799513,,,1.7769390624851935,1.7752125497444808,301.91547922799515,,,277.69390624851934,277.5212549744481
FL,12,Collier,12021,2007,107935862503.0,,,82542090227.0,82606091895.0,2.1836857905776625,,,1.975345191468119,1.9747395021434433,318.3685790577663,,,297.53451914681193,297.4739502143443
FL,12,Collier,12021,2008,101765979722.0,,,78662966910.0,80673457620.0,2.001698379870183,,,1.8355167611896182,1.9051431395852623,300.1698379870183,,,283.55167611896184,290.5143139585262
FL,12,Collier,12021,2009,87366644295.0,,,69976749096.0,71995229160.0,1.5769743027227263,,,1.5224098803988078,1.5926302435460533,257.69743027227264,,,252.2409880398808,259.2630243546053
FL,12,Collier,12021,2010,74808032058.0,70431500362.0,,61439779385.0,63495289602.0,1.2065443603372623,,,1.2146828564104544,1.2865377340353263,220.65443603372623,,,221.46828564104544,228.65377340353263
FL,12,Collier,12021,2011,70336762793.0,66935751088.0,,58211791976.0,60279407990.0,1.0746594048209115,,,1.0983255314496416,1.1707301725591952,207.46594048209116,,,209.83255314496415,217.07301725591952
FL,12,Collier,12021,2012,70829658821.0,67179389699.0,,58497796462.0,60716592631.0,1.0891979098570124,,,1.108634963520215,1.1864736896713008,208.91979098570124,,,210.8634963520215,218.6473689671301
FL,12,Collier,12021,2013,74164539075.0,69389807154.0,,60649643777.0,63073779825.0,1.1875638341358195,,,1.1862013123230049,1.2713586866380062,218.75638341358194,,,218.62013123230048,227.13586866380064
FL,12,Collier,12021,2014,81261425837.0,73523931756.0,,64597046689.0,67845251955.0,1.3968942366319328,,,1.328490976186698,1.4431848353260386,239.68942366319328,,,232.84909761866982,244.31848353260386
FL,12,Collier,12021,2015,90999965960.0,79324399038.0,,70088827067.0,74457046336.0,1.6841430813771514,,,1.526449887759504,1.6812830853947025,268.4143081377151,,,252.6449887759504,268.12830853947025
FL,12,Collier,12021,2016,102036066350.0,86657591807.0,,77120332382.0,82487630358.0,2.0096648790470875,,,1.7799103401206238,1.9704735672043294,300.96648790470874,,,277.99103401206236,297.04735672043296
FL,12,Collier,12021,2017,108901650155.0,93461265421.0,,83598490858.0,,2.212172748972073,,,2.0134246310493764,,321.2172748972073,,,301.3424631049376,
FL,12,Collier,12021,2018,112272221732.0,98603715759.0,,88286266672.0,92419089302.0,2.311591427685291,,,2.182402072600803,2.328116721079532,331.15914276852914,,,318.2402072600803,332.8116721079532
FL,12,Collier,12021,2019,118071402171.0,103864593339.0,,93187982609.0,97992171680.0,2.482644569175934,,,2.35909128537682,2.528809768265554,348.2644569175934,,,335.90912853768197,352.8809768265554
FL,12,Collier,12021,2020,124947504137.0,110289280351.0,,99168131887.0,103801217247.0,2.685462683712322,,,2.5746541376092513,2.738000118777126,368.5462683712322,,,357.4654137609251,373.80001187771256
FL,12,Collier,12021,2021,131681280421.0,116301682589.0,,104679006577.0,109160305712.0,2.884082747286686,,,2.7733013303878926,2.930987001301243,388.40827472866863,,,377.33013303878926,393.0987001301243
FL,12,Collier,12021,2022,185310543961.0,134550994818.0,,122150213067.0,141646349123.0,4.465936269666211,,,3.4030754259579146,4.100846443700282,546.5936269666212,,,440.30754259579146,510.0846443700282
FL,12,Columbia,12023,2000,2326990990.0,,,1282626059.0,1282626059.0,0.0,,,0.0,0.0,100.0,,,100.0,100.0
FL,12,Columbia,12023,2001,2516249983.0,,,1360729564.0,1368781954.0,0.08133206953242222,,,0.0608934337891851,0.06717148337620049,108.13320695324222,,,106.08934337891851,106.71714833762005
FL,12,Columbia,12023,2002,2699883674.0,,,1453681731.0,1466631653.0,0.16024672446196275,,,0.13336363377285787,0.14346004644834687,116.02467244619628,,,113.33636337728579,114.3460046448347
FL,12,Columbia,12023,2003,2814186535.0,,,1540362022.0,1557697786.0,0.2093671815205438,,,0.20094396273294501,0.21445979915179625,120.93671815205438,,,120.0943962732945,121.44597991517962
FL,12,Columbia,12023,2004,2958727145.0,,,1649204879.0,1668147617.0,0.2714819944360851,,,0.28580334652315065,0.30057206096418465,127.14819944360852,,,128.58033465231506,130.05720609641847
FL,12,Columbia,12023,2005,3365849375.0,,,1869266473.0,1889280479.0,0.4464385076970152,,,0.4573744700441955,0.47297839907679595,144.64385076970152,,,145.73744700441955,147.2978399076796
FL,12,Columbia,12023,2006,4431481218.0,,,2322144290.0,2344127720.0,0.9043826284862408,,,0.8104608694840185,0.8276002608489026,190.43826284862408,,,181.04608694840186,182.76002608489026
FL,12,Columbia,12023,2007,4927508932.0,,,2625181297.0,2651359658.0,1.1175453421072334,,,1.0467238121192732,1.0671337833780905,211.75453421072334,,,204.67238121192733,206.71337833780905
FL,12,Columbia,12023,2008,5091187452.0,,,2564084245.0,2810618069.0,1.1878844713532817,,,0.9990894672755124,1.191299677157113,218.78844713532817,,,199.90894672755124,219.1299677157113
FL,12,Columbia,12023,2009,4803919284.0,,,2547547990.0,2802965710.0,1.0644339856253588,,,0.986196968418213,1.1853335119242265,206.4433985625359,,,198.6196968418213,218.53335119242266
FL,12,Columbia,12023,2010,4537344857.0,3688292661.0,,2446401713.0,2703537400.0,0.9498764183010437,,,0.907338226783992,1.1078141840559628,194.98764183010437,,,190.7338226783992,210.78141840559627
FL,12,Columbia,12023,2011,4320062087.0,3575927939.0,,2261716683.0,2625429811.0,0.8565014241847151,,,0.7633484577440666,1.0469175661742889,185.65014241847152,,,176.33484577440666,204.6917566174289
FL,12,Columbia,12023,2012,4124211760.0,3483005489.0,,2211416344.0,2548133203.0,0.7723367979177265,,,0.7241317751832765,0.9866532300042721,177.23367979177266,,,172.41317751832764,198.6653230004272
FL,12,Columbia,12023,2013,4144213591.0,3498142931.0,,2225505761.0,2568584704.0,0.7809323752474004,,,0.7351165956624308,1.002598252215925,178.09323752474003,,,173.51165956624308,200.25982522159248
FL,12,Columbia,12023,2014,4144757126.0,3521567064.0,,2284703454.0,2596824452.0,0.7811659537194857,,,0.7812701043835568,1.0246153848025008,178.11659537194856,,,178.12701043835568,202.46153848025008
FL,12,Columbia,12023,2015,4188573617.0,3554300136.0,,2308305124.0,2623004435.0,0.7999956316977404,,,0.7996711573127331,1.045026620654368,179.99956316977404,,,179.9671157312733,204.5026620654368
FL,12,Columbia,12023,2016,4230895867.0,3597467795.0,,2336755919.0,2660437780.0,0.8181831752601672,,,0.8218528327904493,1.074211545393216,181.81831752601673,,,182.18528327904494,207.4211545393216
FL,12,Columbia,12023,2017,4296943424.0,3675765535.0,,2405208669.0,,0.8465664209555019,,,0.8752220509812674,,184.65664209555018,,,187.52220509812673,
FL,12,Columbia,12023,2018,4579759493.0,3878253628.0,,2564315570.0,2904421672.0,0.9681036637791194,,,0.9992698199187298,1.264433699611899,196.81036637791195,,,199.92698199187296,226.4433699611899
FL,12,Columbia,12023,2019,4966386943.0,4152256841.0,,2853296809.0,3172151712.0,1.1342527600418428,,,1.22457417653324,1.4731695490992673,213.4252760041843,,,222.457417653324,247.31695490992672
FL,12,Columbia,12023,2020,5220026625.0,4359132364.0,,3035433227.0,3360022864.0,1.2432517562089918,,,1.366576919048859,1.619643379629791,224.3251756208992,,,236.6576919048859,261.96433796297913
FL,12,Columbia,12023,2021,5672533454.0,4678853388.0,,3222399320.0,3564581786.0,1.4377118254334107,,,1.5123451199115236,1.7791278377574269,243.77118254334107,,,251.23451199115237,277.9127837757427
FL,12,Columbia,12023,2022,6575467254.0,5153551261.0,,3584307158.0,3998166532.0,1.8257381666956949,,,1.7945067331584599,2.117172385470768,282.5738166695695,,,279.45067331584596,311.71723854707676
FL,12,DeSoto,12027,2000,1630358632.0,,,776439801.0,776907318.0,0.0,,,0.0,0.0,100.0,,,100.0,100.0
FL,12,DeSoto,12027,2001,1753146720.0,,,860119882.0,860588600.0,0.07531354487900188,,,0.10777407455442889,0.10771076557165338,107.53135448790019,,,110.77740745544288,110.77107655716534
FL,12,DeSoto,12027,2002,1785138836.0,,,861104943.0,861104943.0,0.09493629251996372,,,0.10904276402492141,0.10837537895350335,109.49362925199637,,,110.90427640249214,110.83753789535034
FL,12,DeSoto,12027,2003,1942593381.0,,,1011648434.0,1011648434.0,0.19151292413312415,,,0.30293222049805757,0.30214815919651317,119.15129241331242,,,130.29322204980576,130.21481591965133
FL,12,DeSoto,12027,2004,2068894535.0,,,1078923461.0,1078923461.0,0.2689812501327009,,,0.3895777362397217,0.388741534546853,126.89812501327009,,,138.95777362397217,138.8741534546853
FL,12,DeSoto,12027,2005,2382583715.0,,,1153866024.0,1153866024.0,0.4613862669449773,,,0.48609850050693115,0.4852042158264238,146.13862669449773,,,148.60985005069313,148.52042158264237
FL,12,DeSoto,12027,2006,3976255183.0,,,1749018160.0,1749018160.0,1.4388837553626055,,,1.252612704484478,1.251257157034528,243.88837553626055,,,225.2612704484478,225.12571570345278
FL,12,DeSoto,12027,2007,4140474325.0,,,1857921986.0,1863901928.0,1.539609533591257,,,1.3928731932689784,1.3991303528949381,253.9609533591257,,,239.28731932689783,239.91303528949382
FL,12,DeSoto,12027,2008,4150820245.0,,,1803073920.0,1903101906.0,1.5459553275760496,,,1.3222327316010425,1.449586793569114,254.59553275760496,,,232.22327316010424,244.9586793569114
FL,12,DeSoto,12027,2009,3878992291.0,,,1676592919.0,1782594876.0,1.3792263952634443,,,1.1593340743746854,1.2944755889144552,237.92263952634443,,,215.93340743746853,229.4475588914455
FL,12,DeSoto,12027,2010,3328752884.0,2040848813.0,,1508624849.0,1605505160.0,1.0417304626507478,,,0.9430029824037833,1.0665337071776686,204.1730462650748,,,194.30029824037834,206.65337071776685
FL,12,DeSoto,12027,2011,3205370935.0,1955426957.0,,1440795986.0,1530338241.0,0.9660526660124433,,,0.8556441647431725,0.9697822449910298,196.60526660124432,,,185.56441647431726,196.978224499103
FL,12,DeSoto,12027,2012,3126406575.0,1947379956.0,,1392565127.0,1477920457.0,0.9176189297472312,,,0.7935262015245403,0.9023124415980852,191.76189297472314,,,179.35262015245402,190.2312441598085
FL,12,DeSoto,12027,2013,3131776197.0,1951286610.0,,1397632981.0,1483575110.0,0.920912451733503,,,0.800053241989845,0.9095908554693264,192.0912451733503,,,180.00532419898448,190.95908554693264
FL,12,DeSoto,12027,2014,3149816354.0,1955688141.0,,1397296509.0,1484837112.0,0.9319775981656531,,,0.7996198896558111,0.911215247428008,193.1977598165653,,,179.9619889655811,191.1215247428008
FL,12,DeSoto,12027,2015,3175741472.0,1955250008.0,,1387223022.0,1477704312.0,0.9478790798955945,,,0.7866459450086847,0.9020342295192538,194.78790798955944,,,178.66459450086847,190.20342295192538
FL,12,DeSoto,12027,2016,3233538054.0,1993742659.0,,1442485656.0,1538525542.0,0.9833293059167856,,,0.8578203411805778,0.9803205689459087,198.33293059167855,,,185.7820341180578,198.03205689459088
FL,12,DeSoto,12027,2017,3448913720.0,2128929495.0,,1567817890.0,,1.1154325510388685,,,1.019239467091667,,211.54325510388685,,,201.9239467091667,
FL,12,DeSoto,12027,2018,3710847087.0,2342382618.0,,1764692898.0,1891096973.0,1.2760925198695792,,,1.2728006675175583,1.4341345861798152,227.60925198695793,,,227.28006675175584,243.41345861798152
FL,12,DeSoto,12027,2019,4039543041.0,2472888494.0,,1865655245.0,2029534098.0,1.4777021213084853,,,1.4028330884083569,1.6123245990585455,247.77021213084853,,,240.28330884083567,261.23245990585457
FL,12,DeSoto,12027,2020,4200419020.0,2634356869.0,,1939797899.0,2098558004.0,1.5763773304571922,,,1.4983236259935109,1.7011690524454552,257.63773304571924,,,249.8323625993511,270.11690524454553
FL,12,DeSoto,12027,2021,4344447607.0,2723814220.0,,2024097569.0,2189952342.0,1.6647189898768238,,,1.6068956877186156,1.8188077152338007,266.4718989876824,,,260.68956877186156,281.8807715233801
FL,12,DeSoto,12027,2022,5757931967.0,3012349695.0,,2244178872.0,2609578220.0,2.531696556810085,,,1.8903449682894347,2.358931187207584,353.16965568100846,,,289.0344968289435,335.8931187207584
FL,12,Dixie,12029,2000,523588163.0,,,238666125.0,238666125.0,0.0,,,0.0,0.0,100.0,,,100.0,100.0
FL,12,Dixie,12029,2001,592756981.0,,,290325895.0,290325895.0,0.13210538909757585,,,0.21645204152872544,0.21645204152872544,113.21053890975759,,,121.64520415287254,121.64520415287254
FL,12,Dixie,12029,2002,619161654.0,,,307510001.0,307510001.0,0.18253562199036955,,,0.28845264907200385,0.28845264907200385,118.25356219903695,,,128.84526490720037,128.84526490720037
FL,12,Dixie,12029,2003,974690434.0,,,354979033.0,354979033.0,0.8615593378110804,,,0.4873456926490929,0.4873456926490929,186.15593378110805,,,148.73456926490928,148.73456926490928
FL,12,Dixie,12029,2004,907774233.0,,,397662019.0,397662019.0,0.733756217479653,,,0.6661854253510002,0.6661854253510002,173.3756217479653,,,166.61854253510003,166.61854253510003
FL,12,Dixie,12029,2005,1030639275.0,,,487228032.0,487228032.0,0.9684159189060964,,,1.0414628678451958,1.0414628678451958,196.84159189060964,,,204.1462867845196,204.1462867845196
FL,12,Dixie,12029,2006,1910675804.0,,,606786530.0,606786530.0,2.6491959502147875,,,1.5424074321397727,1.5424074321397727,364.91959502147876,,,254.24074321397728,254.24074321397728
FL,12,Dixie,12029,2007,1943931371.0,,,639659505.0,639659505.0,2.712710692048246,,,1.680143673510432,1.680143673510432,371.27106920482464,,,268.0143673510432,268.0143673510432
FL,12,Dixie,12029,2008,1902423321.0,,,612300795.0,633774565.0,2.63343454920695,,,1.5655119468671979,1.6554860477162396,363.343454920695,,,256.5511946867198,265.54860477162396
FL,12,Dixie,12029,2009,1757726638.0,,,552797809.0,575796845.0,2.3570786396865127,,,1.3161971938832964,1.4125620885661925,335.7078639686513,,,231.61971938832963,241.25620885661925
FL,12,Dixie,12029,2010,1713952943.0,865147702.0,,518528529.0,540301582.0,2.2734753459275585,,,1.1726104992905886,1.2638385820358882,327.34753459275584,,,217.26104992905886,226.38385820358883
FL,12,Dixie,12029,2011,1603450854.0,831519131.0,,478855666.0,501850421.0,2.062427624056123,,,1.0063830424196145,1.1027299999109634,306.24276240561227,,,200.63830424196146,210.27299999109636
FL,12,Dixie,12029,2012,1602865823.0,838402429.0,,478518372.0,501872879.0,2.0613102745029015,,,1.0049697961954172,1.102824097889887,306.13102745029016,,,200.49697961954172,210.2824097889887
FL,12,Dixie,12029,2013,1604096472.0,844380980.0,,480050761.0,504884011.0,2.063660688601167,,,1.0113904350690741,1.1154406013840465,306.3660688601167,,,201.1390435069074,211.54406013840466
FL,12,Dixie,12029,2014,1638713019.0,853433381.0,,486722913.0,510821162.0,2.1297747634527786,,,1.0393464426507952,1.1403169888479145,312.97747634527786,,,203.93464426507953,214.03169888479147
FL,12,Dixie,12029,2015,1512280107.0,862483657.0,,492913673.0,517579925.0,1.8883007941491603,,,1.0652854400682124,1.1686358925046445,288.83007941491604,,,206.52854400682122,216.86358925046446
FL,12,Dixie,12029,2016,1469477400.0,825492682.0,,503046546.0,528658948.0,1.8065519884566221,,,1.107741708212676,1.215056485288811,280.6551988456622,,,210.7741708212676,221.5056485288811
FL,12,Dixie,12029,2017,1349172677.0,813819744.0,,503707685.0,,1.5767822352393401,,,1.11051184997452,,257.67822352393404,,,211.051184997452,
FL,12,Dixie,12029,2018,1361857015.0,830196423.0,,518200313.0,544426395.0,1.6010080273720781,,,1.171235289465566,1.2811213572935833,260.1008027372078,,,217.1235289465566,228.11213572935833
FL,12,Dixie,12029,2019,1396307571.0,856969413.0,,542649813.0,569281008.0,1.6668050763401236,,,1.2736775610698836,1.3852610335882396,266.6805076340124,,,227.36775610698837,238.52610335882395
FL,12,Dixie,12029,2020,1452049579.0,890688255.0,,572564572.0,604696350.0,1.7732666274963131,,,1.399019014533378,1.53364967483341,277.32666274963134,,,239.9019014533378,253.36496748334102
FL,12,Dixie,12029,2021,1489272542.0,916751826.0,,596832283.0,631624988.0,1.8443586911264838,,,1.5006995986548155,1.64647941973332,284.4358691126484,,,250.06995986548156,264.64794197333197
FL,12,Dixie,12029,2022,1686618061.0,1001600681.0,,664431325.0,734757058.0,2.2212685087000335,,,1.7839364509730906,2.0785980121812426,322.12685087000335,,,278.39364509730905,307.8598012181243
FL,12,Duval,12031,2000,45911503166.0,,,30214698379.0,30392831735.0,0.0,,,0.0,0.0,100.0,,,100.0,100.0
FL,12,Duval,12031,2001,49209026100.0,,,32219300408.0,32407386779.0,0.07182345831887282,,,0.06634526030527077,0.06628388764710147,107.18234583188729,,,106.63452603052707,106.62838876471015
FL,12,Duval,12031,2002,52707515561.0,,,34872464499.0,35067228240.0,0.14802417534507617,,,0.15415563847684366,0.15379930852632673,114.80241753450761,,,115.41556384768437,115.37993085263267
FL,12,Duval,12031,2003,57041508541.0,,,37439102090.0,37643488665.0,0.24242302271737382,,,0.23910229453162923,0.23856470477050795,124.24230227173739,,,123.91022945316293,123.85647047705079
FL,12,Duval,12031,2004,61676160029.0,,,40436667471.0,40650916704.0,0.3433705231998285,,,0.3383111412789921,0.3375165913608149,134.33705231998286,,,133.8311141278992,133.75165913608149
FL,12,Duval,12031,2005,68661525459.0,,,45623990950.0,45840730147.0,0.4955190033910204,,,0.5099932614819633,0.5082744032110176,149.55190033910205,,,150.99932614819633,150.82744032110176
FL,12,Duval,12031,2006,78317335692.0,,,52461413629.0,52682843070.0,0.7058325319655032,,,0.7362878480846278,0.733396990755919,170.58325319655032,,,173.62878480846277,173.3396990755919
FL,12,Duval,12031,2007,92633105648.0,,,61177744704.0,61436184809.0,1.017644800543144,,,1.0247676788499773,1.0214037752280536,201.7644800543144,,,202.47676788499774,202.14037752280535
FL,12,Duval,12031,2008,99287242092.0,,,61069329546.0,65401744384.0,1.162578771011089,,,1.0211795193178155,1.1518805800738923,216.2578771011089,,,202.11795193178153,215.18805800738923
FL,12,Duval,12031,2009,95400845191.0,,,58382480195.0,62992703663.0,1.077929028942132,,,0.9322542777914122,1.0726171293364022,207.7929028942132,,,193.22542777914123,207.2617129336402
FL,12,Duval,12031,2010,88693399761.0,79220884238.0,,54287100815.0,58831009628.0,0.9318339336509103,,,0.7967116578178701,0.9356870113636353,193.18339336509104,,,179.671165781787,193.56870113636353
FL,12,Duval,12031,2011,82238362745.0,74847044359.0,,50390226313.0,54829339484.0,0.791236554543961,,,0.6677388495138021,0.8040220786949321,179.1236554543961,,,166.7738849513802,180.40220786949322
FL,12,Duval,12031,2012,79014360589.0,72803815122.0,,48085091497.0,52449458209.0,0.7210144547720776,,,0.5914470134317273,0.7257180464892274,172.10144547720776,,,159.14470134317273,172.57180464892275
FL,12,Duval,12031,2013,78407106946.0,72568151293.0,,47523995949.0,51882830650.0,0.7077878426787121,,,0.5728767288317667,0.7070745859541738,170.7787842678712,,,157.28767288317667,170.7074585954174
FL,12,Duval,12031,2014,85504403643.0,77305032088.0,,49929110109.0,55030932179.0,0.8623743015741798,,,0.652477528741509,0.8106549813726991,186.23743015741798,,,165.2477528741509,181.0654981372699
FL,12,Duval,12031,2015,89233938568.0,79664195455.0,,52599729534.0,57730053982.0,0.9436074276496931,,,0.7408656169329222,0.8994628235156779,194.3607427649693,,,174.08656169329223,189.9462823515678
FL,12,Duval,12031,2016,92034564610.0,81695762871.0,,55370431296.0,60455083009.0,1.0046079579933394,,,0.8325660776572201,0.9891230779717275,200.46079579933394,,,183.256607765722,198.91230779717276
FL,12,Duval,12031,2017,96836373852.0,85599400166.0,,58882311525.0,,1.1091963271573446,,,0.9487969327512711,,210.91963271573445,,,194.8796932751271,
FL,12,Duval,12031,2018,103064907031.0,90521806771.0,,63676881639.0,69451978708.0,1.2448602185459534,,,1.1074803011522727,1.2851433954414975,224.48602185459535,,,210.74803011522727,228.51433954414975
FL,12,Duval,12031,2019,109279479830.0,95885551850.0,,68889036193.0,75467030858.0,1.3802200384266112,,,1.2799842424003698,1.4830536198801485,238.02200384266112,,,227.99842424003697,248.30536198801485
FL,12,Duval,12031,2020,114731094167.0,101869567391.0,,73975669904.0,80131114332.0,1.4989618342961313,,,1.4483338862457424,1.6365136039535937,249.89618342961313,,,244.83338862457424,263.65136039535935
FL,12,Duval,12031,2021,122786732472.0,107968186918.0,,79383266518.0,85928395705.0,1.6744219641000635,,,1.627306270684914,1.8272586264492738,267.4421964100064,,,262.7306270684914,282.72586264492736
FL,12,Duval,12031,2022,148589072998.0,120232454440.0,,90445327896.0,100684526740.0,2.2364236139416667,,,1.9934215050401383,2.312772156865297,323.64236139416664,,,299.34215050401383,331.2772156865297
FL,12,Escambia,12033,2000,14401072740.0,,,7958192064.0,8045257509.0,0.0,,,0.0,0.0,100.0,,,100.0,100.0
FL,12,Escambia,12033,2001,14994048348.0,,,8508918357.0,8642058347.0,0.04117579424156137,,,0.06920243801243342,0.07418045194108158,104.11757942415613,,,106.92024380124334,107.41804519410816
FL,12,Escambia,12033,2002,15593310653.0,,,8957921596.0,9100507039.0,0.08278813214299485,,,0.12562269469750764,0.1311641707949711,108.27881321429949,,,112.56226946975076,113.11641707949711
FL,12,Escambia,12033,2003,16836730340.0,,,9628883960.0,9775652130.0,0.169130289387039,,,0.20993359830527458,0.2150825649849315,116.9130289387039,,,120.99335983052745,121.50825649849315
FL,12,Escambia,12033,2004,19340996318.0,,,11457587136.0,11622765421.0,0.343024694561747,,,0.4397223695856758,0.44467289058155623,134.3024694561747,,,143.97223695856758,144.46728905815561
FL,12,Escambia,12033,2005,20420054771.0,,,11452381229.0,11613884200.0,0.41795372745266746,,,0.43906821259145734,0.4435689829701386,141.79537274526675,,,143.90682125914574,144.35689829701386
FL,12,Escambia,12033,2006,26851801043.0,,,14673651678.0,14825927718.0,0.8645695031049472,,,0.8438423651997953,0.8428158081223203,186.4569503104947,,,184.38423651997954,184.28158081223202
FL,12,Escambia,12033,2007,29099187431.0,,,15746689119.0,15951031059.0,1.0206263766847692,,,0.9786766884192655,0.982662586145445,202.06263766847692,,,197.86766884192656,198.2662586145445
FL,12,Escambia,12033,2008,30068981966.0,,,14885520425.0,16435045831.0,1.0879682027076547,,,0.8704650887149035,1.042824087683282,208.79682027076547,,,187.04650887149035,204.2824087683282
FL,12,Escambia,12033,2009,28374499546.0,,,14264651333.0,15837112818.0,0.9703045778796615,,,0.7924487393975015,0.9685029099793852,197.03045778796616,,,179.24487393975014,196.85029099793852
FL,12,Escambia,12033,2010,27254943950.0,23682421137.0,,13638819049.0,15248094138.0,0.8925634528806636,,,0.7138087318471633,0.8952897556035206,189.25634528806637,,,171.38087318471634,189.52897556035205
FL,12,Escambia,12033,2011,24874233413.0,23212383959.0,,13755059066.0,15328290305.0,0.7272486475198514,,,0.7284150665605247,0.9052578848909036,172.72486475198514,,,172.84150665605247,190.52578848909036
FL,12,Escambia,12033,2012,24287359113.0,22814393554.0,,13457309385.0,14995805026.0,0.6864965236610561,,,0.6910008299342296,0.8639310188921387,168.6496523661056,,,169.10008299342297,186.39310188921388
FL,12,Escambia,12033,2013,24508170715.0,22991441832.0,,13639869741.0,15185937304.0,0.7018295204444609,,,0.7139407583164357,0.88756385821236,170.1829520444461,,,171.39407583164356,188.756385821236
FL,12,Escambia,12033,2014,25665211965.0,23660758292.0,,14246067925.0,15845710220.0,0.7821736219492215,,,0.7901136100301085,0.9695715397889821,178.21736219492215,,,179.01136100301085,196.95715397889822
FL,12,Escambia,12033,2015,26677321565.0,24370572651.0,,14789880471.0,16413934014.0,0.8524537752595227,,,0.8584472895425712,1.0401999557675063,185.24537752595228,,,185.8447289542571,204.01999557675063
FL,12,Escambia,12033,2016,26883424322.0,24180186450.0,,15384795911.0,17066661790.0,0.8667654005614029,,,0.9332023890947903,1.1213319487795155,186.67654005614028,,,193.32023890947903,212.13319487795155
FL,12,Escambia,12033,2017,27786805144.0,25096650230.0,,16134843309.0,,0.929495506735424,,,1.0274508555766366,,192.9495506735424,,,202.74508555766366,
FL,12,Escambia,12033,2018,28066676977.0,24729200369.0,,17329040081.0,19299324246.0,0.9489296029345657,,,1.1775096581785638,1.3988448131598519,194.89296029345658,,,217.75096581785638,239.8844813159852
FL,12,Escambia,12033,2019,31236515104.0,27674520469.0,,18492041609.0,20439336895.0,1.1690408532718792,,,1.323648569962435,1.5405447708957851,216.90408532718791,,,232.3648569962435,254.0544770895785
FL,12,Escambia,12033,2020,32819134999.0,29091018617.0,,19713365907.0,21804639920.0,1.2789368258548217,,,1.4771161274400728,1.7102476080607452,227.89368258548217,,,247.71161274400728,271.02476080607454
FL,12,Escambia,12033,2021,35357561563.0,30629850941.0,,20926627642.0,23253801318.0,1.4552033172356573,,,1.6295705700123198,1.8903737751074638,245.52033172356573,,,262.957057001232,289.0373775107464
FL,12,Escambia,12033,2022,42232879289.0,34461139126.0,,24366136185.0,27502936516.0,1.9326203715154624,,,2.0617677971387045,2.4185278078710657,293.2620371515462,,,306.1767797138705,341.85278078710655
FL,12,Flagler,12035,2000,3655277108.0,,,2725414828.0,2756505596.0,0.0,,,0.0,0.0,100.0,,,100.0,100.0
FL,12,Flagler,12035,2001,4287879157.0,,,3174408169.0,3210315937.0,0.17306541482599958,,,0.1647431196114415,0.1646324758631108,117.30654148259995,,,116.47431196114415,116.46324758631108
FL,12,Flagler,12035,2002,4999187673.0,,,3745981194.0,3745981194.0,0.3676631142571092,,,0.3744627627013115,0.3589601267038385,136.7663114257109,,,137.44627627013116,135.89601267038384
FL,12,Flagler,12035,2003,6123785985.0,,,4510537048.0,4553698418.0,0.6753274249980612,,,0.6549910133533625,0.6519822867792937,167.53274249980612,,,165.49910133533626,165.19822867792936
FL,12,Flagler,12035,2004,7764160850.0,,,5737706898.0,5785625646.0,1.1240963737078178,,,1.1052600283276952,1.098898567227868,212.40963737078178,,,210.5260028327695,209.8898567227868
FL,12,Flagler,12035,2005,10574905938.0,,,7882141066.0,7932905478.0,1.8930517784426208,,,1.8920885675903425,1.877884771760137,289.30517784426206,,,289.20885675903423,287.7884771760137
FL,12,Flagler,12035,2006,14821292314.0,,,10903361208.0,10958081820.0,3.054765719830618,,,3.000624453929918,2.9753526478964565,405.4765719830618,,,400.0624453929918,397.5352647896456
FL,12,Flagler,12035,2007,17329405998.0,,,12184917324.0,12296636850.0,3.7409281118721687,,,3.470848693863494,3.4609511650706626,474.09281118721685,,,447.0848693863494,446.0951165070663
FL,12,Flagler,12035,2008,15816035892.0,,,11147156664.0,11897528655.0,3.32690475296244,,,3.09007705890415,3.316163432522921,432.69047529624396,,,409.00770589041497,431.6163432522921
FL,12,Flagler,12035,2009,13276936467.0,,,9336098682.0,10107909240.0,2.6322653726968817,,,2.4255697833900536,2.6669286123226867,363.22653726968815,,,342.55697833900535,366.6928612322687
FL,12,Flagler,12035,2010,10784264640.0,10048276076.0,,7657765461.0,8451906212.0,1.9503275186434923,,,1.809761428728823,2.0661668977798078,295.0327518643492,,,280.9761428728823,306.61668977798075
FL,12,Flagler,12035,2011,9491634943.0,8909280923.0,,6561358747.0,7337926143.0,1.5966936739834172,,,1.4074715817903374,1.6620392694461268,259.6693673983417,,,240.74715817903373,266.2039269446127
FL,12,Flagler,12035,2012,8967256546.0,8492668780.0,,6154947640.0,6916798723.0,1.4532357687394244,,,1.2583525916004152,1.5092634431930971,245.32357687394244,,,225.83525916004152,250.92634431930972
FL,12,Flagler,12035,2013,9063324273.0,8536983601.0,,6204450264.0,6980373541.0,1.4795176959809306,,,1.2765159271379733,1.5323269980403116,247.95176959809305,,,227.65159271379733,253.23269980403117
FL,12,Flagler,12035,2014,9845628311.0,8946196340.0,,6538506828.0,7423261366.0,1.6935381422797455,,,1.3990868328834085,1.6929970237579015,269.35381422797457,,,239.90868328834085,269.29970237579016
FL,12,Flagler,12035,2015,10615189321.0,9450286228.0,,6987545919.0,7938754018.0,1.9040723883197312,,,1.5638467389302688,1.880006494280304,290.40723883197313,,,256.3846738930269,288.0006494280304
FL,12,Flagler,12035,2016,11446627252.0,9991805994.0,,7404137164.0,8399803702.0,2.131534741086448,,,1.7167009909582838,2.047265245602643,313.1534741086448,,,271.6700990958284,304.7265245602643
FL,12,Flagler,12035,2017,12032007235.0,10549922276.0,,7889605514.0,,2.291681281472901,,,1.8948273976294665,,329.16812814729013,,,289.48273976294666,
FL,12,Flagler,12035,2018,12991017208.0,11249388988.0,,8494590127.0,9579518437.0,2.5540444196604533,,,2.1168063076965105,2.475239974444804,355.40444196604534,,,311.68063076965103,347.5239974444804
FL,12,Flagler,12035,2019,14239166683.0,12022741724.0,,9220353744.0,10407259729.0,2.8955094955279654,,,2.383101041820559,2.7755264288605495,389.55094955279657,,,338.3101041820559,377.55264288605497
FL,12,Flagler,12035,2020,14846646485.0,12830859565.0,,9824806225.0,11002765782.0,3.061702039636443,,,2.604884703812142,2.99156301295606,406.17020396364427,,,360.4884703812142,399.156301295606
FL,12,Flagler,12035,2021,16558356483.0,13856864351.0,,10736938676.0,12066016499.0,3.529986644996109,,,2.939561260800479,3.377287140831185,452.9986644996109,,,393.9561260800479,437.72871408311846
FL,12,Flagler,12035,2022,22518011852.0,16166448097.0,,12691459996.0,15137905766.0,5.160411697027485,,,3.656707619556548,4.491701445470238,616.0411697027486,,,465.6707619556548,549.1701445470238
FL,12,Franklin,12037,2000,1729143781.0,,,830627598.0,830627598.0,0.0,,,0.0,0.0,100.0,,,100.0,100.0
FL,12,Franklin,12037,2001,1868504990.0,,,942965065.0,942965065.0,0.08059550080873223,,,0.1352440820296461,0.1352440820296461,108.05955008087322,,,113.52440820296461,113.52440820296461
FL,12,Franklin,12037,2002,2125648539.0,,,1171469432.0,1171469432.0,0.22930699133110433,,,0.41034253475406435,0.41034253475406435,122.93069913311044,,,141.03425347540644,141.03425347540644
FL,12,Franklin,12037,2003,2650575998.0,,,1621134095.0,1621134095.0,0.5328835156016445,,,0.9516978473908111,0.9516978473908111,153.28835156016444,,,195.1697847390811,195.1697847390811
FL,12,Franklin,12037,2004,3243983037.0,,,2127163864.0,2127163864.0,0.8760632126982157,,,1.5609116156528189,1.5609116156528189,187.60632126982156,,,256.0911615652819,256.0911615652819
FL,12,Franklin,12037,2005,4784012331.0,,,3338285841.0,3338590113.0,1.7666943510234328,,,3.0189922042537285,3.0193585200380015,276.6694351023433,,,401.89922042537285,401.93585200380016
FL,12,Franklin,12037,2006,5671074743.0,,,4034751167.0,4035597293.0,2.27970108981932,,,3.857473044135478,3.858491702800369,327.970108981932,,,485.7473044135478,485.8491702800369
FL,12,Franklin,12037,2007,5583330306.0,,,3997705662.0,3999528766.0,2.2289566474171645,,,3.812873629079683,3.815068480303492,322.8956647417165,,,481.2873629079683,481.5068480303492
FL,12,Franklin,12037,2008,4995679365.0,,,3454756008.0,3504102998.0,1.889105822137529,,,3.159211680804278,3.218620963759502,288.9105822137529,,,415.9211680804278,421.8620963759502
FL,12,Franklin,12037,2009,4171616498.0,,,2746832399.0,2821792714.0,1.4125330373553244,,,2.306936111458218,2.397181505640269,241.25330373553246,,,330.6936111458218,339.7181505640269
FL,12,Franklin,12037,2010,3298727663.0,3067759113.0,,2013686272.0,2072035055.0,0.9077231744674679,,,1.4242949269306604,1.4945415490516845,190.7723174467468,,,242.42949269306604,249.45415490516845
FL,12,Franklin,12037,2011,3138846794.0,2943597158.0,,1895720969.0,1955250202.0,0.8152607252733717,,,1.2822754427670726,1.3539432192090493,181.52607252733716,,,228.22754427670725,235.39432192090493
FL,12,Franklin,12037,2012,2830531581.0,2665749764.0,,1636195656.0,1695524357.0,0.6369555916067573,,,0.9698305954914828,1.0412569496637407,163.69555916067574,,,196.98305954914827,204.12569496637408
FL,12,Franklin,12037,2013,2829868576.0,2644651705.0,,1629539441.0,1710966279.0,0.6365721619537201,,,0.9618171186746434,1.0598476177768417,163.657216195372,,,196.18171186746434,205.98476177768416
FL,12,Franklin,12037,2014,2559370577.0,2366640418.0,,1648404144.0,1742036153.0,0.4801375137930186,,,0.9845285034702158,1.0972529171851573,148.01375137930185,,,198.45285034702158,209.72529171851573
FL,12,Franklin,12037,2015,2615444645.0,2406196087.0,,1692990268.0,1802119153.0,0.5125663196656982,,,1.038206137234559,1.1695873786750823,151.2566319665698,,,203.8206137234559,216.95873786750823
FL,12,Franklin,12037,2016,2714719863.0,2478691847.0,,1767067900.0,1891574213.0,0.5699792537957837,,,1.1273888614522054,1.2772831261019575,156.99792537957836,,,212.73888614522053,227.72831261019576
FL,12,Franklin,12037,2017,2756744559.0,2529090775.0,,1825653612.0,,0.5942830141087037,,,1.1979207245170298,,159.42830141087038,,,219.79207245170298,
FL,12,Franklin,12037,2018,2854165024.0,2608650929.0,,1898695365.0,2030298132.0,0.650623305801312,,,1.2858563447346474,1.4442940938738227,165.0623305801312,,,228.58563447346475,244.42940938738226
FL,12,Franklin,12037,2019,3136740845.0,2753059191.0,,2032458494.0,2217725695.0,0.8140428109373052,,,1.4468949730225553,1.6699398145930613,181.40428109373053,,,244.68949730225552,266.99398145930616
FL,12,Franklin,12037,2020,3252223857.0,2885296646.0,,2147985872.0,2308509695.0,0.8808290511961769,,,1.5859794174573043,1.7792354847809908,188.0829051196177,,,258.59794174573045,277.92354847809906
FL,12,Franklin,12037,2021,3509672022.0,3078239191.0,,2340591115.0,2524579364.0,1.0297167075199978,,,1.8178585934728355,2.0393636932829193,202.97167075199977,,,281.7858593472836,303.93636932829196
FL,12,Franklin,12037,2022,4187273685.0,3395898868.0,,2657339998.0,3143730316.0,1.4215879159443943,,,2.1991954088672117,2.7847650662818455,242.15879159443944,,,319.91954088672117,378.47650662818455
FL,12,Gadsden,12039,2000,1465525248.0,,,784904232.0,784904232.0,0.0,,,0.0,0.0,100.0,,,100.0,100.0
FL,12,Gadsden,12039,2001,1583484511.0,,,844497111.0,844497111.0,0.08048941030594925,,,0.07592375804644669,0.07592375804644669,108.04894103059493,,,107.59237580464467,107.59237580464467
FL,12,Gadsden,12039,2002,1666048750.0,,,889586894.0,889586894.0,0.13682705383182858,,,0.13336998035194703,0.13336998035194703,113.68270538318286,,,113.3369980351947,113.3369980351947
FL,12,Gadsden,12039,2003,1802109706.0,,,947731402.0,947731402.0,0.22966814011518144,,,0.20744845467975503,0.20744845467975503,122.96681401151814,,,120.74484546797551,120.74484546797551
FL,12,Gadsden,12039,2004,1920926664.0,,,1003327591.0,1003327591.0,0.31074279792960624,,,0.2782802666809929,0.2782802666809929,131.07427979296062,,,127.8280266680993,127.8280266680993
FL,12,Gadsden,12039,2005,2102342832.0,,,1075425071.0,1075425071.0,0.4345319774388492,,,0.3701353963396645,0.3701353963396645,143.4531977438849,,,137.01353963396645,137.01353963396645
FL,12,Gadsden,12039,2006,2625044657.0,,,1227428598.0,1227428598.0,0.791197156502349,,,0.563794088448742,0.563794088448742,179.1197156502349,,,156.3794088448742,156.3794088448742
FL,12,Gadsden,12039,2007,3305224669.0,,,1433635362.0,1433635362.0,1.2553174525724717,,,0.8265099149064086,0.8265099149064086,225.53174525724717,,,182.65099149064085,182.65099149064085
FL,12,Gadsden,12039,2008,3406724713.0,,,1396722698.0,1518898504.0,1.3245759277427336,,,0.779481675670211,0.9351386348494042,232.45759277427337,,,177.9481675670211,193.51386348494043
FL,12,Gadsden,12039,2009,3406007450.0,,,1397521292.0,1534628720.0,1.3240865038989762,,,0.7804991169929123,0.9551795715123625,232.40865038989762,,,178.04991169929124,195.51795715123626
FL,12,Gadsden,12039,2010,3185726288.0,2291236835.0,,1376184308.0,1515123702.0,1.173777826310093,,,0.7533149292536876,0.9303293831647987,217.3777826310093,,,175.33149292536876,193.03293831647989
FL,12,Gadsden,12039,2011,3141586469.0,2280695653.0,,1354833530.0,1495192489.0,1.1436590555415664,,,0.7261131673959429,0.9049362050069822,214.36590555415665,,,172.6113167395943,190.49362050069823
FL,12,Gadsden,12039,2012,2717350174.0,2205547654.0,,1342103010.0,1476679819.0,0.854181753407772,,,0.7098939657647303,0.8813503084794172,185.4181753407772,,,170.98939657647304,188.13503084794172
FL,12,Gadsden,12039,2013,2781145500.0,2276998914.0,,1339761534.0,1482955448.0,0.8977124439141699,,,0.7069108298552276,0.8893457157458668,189.77124439141699,,,170.69108298552277,188.9345715745867
FL,12,Gadsden,12039,2014,2749020448.0,2266083174.0,,1334841413.0,1475624838.0,0.8757919399557148,,,0.7006423950584586,0.8800062196632417,187.57919399557147,,,170.06423950584585,188.00062196632416
FL,12,Gadsden,12039,2015,2978120827.0,2272262529.0,,1346292135.0,1487225987.0,1.0321184033262045,,,0.7152310818474477,0.8947865565846509,203.21184033262045,,,171.52310818474476,189.4786556584651
FL,12,Gadsden,12039,2016,2875711268.0,2276304974.0,,1351344690.0,1491453963.0,0.9622393213112355,,,0.7216682429608814,0.9001731704257139,196.22393213112355,,,172.16682429608815,190.0173170425714
FL,12,Gadsden,12039,2017,2880048986.0,2298583698.0,,1381019645.0,,0.9651991597759222,,,0.759475345776961,,196.5199159775922,,,175.9475345776961,
FL,12,Gadsden,12039,2018,2913121786.0,2372443543.0,,1432302309.0,1577601806.0,0.9877663588365555,,,0.8248115510224436,1.0099290355208583,198.77663588365556,,,182.48115510224437,200.99290355208583
FL,12,Gadsden,12039,2019,2983666217.0,2413361146.0,,1465783219.0,1624286913.0,1.0359022958299793,,,0.8674675957155498,1.0694077656597476,203.59022958299792,,,186.74675957155497,206.94077656597477
FL,12,Gadsden,12039,2020,3023654280.0,2460475111.0,,1515293020.0,1687903869.0,1.0631881191582173,,,0.9305451012015948,1.1504583619062458,206.31881191582173,,,193.05451012015948,215.04583619062458
FL,12,Gadsden,12039,2021,3237449410.0,2594733334.0,,1626444658.0,1829245279.0,1.2090710579146569,,,1.0721568207826913,1.330533082155684,220.90710579146568,,,207.21568207826914,233.0533082155684
FL,12,Gadsden,12039,2022,3683206392.0,2756408516.0,,1793202690.0,2075876297.0,1.5132329838919296,,,1.2846133539511864,1.6447510567123556,251.32329838919296,,,228.46133539511862,264.47510567123555
FL,12,Gilchrist,12041,2000,619431236.0,,,279773881.0,279773881.0,0.0,,,0.0,0.0,100.0,,,100.0,100.0
FL,12,Gilchrist,12041,2001,656225342.0,,,312819005.0,312819005.0,0.05939982335666394,,,0.11811368481534568,0.11811368481534568,105.9399823356664,,,111.81136848153457,111.81136848153457
FL,12,Gilchrist,12041,2002,692368523.0,,,338034413.0,338034413.0,0.11774880367834717,,,0.2082414977115037,0.2082414977115037,111.77488036783471,,,120.82414977115037,120.82414977115037
FL,12,Gilchrist,12041,2003,740237408.0,,,365594838.0,365594838.0,0.19502757526422188,,,0.3067511402181249,0.3067511402181249,119.50275752642219,,,130.67511402181248,130.67511402181248
FL,12,Gilchrist,12041,2004,825882539.0,,,405691112.0,405691112.0,0.3332917215043383,,,0.4500678567632266,0.4500678567632266,133.32917215043383,,,145.00678567632266,145.00678567632266
FL,12,Gilchrist,12041,2005,1042807000.0,,,460190914.0,460190914.0,0.6834911438014728,,,0.6448673205487685,0.6448673205487685,168.34911438014728,,,164.48673205487685,164.48673205487685
FL,12,Gilchrist,12041,2006,1505330931.0,,,592362073.0,592362073.0,1.430182469842383,,,1.1172886864303107,1.1172886864303107,243.01824698423832,,,211.72886864303106,211.72886864303106
FL,12,Gilchrist,12041,2007,1802406415.0,,,690011481.0,690011481.0,1.9097764372347537,,,1.4663184373526277,1.4663184373526277,290.97764372347535,,,246.63184373526278,246.63184373526278
FL,12,Gilchrist,12041,2008,1841308860.0,,,674980798.0,731272524.0,1.9725799297599518,,,1.4125940405423334,1.6137984052914502,297.2579929759952,,,241.25940405423333,261.37984052914504
FL,12,Gilchrist,12041,2009,1763735148.0,,,653589163.0,715719109.0,1.8473461548199999,,,1.3361335971173092,1.5582055996142112,284.734615482,,,233.6133597117309,255.8205599614211
FL,12,Gilchrist,12041,2010,1588957297.0,952274958.0,,628218106.0,696170353.0,1.5651875537642406,,,1.2454494456542924,1.4883321863773267,256.51875537642405,,,224.54494456542923,248.83321863773267
FL,12,Gilchrist,12041,2011,1322720276.0,887970540.0,,588577198.0,655551179.0,1.1353787137721936,,,1.1037603506669016,1.3431464604803476,213.53787137721935,,,210.37603506669015,234.31464604803475
FL,12,Gilchrist,12041,2012,1281038218.0,879610415.0,,584617334.0,651158614.0,1.0680878579394082,,,1.0896065490831148,1.3274460491899887,206.8087857939408,,,208.96065490831148,232.74460491899887
FL,12,Gilchrist,12041,2013,1267723430.0,874594758.0,,582141455.0,646524245.0,1.0465926745741316,,,1.0807569774535173,1.3108813542176225,204.65926745741316,,,208.07569774535173,231.08813542176225
FL,12,Gilchrist,12041,2014,1324148174.0,881338122.0,,589445570.0,656301161.0,1.1376838897417176,,,1.1068641857958141,1.3458271324477211,213.76838897417176,,,210.6864185795814,234.58271324477212
FL,12,Gilchrist,12041,2015,1332002204.0,890223044.0,,600297515.0,666074673.0,1.150363311675164,,,1.1456524563849477,1.3807607437093101,215.03633116751638,,,214.5652456384948,238.07607437093102
FL,12,Gilchrist,12041,2016,1314137132.0,904743555.0,,610930369.0,677497255.0,1.1215222217176017,,,1.1836576267103363,1.4215886507289794,212.15222217176017,,,218.36576267103362,242.15886507289795
FL,12,Gilchrist,12041,2017,1345637245.0,939265768.0,,642494902.0,,1.1723755064234442,,,1.2964792127968514,,217.23755064234442,,,229.64792127968514,
FL,12,Gilchrist,12041,2018,1535409013.0,1055412110.0,,747228410.0,820994025.0,1.4787400501707988,,,1.670829769130593,1.9344913187232087,247.87400501707987,,,267.08297691305927,293.4491318723209
FL,12,Gilchrist,12041,2019,1553931508.0,1069023766.0,,751498871.0,828869504.0,1.5086424734318693,,,1.6860937422532305,1.9626407620230997,250.86424734318692,,,268.60937422532305,296.26407620231
FL,12,Gilchrist,12041,2020,1701743508.0,1188935965.0,,859967244.0,945819769.0,1.7472678307104292,,,2.0737938828535607,2.3806578570499224,274.7267830710429,,,307.3793882853561,338.06578570499227
FL,12,Gilchrist,12041,2021,1888972027.0,1294132808.0,,948630071.0,1053577514.0,2.0495265934570983,,,2.3907027618493095,2.7658179892782773,304.95265934570983,,,339.07027618493095,376.5817989278277
FL,12,Gilchrist,12041,2022,2131375677.0,1408220863.0,,1040606337.0,1177538327.0,2.440859215888816,,,2.7194549158075265,3.2088929916942464,344.0859215888816,,,371.9454915807527,420.88929916942465
FL,12,Glades,12043,2000,1036519371.0,,,396558265.0,396558265.0,0.0,,,0.0,0.0,100.0,,,100.0,100.0
FL,12,Glades,12043,2001,1248042986.0,,,410876494.0,411537490.0,0.20407106795884467,,,0.036106242798898736,0.037773074783852945,120.40710679588446,,,103.61062427988988,103.7773074783853
FL,12,Glades,12043,2002,1517029126.0,,,422708705.0,423459265.0,0.46358010129267524,,,0.06594350013105887,0.06783618543418823,146.3580101292675,,,106.59435001310588,106.78361854341883
FL,12,Glades,12043,2003,1568970689.0,,,435577943.0,436491770.0,0.513691623038659,,,0.09839582589458828,0.10070022118943855,151.3691623038659,,,109.83958258945883,110.07002211894385
FL,12,Glades,12043,2004,1795966832.0,,,459503016.0,460687911.0,0.7326900801355116,,,0.15872762354354153,0.16171557034626427,173.26900801355117,,,115.87276235435415,116.17155703462643
FL,12,Glades,12043,2005,3117735393.0,,,559118296.0,560473719.0,2.0078891723867263,,,0.40992722973508067,0.4133451965753381,300.78891723867264,,,140.99272297350808,141.3345196575338
FL,12,Glades,12043,2006,4307185664.0,,,674818844.0,676273552.0,3.1554319046102997,,,0.7016890166190333,0.7053573501992199,415.54319046102995,,,170.16890166190333,170.535735019922
FL,12,Glades,12043,2007,4859219728.0,,,710920426.0,712583934.0,3.6880163207292345,,,0.7927262870186302,0.7969211510444751,468.80163207292344,,,179.27262870186303,179.6921151044475
FL,12,Glades,12043,2008,4966448724.0,,,690868360.0,726618593.0,3.79146735020353,,,0.7421610415811155,0.8323123160728978,479.146735020353,,,174.21610415811156,183.23123160728977
FL,12,Glades,12043,2009,3733320187.0,,,634573954.0,670404386.0,2.6017852550099616,,,0.6002035766421361,0.6905570887546626,360.17852550099616,,,160.0203576642136,169.05570887546625
FL,12,Glades,12043,2010,3652323691.0,1500709726.0,,587867848.0,626483974.0,2.523642483860536,,,0.4824249041940911,0.5798030940043577,352.3642483860536,,,148.2424904194091,157.98030940043577
FL,12,Glades,12043,2011,3329691964.0,1419948393.0,,552964817.0,586766707.0,2.212377942138816,,,0.39441001689877786,0.47964815964685537,321.2377942138816,,,139.4410016898778,147.96481596468553
FL,12,Glades,12043,2012,3207585832.0,1370010632.0,,538335647.0,571419577.0,2.09457393826169,,,0.3575196749461267,0.4409473397307706,309.45739382616904,,,135.75196749461267,144.09473397307707
FL,12,Glades,12043,2013,3209182647.0,1372022569.0,,543021277.0,576577266.0,2.0961144931656084,,,0.36933541657491364,0.4539534713770246,309.6114493165608,,,136.93354165749136,145.39534713770246
FL,12,Glades,12043,2014,3220278632.0,1393538249.0,,559314302.0,594655346.0,2.1068195367088802,,,0.41042149758245494,0.49954092118090143,310.68195367088805,,,141.0421497582455,149.95409211809013
FL,12,Glades,12043,2015,3234261272.0,1404491736.0,,561010487.0,596334552.0,2.1203095306165776,,,0.4146987631187058,0.503775370814677,312.0309530616578,,,141.4698763118706,150.3775370814677
FL,12,Glades,12043,2016,3368076775.0,1453677824.0,,576700819.0,613130250.0,2.2494103527950373,,,0.4542650346727737,0.5461290410880733,324.94103527950375,,,145.42650346727737,154.61290410880733
FL,12,Glades,12043,2017,3463261763.0,1496133065.0,,598274581.0,,2.3412417171314015,,,0.508667537165062,,334.12417171314013,,,150.8667537165062,
FL,12,Glades,12043,2018,3499404814.0,1528192431.0,,625816593.0,668076734.0,2.376111351034268,,,0.5781201609806317,0.6846874544400179,337.6111351034268,,,157.81201609806317,168.4687454440018
FL,12,Glades,12043,2019,3558073471.0,1573843705.0,,666443390.0,715153845.0,2.4327129531282052,,,0.6805686548986691,0.8034016892826581,343.27129531282054,,,168.0568654898669,180.3401689282658
FL,12,Glades,12043,2020,3626240526.0,1635730571.0,,714004841.0,764589239.0,2.498478299061137,,,0.8005042487262244,0.9280628005571891,349.8478299061137,,,180.05042487262244,192.8062800557189
FL,12,Glades,12043,2021,4167223472.0,1707665444.0,,759915835.0,832931505.0,3.020400957851467,,,0.9162778892024859,1.100401324380416,402.0400957851467,,,191.62778892024858,210.0401324380416
FL,12,Glades,12043,2022,5042694128.0,1877969478.0,,895065598.0,1038743106.0,3.865026423128951,,,1.2570847136422691,1.6193959316419746,486.5026423128951,,,225.7084713642269,261.93959316419745
FL,12,Gulf,12045,2000,1421611508.0,,,825324630.0,825751992.0,0.0,,,0.0,0.0,100.0,,,100.0,100.0
FL,12,Gulf,12045,2001,1599760601.0,,,943848860.0,944580126.0,0.12531489228771786,,,0.14360922440906676,0.1439029335093629,112.53148922877179,,,114.36092244090668,114.39029335093629
FL,12,Gulf,12045,2002,1899408654.0,,,1095360589.0,1096405026.0,0.3360954404992056,,,0.32718756860558007,0.32776552357381417,133.60954404992057,,,132.71875686055802,132.7765523573814
FL,12,Gulf,12045,2003,2214691246.0,,,1314526791.0,1315927446.0,0.5578737464750461,,,0.5927390789246165,0.5936109858031078,155.7873746475046,,,159.27390789246166,159.36109858031077
FL,12,Gulf,12045,2004,2760915390.0,,,1724919172.0,1726958324.0,0.942102588831885,,,1.0899887260119692,1.091376515867975,194.21025888318852,,,208.99887260119692,209.1376515867975
FL,12,Gulf,12045,2005,4257725516.0,,,2650634743.0,2653137446.0,1.9949993314207188,,,2.2116268516062583,2.2129955140332256,299.4999331420719,,,321.1626851606258,321.29955140332254
FL,12,Gulf,12045,2006,4512129161.0,,,2876597875.0,2879621993.0,2.173953738843819,,,2.4854138243759913,2.487272232944247,317.3953738843819,,,348.5413824375991,348.7272232944247
FL,12,Gulf,12045,2007,4200772619.0,,,2698413772.0,2702040500.0,1.9549371226671304,,,2.2695180464928084,2.2722179615402007,295.49371226671303,,,326.95180464928086,327.22179615402007
FL,12,Gulf,12045,2008,4053631131.0,,,2574582341.0,2629396112.0,1.8514338187251083,,,2.1194783814945644,2.1842443463339536,285.1433818725108,,,311.94783814945646,318.4244346333954
FL,12,Gulf,12045,2009,3205556221.0,,,1969890437.0,2048133560.0,1.2548749802326444,,,1.3868067974658649,1.480325303290337,225.48749802326444,,,238.6806797465865,248.0325303290337
FL,12,Gulf,12045,2010,2549295020.0,2243770946.0,,1570245269.0,1633357394.0,0.7932430946528326,,,0.9025789512667277,0.978024164427326,179.32430946528325,,,190.25789512667276,197.8024164427326
FL,12,Gulf,12045,2011,2399336211.0,2126623257.0,,1456698195.0,1515409406.0,0.6877580108897092,,,0.7650002702572927,0.8351871030061044,168.77580108897092,,,176.50002702572925,183.51871030061045
FL,12,Gulf,12045,2012,2263210648.0,2017307707.0,,1352373173.0,1405185599.0,0.5920036066562286,,,0.6385954372887188,0.7017041588922985,159.20036066562287,,,163.85954372887187,170.17041588922984
FL,12,Gulf,12045,2013,2269054838.0,2024635155.0,,1344407739.0,1400261824.0,0.5961145680314794,,,0.6289441634620792,0.6957413818748621,159.61145680314795,,,162.89441634620792,169.5741381874862
FL,12,Gulf,12045,2014,2345691366.0,2060709319.0,,1376655276.0,1437963137.0,0.6500227754205827,,,0.6680167124056384,0.7413983265328896,165.00227754205827,,,166.80167124056385,174.13983265328895
FL,12,Gulf,12045,2015,2375136239.0,2090002832.0,,1408209863.0,1478024365.0,0.6707350957938363,,,0.7062496523337731,0.7899131692315675,167.07350957938363,,,170.6249652333773,178.99131692315675
FL,12,Gulf,12045,2016,2525293372.0,2171181957.0,,1479206937.0,1594257591.0,0.776359686024714,,,0.79227286237659,0.9306736240970521,177.6359686024714,,,179.227286237659,193.06736240970523
FL,12,Gulf,12045,2017,2875398602.0,2310435466.0,,1619199935.0,,1.0226331777837578,,,0.961894600189019,,202.26331777837578,,,196.18946001890188,
FL,12,Gulf,12045,2018,3119276640.0,2473999007.0,,1739005109.0,1951032377.0,1.194183588446303,,,1.1070558732749802,1.3627340846911333,219.4183588446303,,,210.70558732749802,236.27340846911332
FL,12,Gulf,12045,2019,2869177053.0,2350425126.0,,1625609525.0,1747954587.0,1.0182567718775108,,,0.9696607442819196,1.1168033549230603,201.8256771877511,,,196.96607442819197,211.68033549230603
FL,12,Gulf,12045,2020,3247444530.0,2536062408.0,,1796633771.0,2023885419.0,1.2843403501767376,,,1.1768813212323495,1.4509603835142793,228.43403501767375,,,217.68813212323494,245.09603835142792
FL,12,Gulf,12045,2021,3597864231.0,2784279924.0,,2040123700.0,2307713484.0,1.5308350493459848,,,1.4719045401565198,1.7946810983896482,253.08350493459847,,,247.190454015652,279.46810983896484
FL,12,Gulf,12045,2022,4720651065.0,3278191232.0,,2501459694.0,3168474940.0,2.3206336882016854,,,2.0308797327422545,2.8370781671695924,332.06336882016853,,,303.0879732742255,383.70781671695926
FL,12,Hamilton,12047,2000,863486469.0,,,512656914.0,512656914.0,0.0,,,0.0,0.0,100.0,,,100.0,100.0
FL,12,Hamilton,12047,2001,851320455.0,,,490345682.0,492281514.0,-0.014089408967912886,,,-0.04352078630114797,-0.039744709265737144,98.5910591032087,,,95.6479213698852,96.02552907342628
FL,12,Hamilton,12047,2002,846630617.0,,,485013921.0,487160882.0,-0.01952069036996107,,,-0.05392103811556126,-0.04973312814815567,98.04793096300389,,,94.60789618844387,95.02668718518443
FL,12,Hamilton,12047,2003,896151469.0,,,527397947.0,529745749.0,0.0378291972980529,,,0.028754187444743895,0.033333862342096454,103.78291972980529,,,102.87541874447439,103.33338623420964
FL,12,Hamilton,12047,2004,910659203.0,,,537474183.0,540244804.0,0.05463054221872232,,,0.048409117915456434,0.05381355297589918,105.46305422187223,,,104.84091179154564,105.38135529758992
FL,12,Hamilton,12047,2005,1054921118.0,,,573904377.0,576993930.0,0.2216996512078524,,,0.11947066610711898,0.12549721703353445,122.16996512078524,,,111.9470666107119,112.54972170335344
FL,12,Hamilton,12047,2006,1560014062.0,,,682646398.0,688987119.0,0.8066456371999038,,,0.3315852753719031,0.34395362704500654,180.66456371999038,,,133.1585275371903,134.39536270450066
FL,12,Hamilton,12047,2007,1629519321.0,,,727557017.0,737671361.0,0.8871393814510369,,,0.4191889295381668,0.43891819432284107,188.7139381451037,,,141.91889295381668,143.8918194322841
FL,12,Hamilton,12047,2008,1676214547.0,,,730056617.0,764365634.0,0.9412169236898604,,,0.42406470499683935,0.490988638066042,194.12169236898603,,,142.40647049968393,149.0988638066042
FL,12,Hamilton,12047,2009,1647759376.0,,,729257827.0,765811807.0,0.908263111416515,,,0.42250656742337434,0.4938095753449645,190.8263111416515,,,142.25065674233744,149.38095753449645
FL,12,Hamilton,12047,2010,1507430103.0,930636032.0,,713571187.0,747961963.0,0.745748378368625,,,0.3919078578934372,0.4589912718898783,174.57483783686249,,,139.19078578934372,145.89912718898782
FL,12,Hamilton,12047,2011,1315982631.0,930006139.0,,717029666.0,749078447.0,0.524033876899118,,,0.3986540440962434,0.4611691104589297,152.4033876899118,,,139.86540440962435,146.11691104589298
FL,12,Hamilton,12047,2012,1292449434.0,963162254.0,,745705960.0,776307882.0,0.4967801817401727,,,0.4545906621674862,0.5142834531243639,149.67801817401727,,,145.45906621674862,151.4283453124364
FL,12,Hamilton,12047,2013,1309619715.0,991869898.0,,774137129.0,804541289.0,0.5166650109950941,,,0.5100491339516002,0.5693561659445405,151.66650109950942,,,151.00491339516003,156.93561659445405
FL,12,Hamilton,12047,2014,1295426979.0,984306217.0,,766196365.0,802590521.0,0.5002284639158601,,,0.4945597027488837,0.5655509544147101,150.022846391586,,,149.4559702748884,156.55509544147102
FL,12,Hamilton,12047,2015,1255266109.0,951889940.0,,732704674.0,766263924.0,0.4537183315144686,,,0.4292300639877842,0.49469148483970304,145.37183315144685,,,142.92300639877843,149.46914848397032
FL,12,Hamilton,12047,2016,1262206587.0,968382396.0,,746747933.0,779293894.0,0.46175606950941117,,,0.4566231579196063,0.5201080346689717,146.17560695094113,,,145.66231579196062,152.01080346689716
FL,12,Hamilton,12047,2017,1227889194.0,962850715.0,,741918129.0,,0.42201324291973363,,,0.447202034614518,,142.20132429197335,,,144.7202034614518,
FL,12,Hamilton,12047,2018,1371611213.0,1061727735.0,,823115280.0,857691587.0,0.5884571006520312,,,0.605587006674019,0.6730323215732539,158.84571006520312,,,160.5587006674019,167.3032321573254
FL,12,Hamilton,12047,2019,1572196578.0,1195317540.0,,947678203.0,986979328.0,0.8207541570636934,,,0.848562219917705,0.9252238700910216,182.07541570636934,,,184.8562219917705,192.52238700910215
FL,12,Hamilton,12047,2020,1679489277.0,1278780040.0,,1020402977.0,1060184194.0,0.9450093745475936,,,0.9904207846107387,1.0680189129371618,194.50093745475937,,,199.04207846107386,206.80189129371618
FL,12,Hamilton,12047,2021,1710033361.0,1286863706.0,,1023615959.0,1068162058.0,0.9803823480643332,,,0.9966880988949269,1.083580712226579,198.0382348064333,,,199.6688098894927,208.3580712226579
FL,12,Hamilton,12047,2022,2023283346.0,1410862524.0,,1133590385.0,1207632957.0,1.3431558207775458,,,1.211206664814434,1.3556357556508054,234.31558207775458,,,221.1206664814434,235.56357556508055
FL,12,Hardee,12049,2000,1871173201.0,,,824577000.0,876196021.0,0.0,,,0.0,0.0,100.0,,,100.0,100.0
FL,12,Hardee,12049,2001,1999941773.0,,,883138518.0,934388620.0,0.06881702449093585,,,0.07102007210969985,0.06641504595465397,106.88170244909358,,,107.10200721096999,106.64150459546539
FL,12,Hardee,12049,2002,2145072839.0,,,1031968263.0,1129707419.0,0.1463785596403484,,,0.2515123063097806,0.2893318297778482,114.63785596403484,,,125.15123063097806,128.9331829777848
FL,12,Hardee,12049,2003,2411072005.0,,,1285637304.0,1378858843.0,0.28853491687004973,,,0.5591476648026807,0.5736876337629477,128.85349168700498,,,155.91476648026807,157.36876337629477
FL,12,Hardee,12049,2004,2659972584.0,,,1301193193.0,1395364737.0,0.4215533776234326,,,0.5780129605846391,0.5925257631362835,142.15533776234327,,,157.80129605846392,159.25257631362834
FL,12,Hardee,12049,2005,2803935853.0,,,1294818148.0,1386469976.0,0.4984908139457689,,,0.5702816692680004,0.5823741979764139,149.8490813945769,,,157.02816692680003,158.2374197976414
FL,12,Hardee,12049,2006,3510689029.0,,,1456916857.0,1540906967.0,0.8761967235976891,,,0.7668657469223614,0.758632691850583,187.6196723597689,,,176.68657469223615,175.8632691850583
FL,12,Hardee,12049,2007,4489121095.0,,,1697079887.0,1784933470.0,1.3990943717026867,,,1.0581217848666649,1.0371394382307972,239.90943717026866,,,205.81217848666648,203.71394382307972
FL,12,Hardee,12049,2008,4440138353.0,,,1613977395.0,1696823206.0,1.372916815304475,,,0.9573398178702535,0.9365794472148146,237.2916815304475,,,195.73398178702536,193.65794472148144
FL,12,Hardee,12049,2009,3667276336.0,,,1607223079.0,1704474848.0,0.9598807497029773,,,0.9491485682962295,0.9453122442335309,195.98807497029773,,,194.91485682962295,194.53122442335308
FL,12,Hardee,12049,2010,3333832319.0,2005431586.0,,1536127184.0,1627588106.0,0.7816802406203336,,,0.8629275179880109,0.8575616266123172,178.16802406203337,,,186.2927517988011,185.7561626612317
FL,12,Hardee,12049,2011,3166105756.0,1933320470.0,,1481368532.0,1564122455.0,0.692043127973379,,,0.7965193450702603,0.7851284615683047,169.2043127973379,,,179.65193450702603,178.51284615683048
FL,12,Hardee,12049,2012,3164446735.0,1964528206.0,,1534084899.0,1594453478.0,0.6911565072163515,,,0.8604507511123884,0.8197451709267691,169.11565072163515,,,186.04507511123884,181.9745170926769
FL,12,Hardee,12049,2013,3130426959.0,1927886459.0,,1500655884.0,1558075150.0,0.6729755200250969,,,0.8199099465544151,0.7782266897557619,167.2975520025097,,,181.9909946554415,177.8226689755762
FL,12,Hardee,12049,2014,3081765920.0,1873784711.0,,1448493776.0,1505314327.0,0.6469698894538625,,,0.7566507142450007,0.7180109141353885,164.69698894538624,,,175.66507142450007,171.80109141353884
FL,12,Hardee,12049,2015,3279671525.0,1972971678.0,,1540923939.0,1601751840.0,0.7527354085913931,,,0.8687447491259155,0.8280747704970461,175.2735408591393,,,186.87447491259155,182.8074770497046
FL,12,Hardee,12049,2016,3259852552.0,1981178728.0,,1544806660.0,1609395707.0,0.7421436723537171,,,0.8734534919116104,0.8367986939306131,174.21436723537172,,,187.34534919116103,183.67986939306132
FL,12,Hardee,12049,2017,3249891200.0,1987197848.0,,1545860844.0,,0.7368200860632141,,,0.8747319461978686,,173.6820086063214,,,187.47319461978685,
FL,12,Hardee,12049,2018,3358409520.0,2076971758.0,,1625288032.0,1704949867.0,0.7948148884374708,,,0.9710567139272621,0.9458543820527119,179.4814888437471,,,197.1056713927262,194.5854382052712
FL,12,Hardee,12049,2019,3509252905.0,2121193275.0,,1658826839.0,1748195123.0,0.8754292243628601,,,1.0117306679667273,0.9952100684100231,187.542922436286,,,201.17306679667274,199.5210068410023
FL,12,Hardee,12049,2020,3901357158.0,2240995465.0,,1758107019.0,1891573522.0,1.0849791755862155,,,1.1321320131412835,1.158847423024305,208.49791755862154,,,213.21320131412836,215.8847423024305
FL,12,Hardee,12049,2021,4034029815.0,2311779783.0,,1830235001.0,1962400038.0,1.1558826370771649,,,1.2196047197532796,1.2396815221328197,215.5882637077165,,,221.96047197532795,223.96815221328197
FL,12,Hardee,12049,2022,4861357810.0,2575736946.0,,2077911449.0,2279149505.0,1.5980266323833483,,,1.519972602922468,1.6011867782723015,259.80266323833484,,,251.9972602922468,260.11867782723016
FL,12,Hendry,12051,2000,2847430832.0,,,1349631902.0,1423095002.0,0.0,,,0.0,0.0,100.0,,,100.0,100.0
FL,12,Hendry,12051,2001,2938351531.0,,,1411703411.0,1477194641.0,0.031930784052141004,,,0.04599143581891996,0.03801547958777807,103.1930784052141,,,104.599143581892,103.8015479587778
FL,12,Hendry,12051,2002,2898880986.0,,,1444702066.0,1499891286.0,0.018068974115821534,,,0.07044155066215962,0.05396427075639476,101.80689741158216,,,107.04415506621596,105.39642707563948
FL,12,Hendry,12051,2003,2984709694.0,,,1502376514.0,1547797304.0,0.04821148259590102,,,0.11317501592371215,0.08762753141901625,104.8211482595901,,,111.31750159237122,108.76275314190163
FL,12,Hendry,12051,2004,3222814939.0,,,1673738519.0,1681683819.0,0.13183256386120346,,,0.24014445458773692,0.18170875214696314,113.18325638612035,,,124.0144454587737,118.17087521469631
FL,12,Hendry,12051,2005,3690343546.0,,,1915028266.0,1925247836.0,0.2960257030749185,,,0.41892634811176843,0.352859670854216,129.60257030749185,,,141.89263481117683,135.2859670854216
FL,12,Hendry,12051,2006,7109957255.0,,,2776747775.0,2786521985.0,1.4969727710667704,,,1.0574111881063106,0.9580716544460186,249.69727710667703,,,205.74111881063106,195.80716544460185
FL,12,Hendry,12051,2007,8259759595.0,,,2749180305.0,2759057255.0,1.9007762022434966,,,1.0369852705215616,0.9387723596263462,290.0776202243497,,,203.69852705215615,193.87723596263461
FL,12,Hendry,12051,2008,6997478157.0,,,2335607518.0,2442657068.0,1.4574708113577102,,,0.7305515041093034,0.7164399176211849,245.74708113577103,,,173.05515041093034,171.64399176211847
FL,12,Hendry,12051,2009,6205728855.0,,,2089275129.0,2202675484.0,1.1794133803914644,,,0.5480333014534804,0.547806352284554,217.94133803914644,,,154.80333014534804,154.7806352284554
FL,12,Hendry,12051,2010,5369147093.0,3080794489.0,,1793269893.0,1888910148.0,0.8856110682866976,,,0.3287103619457863,0.32732540367673923,188.56110682866975,,,132.87103619457864,132.73254036767392
FL,12,Hendry,12051,2011,5106098166.0,3006069116.0,,1705809074.0,1788404937.0,0.7932299210279816,,,0.2639069004461041,0.256701017491171,179.32299210279817,,,126.39069004461041,125.67010174911711
FL,12,Hendry,12051,2012,5068477905.0,2977237145.0,,1673735387.0,1753011037.0,0.780017919325529,,,0.24014213395498119,0.23182994426678483,178.0017919325529,,,124.01421339549812,123.18299442667848
FL,12,Hendry,12051,2013,5132755461.0,3048467908.0,,1747160857.0,1831952113.0,0.8025917972500201,,,0.29454620508814844,0.28730134701154686,180.259179725002,,,129.45462050881486,128.7301347011547
FL,12,Hendry,12051,2014,5169832600.0,3076046018.0,,1778308795.0,1865769302.0,0.8156130578837533,,,0.3176250445508513,0.3110644752303051,181.56130578837534,,,131.76250445508512,131.1064475230305
FL,12,Hendry,12051,2015,5361098890.0,3245390150.0,,1812071084.0,1905913282.0,0.8827845894449458,,,0.3426409684853464,0.33927340010431717,188.2784589444946,,,134.26409684853465,133.92734001043172
FL,12,Hendry,12051,2016,5443586793.0,3279963663.0,,1841741255.0,1938181207.0,0.9117538279855222,,,0.36462486717359766,0.3619478701535064,191.17538279855222,,,136.46248671735975,136.19478701535064
FL,12,Hendry,12051,2017,5578411698.0,3341571102.0,,1910717829.0,,0.9591034961442042,,,0.4157325609809126,,195.91034961442043,,,141.57325609809126,
FL,12,Hendry,12051,2018,5888851044.0,3544705126.0,,2097608848.0,2224851731.0,1.0681278638342708,,,0.5542081102940615,0.5633894630177332,206.8127863834271,,,155.42081102940614,156.33894630177332
FL,12,Hendry,12051,2019,6076246462.0,3669502983.0,,2200667469.0,2338621834.0,1.1339399692220513,,,0.6305686504141335,0.6433350062457741,213.39399692220513,,,163.05686504141335,164.33350062457743
FL,12,Hendry,12051,2020,6451327506.0,4030928771.0,,2416764319.0,2580735825.0,1.2656660992424063,,,0.7906840490496942,0.8134670007083618,226.56660992424062,,,179.0684049049694,181.34670007083616
FL,12,Hendry,12051,2021,7028445526.0,4345703119.0,,2684017344.0,2944735866.0,1.4683463587641592,,,0.9887032456943212,1.0692475638390304,246.83463587641592,,,198.8703245694321,206.92475638390303
FL,12,Hendry,12051,2022,8823239939.0,5059439412.0,,3295389152.0,3915505916.0,2.098666994766881,,,1.4416947666371924,1.7514016355177953,309.8666994766881,,,244.16947666371925,275.14016355177955
FL,12,Hernando,12053,2000,6314935262.0,,,4298322792.0,4298322792.0,0.0,,,0.0,0.0,100.0,,,100.0,100.0
FL,12,Hernando,12053,2001,7037467299.0,,,4733388623.0,4733388623.0,0.11441638069479865,,,0.10121757998485847,0.10121757998485847,111.44163806947986,,,110.12175799848585,110.12175799848585
FL,12,Hernando,12053,2002,7661565684.0,,,5119097942.0,5119097942.0,0.21324532495262805,,,0.19095242254202494,0.19095242254202494,121.3245324952628,,,119.09524225420249,119.09524225420249
FL,12,Hernando,12053,2003,8534965550.0,,,5649033706.0,5649033706.0,0.3515523431188581,,,0.31424138655057066,0.31424138655057066,135.1552343118858,,,131.42413865505708,131.42413865505708
FL,12,Hernando,12053,2004,9671253990.0,,,6338015172.0,6338015172.0,0.5314890159201762,,,0.47453215561108086,0.47453215561108086,153.1489015920176,,,147.4532155611081,147.4532155611081
FL,12,Hernando,12053,2005,11970356241.0,,,7668136229.0,7668136229.0,0.89556278003852,,,0.7839833349119025,0.7839833349119025,189.556278003852,,,178.39833349119024,178.39833349119024
FL,12,Hernando,12053,2006,15705541029.0,,,9924406058.0,9924406058.0,1.4870470364926445,,,1.3089019923006284,1.3089019923006284,248.70470364926445,,,230.89019923006285,230.89019923006285
FL,12,Hernando,12053,2007,17632636341.0,,,11398471460.0,11398471460.0,1.7922117344739932,,,1.6518416628026946,1.6518416628026946,279.22117344739934,,,265.18416628026944,265.18416628026944
FL,12,Hernando,12053,2008,17007851247.0,,,10265186925.0,11452141804.0,1.6932740465835674,,,1.3881842806467382,1.6643280084303171,269.3274046583567,,,238.8184280646738,266.4328008430317
FL,12,Hernando,12053,2009,14923529812.0,,,9325713565.0,10534461191.0,1.3632118450686344,,,1.1696168520328287,1.450830638082055,236.32118450686343,,,216.96168520328288,245.0830638082055
FL,12,Hernando,12053,2010,13249236684.0,12391705466.0,,8460724169.0,9636387527.0,1.0980795739470244,,,0.9683780345084889,1.2418948025344116,209.80795739470244,,,196.8378034508489,224.18948025344116
FL,12,Hernando,12053,2011,12238533715.0,11509173818.0,,7716123568.0,8799603382.0,0.9380299571153388,,,0.7951475357693425,1.0472179051740236,193.80299571153387,,,179.51475357693425,204.72179051740235
FL,12,Hernando,12053,2012,11648968590.0,10923627211.0,,7250764066.0,8228070336.0,0.8446695186405855,,,0.686882167038515,0.9142513799368468,184.46695186405856,,,168.6882167038515,191.42513799368467
FL,12,Hernando,12053,2013,11600754824.0,10943934680.0,,6965564267.0,7925320200.0,0.8370346397384809,,,0.6205307521259795,0.8438168987100121,183.7034639738481,,,162.05307521259795,184.3816898710012
FL,12,Hernando,12053,2014,11964670307.0,11145014307.0,,7184479479.0,8174271366.0,0.8946623853766436,,,0.671461131856288,0.9017351096138897,189.46623853766437,,,167.1461131856288,190.17351096138896
FL,12,Hernando,12053,2015,12394815217.0,11389286766.0,,7384341655.0,8408353713.0,0.9627778754258274,,,0.7179588440271798,0.9561941063732005,196.27778754258273,,,171.79588440271797,195.61941063732004
FL,12,Hernando,12053,2016,12921446658.0,11756595836.0,,7685430938.0,8730586769.0,1.046172466051165,,,0.7880069296573202,1.0311612671922386,204.61724660511652,,,178.80069296573203,203.11612671922384
FL,12,Hernando,12053,2017,14073355264.0,12329356645.0,,8181580532.0,,1.2285826663475303,,,0.903435578925688,,222.85826663475302,,,190.3435578925688,
FL,12,Hernando,12053,2018,15156363579.0,12951181171.0,,8702291198.0,9949227715.0,1.4000821782296207,,,1.0245783341810966,1.314676723097068,240.00821782296208,,,202.45783341810966,231.46767230970678
FL,12,Hernando,12053,2019,16940363124.0,13582999273.0,,9191291778.0,10571450438.0,1.6825869816810801,,,1.1383437733217128,1.4594361451111788,268.258698168108,,,213.83437733217127,245.9436145111179
FL,12,Hernando,12053,2020,18345007501.0,14557379170.0,,9980807200.0,11487210611.0,1.9050190920231165,,,1.3220236550349798,1.672486727236934,290.50190920231165,,,232.202365503498,267.2486727236934
FL,12,Hernando,12053,2021,19484633619.0,15595094873.0,,10863784150.0,12437585335.0,2.0854843019925164,,,1.527447256920671,1.893590346017922,308.54843019925164,,,252.7447256920671,289.3590346017922
FL,12,Hernando,12053,2022,26780022429.0,17902325691.0,,12870356284.0,15679022609.0,3.2407437792986196,,,1.9942740242669053,2.647707109894505,424.07437792986195,,,299.42740242669055,364.7707109894505
FL,12,Highlands,12055,2000,4115626246.0,,,2838025292.0,2838025292.0,0.0,,,0.0,0.0,100.0,,,100.0,100.0
FL,12,Highlands,12055,2001,4255232076.0,,,2961506938.0,2965495218.0,0.03392092033033456,,,0.043509705973402646,0.04491500705061369,103.39209203303345,,,104.35097059734026,104.49150070506137
FL,12,Highlands,12055,2002,4420315520.0,,,3054559139.0,3058665728.0,0.07403229928765498,,,0.07629736338516047,0.0777443515468148,107.4032299287655,,,107.62973633851604,107.77443515468148
FL,12,Highlands,12055,2003,4659794289.0,,,3205620637.0,3209958956.0,0.1322199856045918,,,0.1295250419494851,0.13105368195569977,113.22199856045918,,,112.95250419494852,113.10536819556998
FL,12,Highlands,12055,2004,5164892765.0,,,3482922775.0,3487840077.0,0.2549469889351075,,,0.22723457920472967,0.2289672283160189,125.49469889351074,,,122.72345792047297,122.89672283160189
FL,12,Highlands,12055,2005,6244394728.0,,,4166834074.0,4172330426.0,0.5172404768457686,,,0.468215975997722,0.47015265782205007,151.72404768457685,,,146.8215975997722,147.015265782205
FL,12,Highlands,12055,2006,8847036549.0,,,5887483997.0,5893602309.0,1.149620986016037,,,1.0745001863077124,1.0766560205130125,214.96209860160369,,,207.45001863077124,207.66560205130125
FL,12,Highlands,12055,2007,10241108372.0,,,6867770115.0,6875166780.0,1.48834752231289,,,1.4199115259329407,1.4225177976320866,248.834752231289,,,241.99115259329406,242.25177976320867
FL,12,Highlands,12055,2008,9882198491.0,,,6291178505.0,6707786873.0,1.4011408957760834,,,1.2167450454842528,1.3635402023753351,240.11408957760833,,,221.6745045484253,236.35402023753352
FL,12,Highlands,12055,2009,8884021049.0,,,5717032184.0,6161273032.0,1.1586073462415176,,,1.0144401813879256,1.1709718547497707,215.86073462415177,,,201.44401813879256,217.09718547497707
FL,12,Highlands,12055,2010,7508748139.0,6961792594.0,,4924571683.0,5359024553.0,0.8244485019255074,,,0.7352106399057419,0.8882934440740706,182.44485019255075,,,173.5210639905742,188.82934440740706
FL,12,Highlands,12055,2011,7181962773.0,6739546608.0,,4717279153.0,5133510585.0,0.7450473740126886,,,0.6621695255138691,0.8088318661115019,174.50473740126887,,,166.2169525513869,180.8831866111502
FL,12,Highlands,12055,2012,6876106576.0,6553319950.0,,4554973678.0,4937479377.0,0.6707315399893092,,,0.6049799453302405,0.7397587649828457,167.07315399893093,,,160.49799453302404,173.97587649828458
FL,12,Highlands,12055,2013,6733930111.0,6434638169.0,,4449817579.0,4827780789.0,0.6361860160515653,,,0.5679273865329597,0.7011056253123766,163.61860160515653,,,156.79273865329597,170.11056253123766
FL,12,Highlands,12055,2014,6738229083.0,6439151905.0,,4465824786.0,4837919845.0,0.6372305647406449,,,0.5735676488114962,0.7046781995345235,163.7230564740645,,,157.35676488114962,170.46781995345236
FL,12,Highlands,12055,2015,6838477713.0,6484955382.0,,4508483473.0,4882780894.0,0.6615886147694665,,,0.5885987646793671,0.720485334561282,166.15886147694664,,,158.85987646793672,172.0485334561282
FL,12,Highlands,12055,2016,7268937378.0,6629780361.0,,4631340235.0,5072665656.0,0.7661801493915343,,,0.6318882879779495,0.7873926882537452,176.61801493915343,,,163.18882879779494,178.73926882537452
FL,12,Highlands,12055,2017,7469919359.0,6725818799.0,,4700629795.0,,0.8150140252069915,,,0.6563029964004985,,181.50140252069914,,,165.63029964004986,
FL,12,Highlands,12055,2018,7714237301.0,6923427118.0,,4842080265.0,5340947563.0,0.8743775163008327,,,0.7061441554623045,0.8819238778651448,187.43775163008328,,,170.61441554623045,188.19238778651447
FL,12,Highlands,12055,2019,8081602925.0,7200541505.0,,5058679319.0,5555548950.0,0.9636386887304342,,,0.7824644950345283,0.9575403241332354,196.36386887304343,,,178.24644950345282,195.75403241332353
FL,12,Highlands,12055,2020,8536871284.0,7517463889.0,,5332950124.0,5864661724.0,1.0742581502139639,,,0.8791059188347783,1.0664585832027886,207.42581502139637,,,187.91059188347782,206.64585832027888
FL,12,Highlands,12055,2021,9231112307.0,7924349682.0,,5700461360.0,6306902569.0,1.2429423264495334,,,1.0086013243323837,1.2222855401529662,224.29423264495335,,,200.86013243323836,222.22855401529662
FL,12,Highlands,12055,2022,11473228690.0,8829136312.0,,6479853421.0,7550465966.0,1.787723666878375,,,1.2832261006502685,1.6604646502917775,278.7723666878375,,,228.32261006502685,266.04646502917774
FL,12,Hillsborough,12057,2000,53356474298.0,,,37876484617.0,37965047068.0,0.0,,,0.0,0.0,100.0,,,100.0,100.0
FL,12,Hillsborough,12057,2001,60706431328.0,,,42782759333.0,42891979863.0,0.13775192470458086,,,0.1295335289325643,0.12977549550182998,113.77519247045808,,,112.95335289325644,112.977549550183
FL,12,Hillsborough,12057,2002,66579216803.0,,,46204981176.0,46355925135.0,0.24781889506323007,,,0.21988567955068206,0.221015874205843,124.78188950632301,,,121.9885679550682,122.1015874205843
FL,12,Hillsborough,12057,2003,72263338882.0,,,50205267696.0,50374394070.0,0.3543499609513874,,,0.3254996656544653,0.3268624158366866,135.43499609513873,,,132.54996656544654,132.68624158366868
FL,12,Hillsborough,12057,2004,81135780146.0,,,55938858951.0,56122473628.0,0.52063608425194,,,0.47687567937318853,0.47826693135604037,152.063608425194,,,147.68756793731885,147.82669313560405
FL,12,Hillsborough,12057,2005,96036951272.0,,,64385849349.0,64575411915.0,0.7999118670327852,,,0.6998897865009857,0.700917472835938,179.99118670327852,,,169.98897865009857,170.0917472835938
FL,12,Hillsborough,12057,2006,119643746195.0,,,78230632753.0,78428496650.0,1.2423473021620675,,,1.065414294490465,1.0658079656670796,224.23473021620674,,,206.5414294490465,206.58079656670796
FL,12,Hillsborough,12057,2007,130079682626.0,,,87682116023.0,87891572126.0,1.4379362455527889,,,1.3149486260307768,1.3150655382719676,243.79362455527888,,,231.49486260307768,231.50655382719677
FL,12,Hillsborough,12057,2008,125835886101.0,,,83325384575.0,89319306778.0,1.358399571122277,,,1.1999239215986082,1.3526720938345815,235.8399571122277,,,219.99239215986083,235.26720938345815
FL,12,Hillsborough,12057,2009,106392121091.0,,,73006864521.0,78965311132.0,0.9939870932399291,,,0.9274984270380924,1.0799476684583995,199.3987093239929,,,192.74984270380924,207.99476684583996
FL,12,Hillsborough,12057,2010,93788733798.0,88572705485.0,,64932991219.0,70591269602.0,0.757776071825562,,,0.7143352102390279,0.8593752689299312,175.77760718255618,,,171.43352102390278,185.93752689299313
FL,12,Hillsborough,12057,2011,89129728157.0,85065456584.0,,62140338214.0,67565935023.0,0.6704576029368738,,,0.6406046876406719,0.7796879035071713,167.04576029368738,,,164.0604687640672,177.96879035071714
FL,12,Hillsborough,12057,2012,86958274216.0,83488756119.0,,60804994683.0,66019751010.0,0.6297604997348845,,,0.6053494746898729,0.7389613897159306,162.97604997348844,,,160.5349474689873,173.89613897159307
FL,12,Hillsborough,12057,2013,93300975255.0,86869014087.0,,63953297744.0,69845738969.0,0.748634565580681,,,0.6884697297197431,0.8397379790916055,174.8634565580681,,,168.8469729719743,183.97379790916057
FL,12,Hillsborough,12057,2014,101336487827.0,91770092294.0,,68463954949.0,74812888957.0,0.899235081782727,,,0.8075583212458821,0.9705727961564501,189.9235081782727,,,180.7558321245882,197.057279615645
FL,12,Hillsborough,12057,2015,109941137176.0,97679593225.0,,73654469019.0,80687835700.0,1.0605022843520415,,,0.944596225435923,1.1253189955349803,206.05022843520416,,,194.4596225435923,212.53189955349802
FL,12,Hillsborough,12057,2016,119691855337.0,104256841563.0,,79341612854.0,86908369200.0,1.243248957352613,,,1.0947459527009356,1.289167956102796,224.32489573526132,,,209.47459527009354,228.9167956102796
FL,12,Hillsborough,12057,2017,129579530251.0,112204591544.0,,86207952167.0,,1.4285624557441405,,,1.2760283336407499,,242.85624557441406,,,227.602833364075,
FL,12,Hillsborough,12057,2018,144356444483.0,122715382760.0,,94942522436.0,103854275090.0,1.7055094322154458,,,1.506635011037619,1.7355234119421583,270.55094322154457,,,250.6635011037619,273.55234119421584
FL,12,Hillsborough,12057,2019,155565963597.0,133042940732.0,,103534644832.0,112876338913.0,1.9155967601635777,,,1.733480835904471,1.9731647299376398,291.5596760163578,,,273.3480835904471,297.31647299376397
FL,12,Hillsborough,12057,2020,167141303613.0,144051903520.0,,112807176240.0,121900777972.0,2.1325402551807118,,,1.9782905510024302,2.2108686116906675,313.25402551807116,,,297.829055100243,321.08686116906676
FL,12,Hillsborough,12057,2021,184428779594.0,155448844178.0,,122330062817.0,132418783806.0,2.4565398486405066,,,2.2297100444769082,2.4879130682709785,345.65398486405064,,,322.9710044476908,348.79130682709786
FL,12,Hillsborough,12057,2022,234523881452.0,176436695008.0,,140605946813.0,157914724750.0,3.395415636763519,,,2.7122227216908144,3.159476596121574,439.5415636763519,,,371.2222721690814,415.9476596121574
FL,12,Holmes,12059,2000,644565078.0,,,268028093.0,268210917.0,0.0,,,0.0,0.0,100.0,,,100.0,100.0
FL,12,Holmes,12059,2001,654593276.0,,,277876754.0,279109947.0,0.015558084578699338,,,0.036744883305945164,0.040636041671637146,101.55580845786993,,,103.67448833059451,104.06360416716372
FL,12,Holmes,12059,2002,661667050.0,,,289842239.0,292158550.0,0.026532576125695817,,,0.0813875357461129,0.08928657068794865,102.65325761256958,,,108.13875357461129,108.92865706879486
FL,12,Holmes,12059,2003,707281160.0,,,305767073.0,309747780.0,0.0972998447179294,,,0.14080233000053477,0.1548664143301819,109.72998447179295,,,114.08023300005348,115.48664143301819
FL,12,Holmes,12059,2004,768550503.0,,,320394933.0,328671981.0,0.19235516975991063,,,0.1953781762719926,0.22542357587927708,119.23551697599106,,,119.53781762719926,122.54235758792771
FL,12,Holmes,12059,2005,835289886.0,,,339934901.0,347805597.0,0.2958968993352755,,,0.2682808626333062,0.2967615222015738,129.58968993352755,,,126.82808626333062,129.67615222015738
FL,12,Holmes,12059,2006,1174505977.0,,,407106084.0,417779034.0,0.8221681829929979,,,0.5188933348117355,0.5576511152974433,182.21681829929977,,,151.88933348117354,155.76511152974433
FL,12,Holmes,12059,2007,1219284618.0,,,429907979.0,446757465.0,0.891639276802396,,,0.6039661148505056,0.6656945585850258,189.1639276802396,,,160.39661148505056,166.56945585850258
FL,12,Holmes,12059,2008,1243904380.0,,,395961392.0,452493551.0,0.9298352058719508,,,0.47731302181073976,0.6870810333197586,192.98352058719507,,,147.73130218107397,168.70810333197585
FL,12,Holmes,12059,2009,1259140329.0,,,408705203.0,465661852.0,0.9534727709837236,,,0.5248595713435158,0.7361778454379617,195.34727709837236,,,152.48595713435157,173.61778454379618
FL,12,Holmes,12059,2010,1202125300.0,721478278.0,,408011267.0,467672298.0,0.8650177321583035,,,0.5222705293060455,0.7436736104220545,186.50177321583035,,,152.22705293060454,174.36736104220546
FL,12,Holmes,12059,2011,1177842257.0,716319843.0,,403055500.0,463799954.0,0.8273442003012146,,,0.5037807995746177,0.7292359281557506,182.73442003012147,,,150.37807995746178,172.92359281557506
FL,12,Holmes,12059,2012,1111337889.0,708080277.0,,398081466.0,459475380.0,0.7241670809227427,,,0.4852229165395734,0.7131121474820505,172.41670809227426,,,148.52229165395732,171.31121474820506
FL,12,Holmes,12059,2013,1113551551.0,712907140.0,,403934620.0,465499172.0,0.7276014308054088,,,0.5070607542620542,0.7355713078599257,172.76014308054087,,,150.70607542620542,173.55713078599257
FL,12,Holmes,12059,2014,1116748061.0,722095015.0,,412882170.0,476795334.0,0.7325606042218751,,,0.5404436355109985,0.7776880200592282,173.25606042218752,,,154.04436355109985,177.76880200592282
FL,12,Holmes,12059,2015,1124041150.0,736707588.0,,425539501.0,488638290.0,0.743875348456281,,,0.5876675322985638,0.8218434039357168,174.3875348456281,,,158.7667532298564,182.1843403935717
FL,12,Holmes,12059,2016,1154385139.0,754377633.0,,441095269.0,504856695.0,0.7909520363434892,,,0.6457053589528019,0.8823122512943797,179.09520363434893,,,164.5705358952802,188.23122512943797
FL,12,Holmes,12059,2017,1158615578.0,767457383.0,,451464958.0,,0.7975152820798648,,,0.68439417281531,,179.75152820798647,,,168.439417281531,
FL,12,Holmes,12059,2018,1173696457.0,785157311.0,,451808699.0,520963887.0,0.8209122663638939,,,0.6856766540513348,0.9423664511016157,182.0912266363894,,,168.56766540513348,194.23664511016156
FL,12,Holmes,12059,2019,1178676045.0,792356085.0,,459757745.0,529650653.0,0.8286377671239582,,,0.7153341646168412,0.9747542677392211,182.86377671239583,,,171.5334164616841,197.47542677392212
FL,12,Holmes,12059,2020,1185515415.0,801170026.0,,465349843.0,537120456.0,0.8392485964000675,,,0.7361980148849545,1.0026047485606262,183.92485964000676,,,173.61980148849545,200.26047485606261
FL,12,Holmes,12059,2021,1223671377.0,831853476.0,,490979630.0,564947164.0,0.8984450426586716,,,0.831821524768301,1.1063540974359372,189.84450426586716,,,183.18215247683008,210.63540974359373
FL,12,Holmes,12059,2022,1287424922.0,884599809.0,,534886352.0,615790691.0,0.9973544424632945,,,0.9956354052782073,1.295919561693307,199.73544424632945,,,199.56354052782072,229.5919561693307
FL,12,Indian River,12061,2000,9835062545.0,,,7440896735.0,7440896735.0,0.0,,,0.0,0.0,100.0,,,100.0,100.0
FL,12,Indian River,12061,2001,11247646904.0,,,8541205140.0,8541205140.0,0.14362738950939735,,,0.14787309166977702,0.14787309166977702,114.36273895093973,,,114.7873091669777,114.7873091669777
FL,12,Indian River,12061,2002,12679434232.0,,,9500891213.0,9530620283.0,0.2892072799726155,,,0.27684761008849024,0.28084297127394553,128.92072799726157,,,127.68476100884902,128.08429712739456
FL,12,Indian River,12061,2003,14240720350.0,,,10683927943.0,10717793063.0,0.4479542234573557,,,0.4358387602324385,0.44038997512038436,144.79542234573557,,,143.58387602324385,144.03899751203843
FL,12,Indian River,12061,2004,16416179277.0,,,12179995659.0,12222585880.0,0.6691484372253171,,,0.6368988971058474,0.6426226992921706,166.9148437225317,,,163.68988971058474,164.26226992921707
FL,12,Indian River,12061,2005,19977045580.0,,,14242739175.0,14279412670.0,1.0312067654471635,,,0.9141159570197959,0.9190445961752753,203.12067654471636,,,191.4115957019796,191.90445961752752
FL,12,Indian River,12061,2006,26214228265.0,,,17846225034.0,17885105074.0,1.6653850084895416,,,1.3983970843266915,1.403622266369216,266.5385008489542,,,239.83970843266914,240.3622266369216
FL,12,Indian River,12061,2007,25938181831.0,,,18580296938.0,18620780021.0,1.6373174255192295,,,1.4970507722010469,1.5024913910460285,263.73174255192293,,,249.7050772201047,250.24913910460285
FL,12,Indian River,12061,2008,24881555781.0,,,17450765507.0,18329983650.0,1.5298828215026874,,,1.3452503278154957,1.4634105676780367,252.98828215026873,,,234.52503278154956,246.34105676780368
FL,12,Indian River,12061,2009,22033450631.0,,,15796158693.0,16698857305.0,1.240295934081424,,,1.1228837404366963,1.244199576974777,224.0295934081424,,,212.28837404366962,224.41995769747768
FL,12,Indian River,12061,2010,19459171888.0,17622723225.0,,14146619221.0,14997896862.0,0.9785509038671802,,,0.9011981653310768,1.0156034139613683,197.85509038671802,,,190.11981653310767,201.56034139613683
FL,12,Indian River,12061,2011,17937952924.0,16518436094.0,,13205943721.0,14010422883.0,0.8238778698076901,,,0.7747785235189129,0.8828944120536837,182.387786980769,,,177.47785235189127,188.28944120536838
FL,12,Indian River,12061,2012,17199280006.0,15917290340.0,,12701808624.0,13493146885.0,0.7487717975666417,,,0.7070265959012803,0.8133764471601688,174.87717975666416,,,170.70265959012804,181.33764471601688
FL,12,Indian River,12061,2013,17530475451.0,16115203311.0,,12860457144.0,13688603296.0,0.7824467684663818,,,0.7283477518922994,0.8396443041081929,178.24467684663819,,,172.83477518922993,183.9644304108193
FL,12,Indian River,12061,2014,18552319692.0,16706318101.0,,13402059461.0,14298612080.0,0.8863448612669702,,,0.8011349892762623,0.9216248510402154,188.63448612669703,,,180.11349892762624,192.16248510402153
FL,12,Indian River,12061,2015,20640095535.0,17749719621.0,,14301405281.0,15356494592.0,1.098623719021809,,,0.9220002360374109,1.0637962249586308,209.8623719021809,,,192.2000236037411,206.3796224958631
FL,12,Indian River,12061,2016,22623265463.0,18697149485.0,,15151534700.0,16383447933.0,1.3002665574812569,,,1.0362511723528174,1.201810953233179,230.02665574812568,,,203.62511723528175,220.18109532331792
FL,12,Indian River,12061,2017,24402544001.0,19857018536.0,,16301511097.0,,1.481178323914767,,,1.1907992648684433,,248.1178323914767,,,219.07992648684433,
FL,12,Indian River,12061,2018,25929906002.0,21109005621.0,,17381933356.0,18785850813.0,1.6364759637631772,,,1.3359998095713395,1.524675651610155,263.6475963763177,,,233.59998095713394,252.4675651610155
FL,12,Indian River,12061,2019,27659639813.0,22450050444.0,,18580417540.0,19931951889.0,1.8123501692484663,,,1.4970669801937522,1.6787029304203882,281.2350169248466,,,249.7066980193752,267.87029304203884
FL,12,Indian River,12061,2020,28670029205.0,23636859554.0,,19578008897.0,20874468280.0,1.9150835669647486,,,1.6311356808528537,1.8053699739995115,291.50835669647483,,,263.11356808528535,280.53699739995113
FL,12,Indian River,12061,2021,30181799751.0,24786710640.0,,20589328347.0,21951657722.0,2.0687959138952277,,,1.7670493329323165,1.950136052654143,306.8795913895228,,,276.70493329323165,295.0136052654143
FL,12,Indian River,12061,2022,37538448517.0,27752080059.0,,23365397883.0,25814983441.0,2.8167981489943843,,,2.140131991497124,2.4693376833968386,381.67981489943844,,,314.0131991497124,346.93376833968387
FL,12,Jackson,12063,2000,1783501842.0,,,811372374.0,811372374.0,0.0,,,0.0,0.0,100.0,,,100.0,100.0
FL,12,Jackson,12063,2001,2000373273.0,,,878527138.0,878887893.0,0.12159865826480032,,,0.08276688503569885,0.08321150825872214,112.15986582648003,,,108.27668850356989,108.32115082587221
FL,12,Jackson,12063,2002,2101794892.0,,,946100169.0,949908763.0,0.17846522078332683,,,0.16604927566833827,0.17074329055231052,117.84652207833268,,,116.60492756683382,117.07432905523105
FL,12,Jackson,12063,2003,2185465039.0,,,986072817.0,1006635812.0,0.2253786273353342,,,0.2153147538641733,0.2406582282773162,122.53786273353342,,,121.53147538641733,124.06582282773162
FL,12,Jackson,12063,2004,2307835283.0,,,1058756004.0,1080514681.0,0.2939909725083423,,,0.30489530815600574,0.3317124363911359,129.39909725083422,,,130.48953081560057,133.17124363911358
FL,12,Jackson,12063,2005,2450170308.0,,,1109935590.0,1178725268.0,0.3737974642360924,,,0.3679731102109227,0.4527549936029742,137.37974642360925,,,136.79731102109227,145.27549936029743
FL,12,Jackson,12063,2006,2689571829.0,,,1279690933.0,1352255823.0,0.5080286241722873,,,0.5771931285893153,0.6666278842271749,150.80286241722874,,,157.71931285893152,166.66278842271748
FL,12,Jackson,12063,2007,2932968042.0,,,1411825606.0,1485147618.0,0.6444995866732612,,,0.7400464339694168,0.8304143271212732,164.44995866732611,,,174.00464339694167,183.04143271212732
FL,12,Jackson,12063,2008,3039904983.0,,,1373587205.0,1553119549.0,0.7044585609124367,,,0.6929183800384113,0.9141883539160283,170.44585609124368,,,169.29183800384112,191.41883539160284
FL,12,Jackson,12063,2009,3092002670.0,,,1448420903.0,1617278728.0,0.7336694570119766,,,0.7851493955351259,0.9932632411761162,173.36694570119766,,,178.5149395535126,199.32632411761162
FL,12,Jackson,12063,2010,3046404967.0,2407839377.0,,1432377309.0,1602430656.0,0.7081030673810764,,,0.7653759912215103,0.9749632934877321,170.81030673810764,,,176.53759912215102,197.4963293487732
FL,12,Jackson,12063,2011,3018187075.0,2402398706.0,,1425227926.0,1595667335.0,0.6922814453701025,,,0.7565645216311001,0.966627637484734,169.22814453701025,,,175.65645216311,196.6627637484734
FL,12,Jackson,12063,2012,2972531505.0,2382139947.0,,1400880233.0,1569815212.0,0.666682610019979,,,0.7265564836694822,0.9347654200511393,166.6682610019979,,,172.6556483669482,193.4765420051139
FL,12,Jackson,12063,2013,2967272759.0,2392017973.0,,1419199587.0,1585488690.0,0.6637340590983254,,,0.7491347160409976,0.9540826638990298,166.37340590983254,,,174.91347160409975,195.408266389903
FL,12,Jackson,12063,2014,2985867701.0,2407916624.0,,1432962891.0,1599605449.0,0.6741601442091474,,,0.766097709163561,0.9714812831426276,167.41601442091473,,,176.6097709163561,197.14812831426275
FL,12,Jackson,12063,2015,2995993686.0,2441177222.0,,1503357394.0,1628765211.0,0.679837730159182,,,0.8528575068295337,1.007420098579792,167.9837730159182,,,185.28575068295336,200.7420098579792
FL,12,Jackson,12063,2016,3023442222.0,2465296161.0,,1521598885.0,1655313490.0,0.6952279783515918,,,0.8753397746322578,1.040140314168498,169.52279783515917,,,187.53397746322577,204.0140314168498
FL,12,Jackson,12063,2017,3031731539.0,2480253780.0,,1537214805.0,,0.6998757543195182,,,0.8945860794121641,,169.98757543195183,,,189.4586079412164,
FL,12,Jackson,12063,2018,3062944615.0,2512701632.0,,1560127528.0,1694459633.0,0.7173767600740162,,,0.9228255459434709,1.0883871417096094,171.73767600740163,,,192.2825545943471,208.83871417096094
FL,12,Jackson,12063,2019,2987898761.0,2444455200.0,,1510183969.0,1632773252.0,0.6752989487520811,,,0.8612711221050275,1.0123599278473834,167.5298948752081,,,186.12711221050276,201.23599278473833
FL,12,Jackson,12063,2020,3113347281.0,2551091566.0,,1607744811.0,1742491637.0,0.7456372669112163,,,0.9815128817782499,1.1475856127682258,174.56372669112164,,,198.151288177825,214.75856127682258
FL,12,Jackson,12063,2021,3389000015.0,2709602835.0,,1757515608.0,1916239373.0,0.9001942892302324,,,1.166102352407675,1.36172617457148,190.01942892302324,,,216.6102352407675,236.172617457148
FL,12,Jackson,12063,2022,3814037063.0,2916553125.0,,1937273701.0,2150861757.0,1.138510302138505,,,1.3876505573506255,1.6508935057727268,213.8510302138505,,,238.76505573506256,265.0893505772727
FL,12,Jefferson,12065,2000,853869211.0,,,301700953.0,301700953.0,0.0,,,0.0,0.0,100.0,,,100.0,100.0
FL,12,Jefferson,12065,2001,936689397.0,,,328636952.0,328636952.0,0.09699399502062622,,,0.08928045712868538,0.08928045712868538,109.69939950206262,,,108.92804571286854,108.92804571286854
FL,12,Jefferson,12065,2002,969098944.0,,,339634606.0,339634606.0,0.13495009717594786,,,0.12573262571033372,0.12573262571033372,113.49500971759478,,,112.57326257103337,112.57326257103337
FL,12,Jefferson,12065,2003,1000942529.0,,,350366516.0,350366516.0,0.172243378851612,,,0.16130397506566707,0.16130397506566707,117.2243378851612,,,116.13039750656671,116.13039750656671
FL,12,Jefferson,12065,2004,1070390598.0,,,378796569.0,378796569.0,0.25357675884158337,,,0.25553653454982617,0.25553653454982617,125.35767588415834,,,125.55365345498262,125.55365345498262
FL,12,Jefferson,12065,2005,1202994369.0,,,436094313.0,436094313.0,0.40887427899072004,,,0.4454522223534376,0.4454522223534376,140.887427899072,,,144.54522223534377,144.54522223534377
FL,12,Jefferson,12065,2006,1305474742.0,,,505375668.0,505375668.0,0.5288930964861784,,,0.6750880730562359,0.6750880730562359,152.88930964861785,,,167.50880730562358,167.50880730562358
FL,12,Jefferson,12065,2007,1530989010.0,,,601554534.0,601554534.0,0.7930017738981339,,,0.9938768108564775,0.9938768108564775,179.3001773898134,,,199.38768108564776,199.38768108564776
FL,12,Jefferson,12065,2008,1621121798.0,,,577771345.0,621186733.0,0.8985598463041431,,,0.9150464698730998,1.058948527749596,189.8559846304143,,,191.50464698730997,205.8948527749596
FL,12,Jefferson,12065,2009,1626003772.0,,,572606662.0,620655149.0,0.9042773191174356,,,0.8979279193725318,1.0571865711010862,190.42773191174356,,,189.79279193725318,205.7186571101086
FL,12,Jefferson,12065,2010,1600825124.0,832828176.0,,542142549.0,592326490.0,0.874789608733181,,,0.796953385825069,0.9632900861271061,187.4789608733181,,,179.6953385825069,196.3290086127106
FL,12,Jefferson,12065,2011,1600276323.0,825765134.0,,534121085.0,586884655.0,0.8741468861792698,,,0.7703659192617798,0.9452529041232429,187.41468861792697,,,177.03659192617798,194.5252904123243
FL,12,Jefferson,12065,2012,1584143686.0,837941575.0,,544425800.0,597892080.0,0.8552533170094594,,,0.8045213135273059,0.9817374590792227,185.52533170094594,,,180.4521313527306,198.17374590792227
FL,12,Jefferson,12065,2013,1617966601.0,873281263.0,,574874490.0,629304430.0,0.8948646703224437,,,0.9054447269180486,1.0858549624800156,189.48646703224438,,,190.54447269180486,208.58549624800156
FL,12,Jefferson,12065,2014,1603325434.0,879749009.0,,578142024.0,633144649.0,0.8777178206511067,,,0.9162751003971803,1.0985835235329868,187.77178206511067,,,191.62751003971803,209.85835235329867
FL,12,Jefferson,12065,2015,1514421560.0,873317810.0,,567262358.0,623219779.0,0.7735989780289665,,,0.8802140078092495,1.0656871408689255,177.35989780289665,,,188.02140078092495,206.56871408689256
FL,12,Jefferson,12065,2016,1434054393.0,878502963.0,,572232304.0,628555196.0,0.6794778105660024,,,0.8966870946542884,1.0833715961115975,167.94778105660023,,,189.66870946542883,208.33715961115976
FL,12,Jefferson,12065,2017,1431721431.0,883925095.0,,571983315.0,,0.6767455865087986,,,0.8958618105525176,,167.67455865087985,,,189.58618105525176,
FL,12,Jefferson,12065,2018,1380967929.0,920946438.0,,598634957.0,663622791.0,0.6173061532253796,,,0.9841997549142645,1.1996045567678402,161.73061532253797,,,198.41997549142644,219.96045567678402
FL,12,Jefferson,12065,2019,1524038756.0,955551172.0,,625364617.0,695550965.0,0.7848620565849165,,,1.0727962930896013,1.3054317796603048,178.48620565849166,,,207.27962930896012,230.54317796603047
FL,12,Jefferson,12065,2020,1594376930.0,1002140625.0,,662919019.0,739689764.0,0.8672378737403614,,,1.1972718760354728,1.451731612528251,186.72378737403614,,,219.7271876035473,245.17316125282508
FL,12,Jefferson,12065,2021,1731798686.0,1056446389.0,,711097997.0,794515273.0,1.02817792665439,,,1.3569630454564723,1.633452977525066,202.81779266543901,,,235.69630454564722,263.3452977525066
FL,12,Jefferson,12065,2022,1948326309.0,1168076532.0,,807567324.0,909156655.0,1.2817619887221814,,,1.6767145279783056,2.013436470649796,228.17619887221815,,,267.67145279783057,301.3436470649796
FL,12,Lafayette,12067,2000,324726840.0,,,137267593.0,137267593.0,0.0,,,0.0,0.0,100.0,,,100.0,100.0
FL,12,Lafayette,12067,2001,341147083.0,,,146849050.0,146849050.0,0.05056632522276261,,,0.06980130408493435,0.06980130408493435,105.05663252227626,,,106.98013040849344,106.98013040849344
FL,12,Lafayette,12067,2002,366204825.0,,,148450553.0,148450553.0,0.127731926932803,,,0.08146831860015213,0.08146831860015213,112.7731926932803,,,108.14683186001521,108.14683186001521
FL,12,Lafayette,12067,2003,386703911.0,,,149430462.0,149430462.0,0.19085909560170644,,,0.08860699553462692,0.08860699553462692,119.08590956017065,,,108.8606995534627,108.8606995534627
FL,12,Lafayette,12067,2004,401335512.0,,,155647751.0,155647751.0,0.2359172774261591,,,0.13390019886194104,0.13390019886194104,123.59172774261592,,,113.39001988619411,113.39001988619411
FL,12,Lafayette,12067,2005,497361243.0,,,171797608.0,171797608.0,0.5316296090584935,,,0.2515525641948133,0.2515525641948133,153.16296090584936,,,125.15525641948133,125.15525641948133
FL,12,Lafayette,12067,2006,882350915.0,,,213687155.0,213687155.0,1.717209686147286,,,0.5567196184462855,0.5567196184462855,271.72096861472863,,,155.67196184462856,155.67196184462856
FL,12,Lafayette,12067,2007,921049821.0,,,246009036.0,246009036.0,1.8363834076665793,,,0.7921858366089365,0.7921858366089365,283.6383407666579,,,179.21858366089364,179.21858366089364
FL,12,Lafayette,12067,2008,926381165.0,,,231903547.0,250357700.0,1.8528013421988772,,,0.6894267753350931,0.8238660307826626,285.2801342198877,,,168.9426775335093,182.38660307826626
FL,12,Lafayette,12067,2009,857648535.0,,,228289760.0,247754447.0,1.6411384257611719,,,0.6631001900062456,0.804901226759327,264.1138425761172,,,166.31001900062458,180.4901226759327
FL,12,Lafayette,12067,2010,780659507.0,399649286.0,,220494451.0,240398010.0,1.404049837703591,,,0.6063110467741646,0.751309283903594,240.4049837703591,,,160.63110467741646,175.1309283903594
FL,12,Lafayette,12067,2011,705734564.0,387661233.0,,217703519.0,238139079.0,1.1733176228980642,,,0.5859789935997493,0.7348528796596587,217.33176228980642,,,158.59789935997492,173.48528796596588
FL,12,Lafayette,12067,2012,710228151.0,421648364.0,,239548994.0,261081499.0,1.1871556752130497,,,0.7451241677997515,0.9019893428159698,218.71556752130496,,,174.51241677997515,190.19893428159696
FL,12,Lafayette,12067,2013,701460501.0,418199495.0,,239812263.0,261479581.0,1.1601555972398216,,,0.7470420931763553,0.9048893863826986,216.01555972398216,,,174.70420931763553,190.48893863826984
FL,12,Lafayette,12067,2014,701933317.0,423990591.0,,244057687.0,265627933.0,1.1616116394936742,,,0.777970179749564,0.9351102994863472,216.16116394936742,,,177.7970179749564,193.51102994863473
FL,12,Lafayette,12067,2015,702077183.0,427246448.0,,252645522.0,274396818.0,1.1620546764782365,,,0.8405329071370837,0.9989919834902328,216.20546764782364,,,184.05329071370838,199.89919834902327
FL,12,Lafayette,12067,2016,726507421.0,430544515.0,,255469382.0,277647972.0,1.2372878724776801,,,0.8611048421312377,1.0226767726596617,223.72878724776803,,,186.11048421312378,202.26767726596617
FL,12,Lafayette,12067,2017,733794663.0,435431580.0,,261049573.0,,1.259729017164088,,,0.9017567606069992,,225.9729017164088,,,190.1756760606999,
FL,12,Lafayette,12067,2018,742035189.0,445068365.0,,265012491.0,289333185.0,1.2851058107792999,,,0.9306267794759102,1.1078040247999397,228.51058107793,,,193.06267794759103,210.78040247999397
FL,12,Lafayette,12067,2019,748777513.0,448604610.0,,269079687.0,293440384.0,1.3058688742821505,,,0.9602564678175716,1.1377251366241996,230.58688742821505,,,196.02564678175716,213.77251366241995
FL,12,Lafayette,12067,2020,764951697.0,459910898.0,,280849796.0,304756238.0,1.3556774580136337,,,1.0460021907720054,1.2201615934213983,235.56774580136337,,,204.60021907720053,222.01615934213982
FL,12,Lafayette,12067,2021,804320403.0,475118386.0,,293825460.0,319365766.0,1.4769138362569598,,,1.1405304309517543,1.326592599318034,247.69138362569598,,,214.05304309517544,232.6592599318034
FL,12,Lafayette,12067,2022,897945984.0,505708092.0,,321778731.0,354097889.0,1.765234878644463,,,1.344171147519138,1.5796175285159988,276.5234878644463,,,234.4171147519138,257.9617528515999
FL,12,Lake,12069,2000,10558098414.0,,,7682393417.0,7743747418.0,0.0,,,0.0,0.0,100.0,,,100.0,100.0
FL,12,Lake,12069,2001,11470499134.0,,,8480649334.0,8541301623.0,0.0864171448515918,,,0.10390719059421993,0.10299331343712481,108.64171448515918,,,110.390719059422,110.29933134371248
FL,12,Lake,12069,2002,12571991643.0,,,9304670805.0,9373898757.0,0.1907439341851167,,,0.21116822583052564,0.21051194609095658,119.07439341851168,,,121.11682258305257,121.05119460909566
FL,12,Lake,12069,2003,13992518121.0,,,10388348866.0,10468581323.0,0.32528771492089636,,,0.35222817969880604,0.3518753592951964,132.52877149208965,,,135.2228179698806,135.18753592951964
FL,12,Lake,12069,2004,15900386491.0,,,11726185525.0,11819257254.0,0.5059896079313055,,,0.5263713908547936,0.5262968451846268,150.59896079313054,,,152.63713908547936,152.62968451846268
FL,12,Lake,12069,2005,18919130468.0,,,14201331685.0,14297179504.0,0.7919070012563343,,,0.8485556406906414,0.8462869115238489,179.19070012563344,,,184.85556406906414,184.6286911523849
FL,12,Lake,12069,2006,25746567.0,,,18932677.0,19029256.0,-0.9975614390025139,,,-0.9975355757024751,-0.9975426295599767,0.2438560997486076,,,0.24644242975248817,0.2457370440023306
FL,12,Lake,12069,2007,29718991930.0,,,22280949952.0,22446035870.0,1.814805352694262,,,1.9002615126030324,1.8986012402503185,281.4805352694262,,,290.02615126030327,289.86012402503184
FL,12,Lake,12069,2008,29741610069.0,,,20965796687.0,22737182842.0,1.816947607683097,,,1.7290709482029123,1.9361989247154963,281.6947607683097,,,272.9070948202912,293.61989247154963
FL,12,Lake,12069,2009,26871585922.0,,,19121877053.0,20943226804.0,1.5451160680950249,,,1.4890520460311385,1.7045338223866122,254.5116068095025,,,248.90520460311384,270.4533822386612
FL,12,Lake,12069,2010,23997413266.0,22953228499.0,,17032567921.0,18840365871.0,1.2728916065206892,,,1.2170913407414736,1.4329778405745,227.28916065206892,,,221.70913407414736,243.29778405745
FL,12,Lake,12069,2011,22109567785.0,21458843901.0,,15635431117.0,17388203284.0,1.0940861619250293,,,1.035229162099549,1.245450728878616,209.40861619250293,,,203.5229162099549,224.5450728878616
FL,12,Lake,12069,2012,20902491110.0,20460357076.0,,14712442940.0,16416027053.0,0.9797590712247362,,,0.9150858516882956,1.1199073480678963,197.97590712247361,,,191.50858516882957,211.99073480678962
FL,12,Lake,12069,2013,21109229786.0,20586546761.0,,14807309964.0,16530851661.0,0.9993401234079462,,,0.9274344804099219,1.1347353895576142,199.93401234079462,,,192.7434480409922,213.47353895576143
FL,12,Lake,12069,2014,22285653823.0,21378922639.0,,15463631695.0,17305418618.0,1.1107639793780768,,,1.012866414883319,1.2347602115449061,211.07639793780768,,,201.2866414883319,223.4760211544906
FL,12,Lake,12069,2015,23709393582.0,22373782006.0,,16272949966.0,18223535237.0,1.2456121028916942,,,1.118213567400801,1.353322526331398,224.56121028916942,,,211.8213567400801,235.3322526331398
FL,12,Lake,12069,2016,25204095882.0,23476274694.0,,17221433669.0,19269193798.0,1.387181374306898,,,1.241675573512223,1.4883551538896538,238.71813743068978,,,224.16755735122229,248.83551538896538
FL,12,Lake,12069,2017,27497950149.0,25255491215.0,,18784934863.0,,1.6044415453201135,,,1.4451930333887506,,260.44415453201134,,,244.51930333887506,
FL,12,Lake,12069,2018,32105167945.0,27533475938.0,,20635656678.0,23166652372.0,2.0408096880806363,,,1.6860973602752947,1.9916590923601327,304.08096880806363,,,268.6097360275295,299.16590923601325
FL,12,Lake,12069,2019,34276835083.0,29657800119.0,,22375015916.0,25132489475.0,2.2464970242699236,,,1.9125058691328407,2.2455203041076257,324.64970242699235,,,291.25058691328405,324.5520304107626
FL,12,Lake,12069,2020,37232018650.0,32199773860.0,,24499403221.0,27368873567.0,2.526394355315961,,,2.1890326218892207,2.534318991781971,352.63943553159606,,,318.90326218892204,353.4318991781971
FL,12,Lake,12069,2021,40067687203.0,34373080076.0,,26389266418.0,29401342583.0,2.7949719383057077,,,2.4350318950868175,2.7967848117899448,379.4971938305708,,,343.50318950868177,379.6784811789945
FL,12,Lake,12069,2022,49316618024.0,38719178134.0,,30423152729.0,34475435073.0,3.6709754058179973,,,2.960113870461003,3.4520350693339203,467.0975405817997,,,396.0113870461003,445.203506933392
FL,12,Lee,12071,2000,34435192342.0,,,27880865582.0,27882968432.0,0.0,,,0.0,0.0,100.0,,,100.0,100.0
FL,12,Lee,12071,2001,39388213330.0,,,31854496020.0,31855496020.0,0.14383601923311717,,,0.14252177452357828,0.14247147313916964,114.38360192331172,,,114.25217745235783,114.24714731391697
FL,12,Lee,12071,2002,46209379470.0,,,36899612280.0,36900387280.0,0.3419230829629847,,,0.323474415508195,0.3234023977752356,134.19230829629848,,,132.3474415508195,132.34023977752355
FL,12,Lee,12071,2003,54436325908.0,,,43139879708.0,43145711788.0,0.5808340887820442,,,0.5472934145864998,0.5473858851586135,158.0834088782044,,,154.72934145864997,154.73858851586135
FL,12,Lee,12071,2004,64082937852.0,,,50228609202.0,50239954292.0,0.8609722639428723,,,0.80154411111353,0.8018151264820828,186.09722639428722,,,180.154411111353,180.18151264820827
FL,12,Lee,12071,2005,82482818108.0,,,63967020978.0,63982337148.0,1.395305862932473,,,1.2942982451483633,1.2946745180319614,239.5305862932473,,,229.42982451483633,229.46745180319616
FL,12,Lee,12071,2006,118248053543.0,,,89514738.0,89532652.0,2.433930392157994,,,-0.9967893845427169,-0.9967889842066726,343.3930392157994,,,0.32106154572830436,0.32110157933273525
FL,12,Lee,12071,2007,125322466658.0,,,96281886568.0,96321258778.0,2.639371762856291,,,2.453332045406796,2.4544836577534737,363.9371762856291,,,345.3332045406796,345.4483657753474
FL,12,Lee,12071,2008,110753036443.0,,,84528427863.0,88318947323.0,2.2162746571308234,,,2.0317720091721934,2.1674872615657526,321.62746571308236,,,303.17720091721935,316.74872615657523
FL,12,Lee,12071,2009,82498302834.0,,,64924773335.0,68328783915.0,1.3957555402813377,,,1.328649845681825,1.450556298610667,239.57555402813378,,,232.8649845681825,245.0556298610667
FL,12,Lee,12071,2010,70351061296.0,67349685996.0,,55727980232.0,58881699166.0,1.0429989354290332,,,0.9987894589606361,1.1117442825213755,204.29989354290333,,,199.8789458960636,211.17442825213755
FL,12,Lee,12071,2011,68162976013.0,64581156878.0,,53309590660.0,56731153199.0,0.9794568108121997,,,0.9120493409077259,1.0346166993429677,197.94568108121996,,,191.20493409077258,203.46166993429676
FL,12,Lee,12071,2012,68677054192.0,64221692104.0,,52934493459.0,56831033309.0,0.9943856712028816,,,0.8985957700386005,1.0381988183072228,199.43856712028816,,,189.85957700386004,203.8198818307223
FL,12,Lee,12071,2013,72538308587.0,66208416433.0,,54631753411.0,59373072990.0,1.106516724709166,,,0.959471209755786,1.1293670053386515,210.6516724709166,,,195.9471209755786,212.93670053386515
FL,12,Lee,12071,2014,79853364698.0,70032884168.0,,58345325592.0,64263857715.0,1.3189463820884266,,,1.0926655028123653,1.304771024352175,231.89463820884265,,,209.26655028123653,230.47710243521752
FL,12,Lee,12071,2015,87338998450.0,74744964052.0,,62686090992.0,69005065077.0,1.5363296241407705,,,1.248355267437263,1.4748105728157,253.63296241407704,,,224.83552674372632,247.48105728157
FL,12,Lee,12071,2016,97109561807.0,80710011166.0,,67957943469.0,75704494252.0,1.8200673555860227,,,1.4374402318726403,1.7150801549923012,282.00673555860226,,,243.74402318726402,271.5080154992301
FL,12,Lee,12071,2017,105588873339.0,87570461363.0,,73958298538.0,,2.066307058497684,,,1.6526543202355874,,306.6307058497684,,,265.26543202355873,
FL,12,Lee,12071,2018,109528788321.0,93177834213.0,,78472533840.0,85729974656.0,2.180722420051932,,,1.8145659111337702,2.0746358611377853,318.07224200519323,,,281.45659111337704,307.46358611377855
FL,12,Lee,12071,2019,115679732433.0,99311878054.0,,83546189701.0,90730573585.0,2.3593461968820617,,,1.9965421789106061,2.253978277322607,335.93461968820617,,,299.6542178910606,325.39782773226074
FL,12,Lee,12071,2020,121864700387.0,106022254376.0,,89314624576.0,96555800110.0,2.538958028074197,,,2.203438010678617,2.462895291994354,353.89580280741967,,,320.3438010678617,346.28952919943544
FL,12,Lee,12071,2021,133042572700.0,113773956339.0,,96014098787.0,104633726525.0,2.8635640939263842,,,2.443727329935807,2.7526035572638916,386.3564093926384,,,344.3727329935807,375.26035572638915
FL,12,Lee,12071,2022,180631333046.0,131848395018.0,,112604537950.0,133137648232.0,4.245544478219369,,,3.038774822783764,3.7748735417712576,524.5544478219368,,,403.87748227837636,477.4873541771258
FL,12,Leon,12073,2000,14684025722.0,,,8225598821.0,8225598821.0,0.0,,,0.0,0.0,100.0,,,100.0,100.0
FL,12,Leon,12073,2001,15397336154.0,,,8742136729.0,8747137535.0,0.04857730744310129,,,0.06279638956877842,0.06340434603600031,104.85773074431013,,,106.27963895687785,106.34043460360003
FL,12,Leon,12073,2002,16235536802.0,,,9290697765.0,9336482381.0,0.10565979039899687,,,0.12948588512252712,0.13505199854433791,110.56597903989969,,,112.94858851225271,113.5051998544338
FL,12,Leon,12073,2003,17516441634.0,,,9956459043.0,10004375278.0,0.19289096638916936,,,0.2104236128780197,0.216248870837072,119.28909663891693,,,121.04236128780197,121.6248870837072
FL,12,Leon,12073,2004,18639476728.0,,,10809821110.0,10859884043.0,0.269371021331966,,,0.3141682867394975,0.3202545224153961,126.9371021331966,,,131.41682867394974,132.0254522415396
FL,12,Leon,12073,2005,21285787099.0,,,12612869944.0,12662323180.0,0.4495879741690363,,,0.5333679916165219,0.5393801053940313,144.95879741690362,,,153.33679916165218,153.93801053940314
FL,12,Leon,12073,2006,25279268.0,,,14731323.0,14782101.0,-0.9982784511224244,,,-0.9982090880772849,-0.998202914909701,0.1721548877575577,,,0.17909119227150794,0.17970850902989838
FL,12,Leon,12073,2007,27755872410.0,,,16383809278.0,16435735641.0,0.8902086481921241,,,0.9918074822919936,0.9981202583135316,189.02086481921242,,,199.18074822919937,199.81202583135317
FL,12,Leon,12073,2008,28337473530.0,,,15711676048.0,16960644677.0,0.9298163913962667,,,0.9100951055244759,1.061934340111431,192.98163913962668,,,191.00951055244758,206.1934340111431
FL,12,Leon,12073,2009,25843160079.0,,,14598570133.0,15866748714.0,0.7599506135624026,,,0.7747729315134806,0.9289475525468252,175.99506135624026,,,177.47729315134805,192.8947552546825
FL,12,Leon,12073,2010,25300994519.0,23165195758.0,,14409226025.0,15681825458.0,0.7230284799279105,,,0.7517540471598452,0.9064661186689791,172.30284799279104,,,175.1754047159845,190.6466118668979
FL,12,Leon,12073,2011,24879159004.0,22829506950.0,,14001230012.0,15291122118.0,0.6943009686182569,,,0.7021532798627113,0.8589676509583326,169.4300968618257,,,170.21532798627112,185.89676509583327
FL,12,Leon,12073,2012,23539279913.0,21970762354.0,,13387231768.0,14628912201.0,0.6030535739073803,,,0.6275084719452062,0.778461668183027,160.30535739073804,,,162.75084719452062,177.8461668183027
FL,12,Leon,12073,2013,23468438815.0,22001992512.0,,13385807451.0,14641562977.0,0.5982292090267152,,,0.6273353153117507,0.7799996444781634,159.8229209026715,,,162.73353153117506,177.99996444781635
FL,12,Leon,12073,2014,24510356453.0,22801386198.0,,13985322664.0,15306217178.0,0.6691850666182046,,,0.7002193965861054,0.8608027830050673,166.91850666182046,,,170.02193965861053,186.08027830050673
FL,12,Leon,12073,2015,25122332655.0,23276752684.0,,14394027724.0,15722315368.0,0.7108613898272496,,,0.7499063639296346,0.911388545702088,171.08613898272495,,,174.99063639296347,191.1388545702088
FL,12,Leon,12073,2016,26001390715.0,23914063884.0,,14861868765.0,16190122706.0,0.7707263122022472,,,0.8067825927831012,0.9682606772246813,177.0726312202247,,,180.67825927831012,196.82606772246814
FL,12,Leon,12073,2017,26867900306.0,24751734123.0,,15595832039.0,,0.8297366685857674,,,0.896011752868831,,182.97366685857673,,,189.6011752868831,
FL,12,Leon,12073,2018,28352492575.0,25991596871.0,,16577194507.0,17987721628.0,0.930839206616312,,,1.0153176525796916,1.186797827056341,193.0839206616312,,,201.53176525796917,218.6797827056341
FL,12,Leon,12073,2019,29796651017.0,27255030558.0,,17622481894.0,19015938271.0,1.0291881518811192,,,1.142395013115605,1.3117998682907075,202.91881518811192,,,214.2395013115605,231.17998682907074
FL,12,Leon,12073,2020,31262870490.0,28625577148.0,,18646842511.0,20038490726.0,1.1290394801720574,,,1.2669282707289962,1.4361133045829586,212.90394801720572,,,226.6928270728996,243.61133045829587
FL,12,Leon,12073,2021,32773308309.0,29701224927.0,,19534552291.0,20967722940.0,1.2319021315726895,,,1.3748486543165925,1.5490816408975947,223.19021315726894,,,237.48486543165924,254.90816408975948
FL,12,Leon,12073,2022,36579338348.0,32008339940.0,,21350403992.0,23028781661.0,1.4910974034318025,,,1.5956048254495827,1.799648045344418,249.10974034318025,,,259.5604825449583,279.9648045344418
FL,12,Levy,12075,2000,1619907225.0,,,929514648.0,937606177.0,0.0,,,0.0,0.0,100.0,,,100.0,100.0
FL,12,Levy,12075,2001,1690947669.0,,,974135625.0,996357930.0,0.0438546374160409,,,0.04800459798671186,0.06266143978272876,104.38546374160408,,,104.80045979867118,106.26614397827288
FL,12,Levy,12075,2002,1895301882.0,,,1059632095.0,1085721165.0,0.1700064378686872,,,0.13998428887588665,0.157971429405376,117.00064378686872,,,113.99842888758866,115.7971429405376
FL,12,Levy,12075,2003,2019348415.0,,,1133980066.0,1156201565.0,0.24658275723166811,,,0.21997008701255027,0.23314200925960837,124.65827572316681,,,121.99700870125503,123.31420092596083
FL,12,Levy,12075,2004,2512514300.0,,,1310258248.0,1335028438.0,0.5510235779089139,,,0.4096154921487585,0.42386907291034204,155.10235779089138,,,140.96154921487584,142.3869072910342
FL,12,Levy,12075,2005,3097553579.0,,,1585730953.0,1615119331.0,0.912179618187702,,,0.7059773683093158,0.7225988593289738,191.2179618187702,,,170.59773683093158,172.2598859328974
FL,12,Levy,12075,2006,4866136.0,,,2301183.0,2331523.0,-0.9969960403133581,,,-0.9975243176587358,-0.997513323763011,0.3003959686641931,,,0.24756823412641904,0.24866762369889975
FL,12,Levy,12075,2007,5138318843.0,,,2409987446.0,2443011811.0,2.171983409728912,,,1.5927374583988265,1.6055841684157333,317.19834097289123,,,259.2737458398827,260.5584168415733
FL,12,Levy,12075,2008,5221468277.0,,,2236920695.0,2424693592.0,2.223313160418801,,,1.4065470079606532,1.5860469475128043,322.3313160418801,,,240.65470079606533,258.6046947512804
FL,12,Levy,12075,2009,4624204940.0,,,1980418542.0,2161568272.0,1.8546109731685405,,,1.1305942259879265,1.305411722986121,285.4610973168541,,,213.05942259879265,230.5411722986121
FL,12,Levy,12075,2010,4189041776.0,2719531311.0,,1869593968.0,2054556455.0,1.5859763518247165,,,1.0113657939901555,1.1912787110403178,258.59763518247166,,,201.13657939901555,219.12787110403178
FL,12,Levy,12075,2011,3745242425.0,2562215652.0,,1723903410.0,1898173854.0,1.312010445536472,,,0.8546274808140517,1.0244894930976973,231.2010445536472,,,185.46274808140518,202.44894930976974
FL,12,Levy,12075,2012,3240250159.0,2414267894.0,,1611064122.0,1766245851.0,1.000268971576443,,,0.7332315584982583,0.8837822257649226,200.0268971576443,,,173.32315584982584,188.37822257649225
FL,12,Levy,12075,2013,3121241293.0,2354473875.0,,1562967784.0,1713492605.0,0.9268025012975667,,,0.681488061928853,0.8275184688762989,192.68025012975667,,,168.1488061928853,182.75184688762988
FL,12,Levy,12075,2014,3302601397.0,2367768812.0,,1578019323.0,1735099131.0,1.0387595943959074,,,0.697680963280527,0.8505628200442199,203.87595943959073,,,169.7680963280527,185.056282004422
FL,12,Levy,12075,2015,3196031148.0,2401000747.0,,1602234509.0,1760746735.0,0.97297172250096,,,0.7237323935103819,0.8779171662816381,197.297172250096,,,172.3732393510382,187.7917166281638
FL,12,Levy,12075,2016,3284677582.0,2442602781.0,,1638377447.0,1798207704.0,1.0276948774026242,,,0.7626160604625565,0.9178710082239572,202.76948774026243,,,176.26160604625565,191.78710082239573
FL,12,Levy,12075,2017,3460519111.0,2520147433.0,,1700176065.0,,1.1362452476252152,,,0.8291008847017116,,213.6245247625215,,,182.91008847017116,
FL,12,Levy,12075,2018,3805292416.0,2718810335.0,,1875361125.0,2065521962.0,1.3490804641605325,,,1.0175702760953156,1.2029739272931432,234.90804641605325,,,201.75702760953155,220.2973927293143
FL,12,Levy,12075,2019,3956618939.0,2808633612.0,,1949423500.0,2164459190.0,1.442497247951962,,,1.0972488214085683,1.308495019652585,244.2497247951962,,,209.72488214085683,230.8495019652585
FL,12,Levy,12075,2020,4561639674.0,2974336437.0,,2090959229.0,2319970328.0,1.81598822673317,,,1.2495172437562276,1.474354782327762,281.598822673317,,,224.95172437562277,247.4354782327762
FL,12,Levy,12075,2021,5305458274.0,3164195103.0,,2245086817.0,2545985582.0,2.275161806874465,,,1.4153323692430932,1.7154104190591313,327.5161806874465,,,241.53323692430934,271.5410419059131
FL,12,Levy,12075,2022,6634141088.0,3470426150.0,,2504272250.0,2961060698.0,3.0953833562906663,,,1.6941719050779285,2.158107071643151,409.53833562906664,,,269.41719050779284,315.8107071643151
FL,12,Liberty,12077,2000,591448395.0,,,113158132.0,113158132.0,0.0,,,0.0,0.0,100.0,,,100.0,100.0
FL,12,Liberty,12077,2001,627979872.0,,,136524324.0,136524324.0,0.061766127541862614,,,0.2064914963424811,0.2064914963424811,106.17661275418627,,,120.6491496342481,120.6491496342481
FL,12,Liberty,12077,2002,621945938.0,,,135744457.0,135744457.0,0.05156416562767063,,,0.19959966288591624,0.19959966288591624,105.15641656276706,,,119.95996628859163,119.95996628859163
FL,12,Liberty,12077,2003,642270681.0,,,136760582.0,137542275.0,0.08592852128713613,,,0.2085793533601279,0.21548732352704447,108.59285212871362,,,120.85793533601279,121.54873235270445
FL,12,Liberty,12077,2004,645998408.0,,,129027575.0,130069742.0,0.09223123008052125,,,0.1402412952522052,0.1494511238485272,109.22312300805213,,,114.02412952522052,114.94511238485272
FL,12,Liberty,12077,2005,740384199.0,,,179536761.0,212040061.0,0.25181538281120885,,,0.5866006077230048,0.8738384705749649,125.18153828112088,,,158.66006077230048,187.3838470574965
FL,12,Liberty,12077,2006,847567849.0,,,204695256.0,244599634.0,0.4330377023002996,,,0.8089310275995012,1.161573628663294,143.30377023002995,,,180.89310275995012,216.1573628663294
FL,12,Liberty,12077,2007,886540004.0,,,225051325.0,265859902.0,0.49893044176745116,,,0.9888214927407957,1.3494546728643417,149.89304417674512,,,198.88214927407958,234.94546728643417
FL,12,Liberty,12077,2008,897341548.0,,,210126442.0,259998487.0,0.5171933098237591,,,0.8569274544051328,1.2976562303096344,151.7193309823759,,,185.69274544051328,229.76562303096344
FL,12,Liberty,12077,2009,898068343.0,,,208983441.0,258218806.0,0.5184221490701653,,,0.8468265365144063,1.281928849797556,151.8422149070165,,,184.68265365144063,228.1928849797556
FL,12,Liberty,12077,2010,889876880.0,643278788.0,,207330999.0,254059943.0,0.5045723135321045,,,0.8322235913190932,1.2451761840677964,150.45723135321046,,,183.22235913190931,224.51761840677963
FL,12,Liberty,12077,2011,879792306.0,638687013.0,,207065358.0,247410033.0,0.48752167296015747,,,0.8298760711249635,1.1864096607745345,148.75216729601576,,,182.98760711249636,218.64096607745344
FL,12,Liberty,12077,2012,879772960.0,627650443.0,,203447762.0,233822377.0,0.4874889634285,,,0.7979066851333318,1.0663329525446743,148.74889634285,,,179.79066851333317,206.63329525446744
FL,12,Liberty,12077,2013,863370353.0,615310996.0,,198394574.0,221903423.0,0.4597560164145851,,,0.7532506987655117,0.9610028822320962,145.9756016414585,,,175.32506987655117,196.10028822320962
FL,12,Liberty,12077,2014,872379527.0,628704828.0,,211541598.0,232474733.0,0.4749884087520433,,,0.8694334579506844,1.0544235654225895,147.49884087520434,,,186.94334579506844,205.44235654225895
FL,12,Liberty,12077,2015,870019147.0,631830626.0,,217157904.0,233968982.0,0.4709975618413844,,,0.9190658255122133,1.0676285288979495,147.09975618413844,,,191.90658255122133,206.76285288979494
FL,12,Liberty,12077,2016,921332468.0,641856090.0,,224018914.0,243579859.0,0.5577563077164154,,,0.9796978797776548,1.152561682442761,155.77563077164154,,,197.96978797776546,215.2561682442761
FL,12,Liberty,12077,2017,939220566.0,651364968.0,,229685166.0,,0.5880008703041624,,,1.0297716296695318,,158.80008703041625,,,202.9771629669532,
FL,12,Liberty,12077,2018,956248748.0,680052184.0,,255650717.0,277121590.0,0.6167915173732106,,,1.25923415738252,1.4489763581463153,161.67915173732106,,,225.923415738252,244.89763581463154
FL,12,Liberty,12077,2019,957908451.0,690842481.0,,264095521.0,284493663.0,0.6195976844268891,,,1.3338625013710903,1.514124773639777,161.95976844268893,,,233.38625013710902,251.4124773639777
FL,12,Liberty,12077,2020,970103822.0,705841140.0,,274738016.0,295294408.0,0.6402171858121282,,,1.4279122599867589,1.6095730176952725,164.0217185812128,,,242.79122599867588,260.95730176952725
FL,12,Liberty,12077,2021,1011190889.0,741677817.0,,317613156.0,339774975.0,0.7096857435888384,,,1.8068080515857226,2.0026562739653566,170.96857435888384,,,280.68080515857224,300.26562739653565
FL,12,Liberty,12077,2022,1035916337.0,772686671.0,,343589442.0,366746585.0,0.7514906554104352,,,2.036365446541659,2.241009536990236,175.1490655410435,,,303.6365446541659,324.1009536990236
FL,12,Madison,12079,2000,709072970.0,,,358185353.0,358185353.0,0.0,,,0.0,0.0,100.0,,,100.0,100.0
FL,12,Madison,12079,2001,772795802.0,,,366467802.0,366467802.0,0.08986780584796517,,,0.023123360379283753,0.023123360379283753,108.98678058479652,,,102.31233603792838,102.31233603792838
FL,12,Madison,12079,2002,771907155.0,,,384245660.0,384245660.0,0.08861455401409524,,,0.07275648426640169,0.07275648426640169,108.86145540140953,,,107.27564842664017,107.27564842664017
FL,12,Madison,12079,2003,864631068.0,,,393446023.0,394416481.0,0.21938235496411607,,,0.09844252341608173,0.10115189718547768,121.93823549641161,,,109.84425234160817,110.11518971854777
FL,12,Madison,12079,2004,919658289.0,,,454693604.0,456394871.0,0.29698680941116673,,,0.2694366204304284,0.27418630375988595,129.69868094111666,,,126.94366204304283,127.4186303759886
FL,12,Madison,12079,2005,1001795429.0,,,512301315.0,515584258.0,0.41282416815296186,,,0.43026874412701077,0.4394342305783787,141.2824168152962,,,143.0268744127011,143.94342305783786
FL,12,Madison,12079,2006,1162778.0,,,636893495.0,640456659.0,-0.9983601433855249,,,0.7781114991600453,0.7880593207841193,0.16398566144750942,,,177.81114991600452,178.80593207841193
FL,12,Madison,12079,2007,1315080628.0,,,718254687.0,724076293.0,0.85464780585276,,,1.005259793523718,1.0215128478466844,185.464780585276,,,200.5259793523718,202.15128478466843
FL,12,Madison,12079,2008,1523924127.0,,,697820472.0,742838066.0,1.1491781402977468,,,0.9482105176980813,1.0738929154369972,214.9178140297747,,,194.82105176980812,207.38929154369973
FL,12,Madison,12079,2009,1459678763.0,,,656039987.0,705774848.0,1.058573411704017,,,0.831565644729197,0.9704179472687706,205.8573411704017,,,183.1565644729197,197.04179472687707
FL,12,Madison,12079,2010,1413073439.0,890270682.0,,616233159.0,667594949.0,0.9928462919690761,,,0.7204309272802676,0.863825372557878,199.28462919690762,,,172.04309272802675,186.38253725578778
FL,12,Madison,12079,2011,1393161613.0,892566205.0,,616335642.0,667806290.0,0.9647648012869536,,,0.7207170445074007,0.8644154050598489,196.47648012869536,,,172.07170445074007,186.4415405059849
FL,12,Madison,12079,2012,1381161168.0,896945090.0,,622570829.0,674913575.0,0.9478406686409158,,,0.7381247552018131,0.8842578830966323,194.78406686409159,,,173.8124755201813,188.42578830966323
FL,12,Madison,12079,2013,1374469654.0,901681091.0,,626718931.0,678029070.0,0.9384036793843658,,,0.749705636344097,0.8929558797453117,193.84036793843657,,,174.9705636344097,189.29558797453117
FL,12,Madison,12079,2014,1375645640.0,908762505.0,,635260103.0,688595192.0,0.9400621631367503,,,0.7735513126914488,0.9224549140064922,194.00621631367503,,,177.3551312691449,192.24549140064923
FL,12,Madison,12079,2015,1400440711.0,931386004.0,,651152713.0,707774850.0,0.9750304556102314,,,0.8179211057801126,0.9760016540933207,197.50304556102313,,,181.79211057801126,197.60016540933208
FL,12,Madison,12079,2016,1420055576.0,938759553.0,,658621419.0,713256565.0,1.0026931445433607,,,0.8387726172599805,0.9913057835170609,200.26931445433607,,,183.87726172599804,199.13057835170608
FL,12,Madison,12079,2017,1420683952.0,960664599.0,,681461339.0,,1.0035793382449762,,,0.9025382620824252,,200.35793382449762,,,190.25382620824251,
FL,12,Madison,12079,2018,1431726462.0,973893003.0,,685571395.0,743913254.0,1.0191525027388928,,,0.9140129244760045,1.0768946797218701,201.91525027388928,,,191.40129244760044,207.689467972187
FL,12,Madison,12079,2019,1453235669.0,1000040535.0,,711164070.0,769614272.0,1.049486767208176,,,0.9854638500530757,1.14864808277071,204.94867672081762,,,198.54638500530757,214.864808277071
FL,12,Madison,12079,2020,1552660819.0,1043297740.0,,744832562.0,816109869.0,1.1897052696847266,,,1.0794612503320313,1.2784568441021653,218.97052696847265,,,207.94612503320315,227.84568441021653
FL,12,Madison,12079,2021,1619100427.0,1101707154.0,,801534688.0,875248275.0,1.2834045232326372,,,1.2377651159845167,1.443562439584178,228.34045232326372,,,223.77651159845166,244.3562439584178
FL,12,Madison,12079,2022,1940230336.0,1230463622.0,,913720743.0,1042300547.0,1.7362914933846652,,,1.5509718232392378,1.9099474288106917,273.6291493384665,,,255.0971823239238,290.99474288106916
FL,12,Manatee,12081,2000,15072073343.0,,,11692823109.0,11692823109.0,0.0,,,0.0,0.0,100.0,,,100.0,100.0
FL,12,Manatee,12081,2001,18450322481.0,,,14357958675.0,14359917021.0,0.22413964297546207,,,0.22792917853590366,0.22809666127140238,122.4139642975462,,,122.79291785359037,122.80966612714023
FL,12,Manatee,12081,2002,21253972582.0,,,16270421255.0,16270421255.0,0.4101558623234203,,,0.3914878471458796,0.3914878471458796,141.01558623234203,,,139.14878471458795,139.14878471458795
FL,12,Manatee,12081,2003,24632698825.0,,,18583896787.0,18583896787.0,0.6343271602005764,,,0.5893421643141015,0.5893421643141015,163.43271602005765,,,158.93421643141014,158.93421643141014
FL,12,Manatee,12081,2004,28424723367.0,,,21124547004.0,21155334039.0,0.8859199209113084,,,0.8066250388873475,0.8092580244985215,188.59199209113083,,,180.66250388873476,180.92580244985214
FL,12,Manatee,12081,2005,33783490402.0,,,24731614724.0,24776838775.0,1.2414627127388709,,,1.1151106532146207,1.1189783291880295,224.1462712738871,,,211.51106532146207,211.89783291880295
FL,12,Manatee,12081,2006,42438510.0,,,30586910.0,30651395.0,-0.9971842951507591,,,-0.9973841295883065,-0.9973786146669398,0.28157048492409265,,,0.2615870411693577,0.26213853330602027
FL,12,Manatee,12081,2007,47349466843.0,,,34383974080.0,34453085874.0,2.1415363875594964,,,1.9406049984228835,1.9465156149913327,314.15363875594966,,,294.0604998422883,294.65156149913327
FL,12,Manatee,12081,2008,43371629621.0,,,31268026891.0,33099465252.0,1.87761535085306,,,1.674121262206807,1.8307505333355505,287.761535085306,,,267.4121262206807,283.07505333355505
FL,12,Manatee,12081,2009,38167530685.0,,,28603471652.0,30437276510.0,1.5323344583329233,,,1.4462417147133464,1.603073374690184,253.23344583329234,,,244.62417147133465,260.3073374690184
FL,12,Manatee,12081,2010,32493706177.0,30405110866.0,,24753181561.0,26493981086.0,1.1558882734664517,,,1.1169551040199526,1.2658327111446255,215.58882734664516,,,211.69551040199525,226.58327111446255
FL,12,Manatee,12081,2011,30890631120.0,29171116756.0,,23683207880.0,25397923940.0,1.049527654026889,,,1.0254482308700084,1.1720951136643079,204.9527654026889,,,202.54482308700085,217.20951136643077
FL,12,Manatee,12081,2012,30021894824.0,28569316609.0,,23227768580.0,24906652453.0,0.991888849050965,,,0.9864979024716041,1.130080325411686,199.1888849050965,,,198.6497902471604,213.0080325411686
FL,12,Manatee,12081,2013,31330838313.0,29515994475.0,,24156807436.0,25904324704.0,1.0787344647278498,,,1.0659516705941128,1.2154037962022506,207.873446472785,,,206.59516705941127,221.54037962022505
FL,12,Manatee,12081,2014,34717007702.0,31508384335.0,,25984331342.0,27966982116.0,1.3033995995065801,,,1.2222461675657939,1.39180750921253,230.339959950658,,,222.2246167565794,239.18075092125298
FL,12,Manatee,12081,2015,39093924521.0,33925049275.0,,28242402945.0,30646149336.0,1.5937987184196256,,,1.4153621996780008,1.6209367105204535,259.37987184196254,,,241.5362199678001,262.09367105204535
FL,12,Manatee,12081,2016,42573616673.0,36486782711.0,,30564839361.0,33139858916.0,1.8246688895507983,,,1.6139828744586202,1.8342051023154666,282.4668889550798,,,261.398287445862,283.42051023154664
FL,12,Manatee,12081,2017,45887901094.0,39363638380.0,,33177910240.0,,2.044564609640249,,,1.837459348415428,,304.4564609640249,,,283.7459348415428,
FL,12,Manatee,12081,2018,49281580774.0,42605739882.0,,36106523251.0,38858532898.0,2.2697280362484498,,,2.0879217888115233,2.3232806599195426,326.97280362484497,,,308.7921788811523,332.32806599195425
FL,12,Manatee,12081,2019,52908029077.0,45801850118.0,,38935812850.0,41855781271.0,2.5103351657701656,,,2.3298898381547386,2.5796129712065414,351.03351657701654,,,332.9889838154739,357.96129712065414
FL,12,Manatee,12081,2020,55755608115.0,48945854686.0,,41693993608.0,44457919402.0,2.6992659766278844,,,2.5657764783859607,2.8021544487216787,369.9265976627884,,,356.5776478385961,380.2154448721679
FL,12,Manatee,12081,2021,60198436242.0,52534440254.0,,44939699194.0,47726186236.0,2.9940381705983583,,,2.8433574830538384,3.081664948755191,399.40381705983583,,,384.33574830538385,408.1664948755191
FL,12,Manatee,12081,2022,82404484639.0,61116522281.0,,52883884692.0,60142506039.0,4.467362237675916,,,3.522764451238052,4.143540227911952,546.7362237675916,,,452.27644512380516,514.3540227911952
FL,12,Marion,12083,2000,11652545908.0,,,7322087328.0,7322087328.0,0.0,,,0.0,0.0,100.0,,,100.0,100.0
FL,12,Marion,12083,2001,12636164690.0,,,7978654453.0,7978654453.0,0.08441234986465074,,,0.08966939283682906,0.08966939283682906,108.44123498646508,,,108.9669392836829,108.9669392836829
FL,12,Marion,12083,2002,13918535755.0,,,8686988955.0,8686988955.0,0.19446306969228888,,,0.18640881566388212,0.18640881566388212,119.44630696922889,,,118.64088156638822,118.64088156638822
FL,12,Marion,12083,2003,15369013392.0,,,9747661596.0,9747661596.0,0.3189403855039503,,,0.33126814244955693,0.33126814244955693,131.89403855039504,,,133.12681424495568,133.12681424495568
FL,12,Marion,12083,2004,17435072207.0,,,11124276424.0,11124276424.0,0.4962457427462297,,,0.5192766660212114,0.5192766660212114,149.62457427462297,,,151.92766660212115,151.92766660212115
FL,12,Marion,12083,2005,20699806836.0,,,13057730937.0,13057730937.0,0.7764192477275413,,,0.7833344990391788,0.7833344990391788,177.64192477275412,,,178.33344990391788,178.33344990391788
FL,12,Marion,12083,2006,29625852.0,,,17543701.0,17543701.0,-0.9974575640178632,,,-0.9976040027639507,-0.9976040027639507,0.2542435982136789,,,0.23959972360493542,0.23959972360493542
FL,12,Marion,12083,2007,38468156009.0,,,22347382181.0,22347382181.0,2.3012662050608075,,,2.052050758196038,2.052050758196038,330.12662050608077,,,305.2050758196038,305.2050758196038
FL,12,Marion,12083,2008,37795698050.0,,,20647852987.0,22322733866.0,2.2435571031779022,,,1.8199408258955962,2.048684461961664,324.3557103177902,,,281.99408258955964,304.8684461961664
FL,12,Marion,12083,2009,32568096801.0,,,18273739206.0,19975944997.0,1.7949340048203997,,,1.495700800524514,1.7281762839144328,279.49340048204,,,249.5700800524514,272.8176283914433
FL,12,Marion,12083,2010,28579789546.0,23678986176.0,,16235048796.0,17902745000.0,1.4526648315007864,,,1.217270577191346,1.4450329800819333,245.26648315007864,,,221.7270577191346,244.50329800819333
FL,12,Marion,12083,2011,25511722848.0,21941714622.0,,14934717793.0,16504937832.0,1.1893690056595312,,,1.0396803703622806,1.2541301534173672,218.93690056595312,,,203.96803703622805,225.41301534173672
FL,12,Marion,12083,2012,23057716566.0,20362250006.0,,13923471098.0,15415585572.0,0.9787707122586691,,,0.9015712971294407,1.1053539628037607,197.8770712258669,,,190.15712971294408,210.53539628037606
FL,12,Marion,12083,2013,23046990498.0,20248935825.0,,13889138689.0,15357966262.0,0.9778502208841073,,,0.8968824143748317,1.0974847163144896,197.78502208841073,,,189.68824143748319,209.74847163144895
FL,12,Marion,12083,2014,23986700919.0,20781213626.0,,14347223677.0,15891527198.0,1.0584944361842887,,,0.9594444909357409,1.1703547753698684,205.84944361842886,,,195.9444490935741,217.03547753698683
FL,12,Marion,12083,2015,24482653992.0,21171811935.0,,14965662167.0,16530103108.0,1.1010562142640046,,,1.0439065387503121,1.2575670526064506,210.10562142640046,,,204.3906538750312,225.75670526064505
FL,12,Marion,12083,2016,26023183917.0,21973577692.0,,15608430032.0,17253043304.0,1.2332616513558556,,,1.131691324181923,1.3563012200118902,223.32616513558557,,,213.1691324181923,235.63012200118902
FL,12,Marion,12083,2017,27269861666.0,23142033437.0,,16538300239.0,,1.3402492366305983,,,1.2586865600136692,,234.02492366305984,,,225.86865600136693,
FL,12,Marion,12083,2018,29243582931.0,24424279146.0,,17604154513.0,19525772529.0,1.5096303556223671,,,1.4042535583645526,1.6666948445605865,250.9630355622367,,,240.42535583645525,266.6694844560586
FL,12,Marion,12083,2019,31520080985.0,26016275721.0,,18844699768.0,20937196545.0,1.7049952202599812,,,1.5736786415995065,1.85945736606216,270.4995220259981,,,257.36786415995067,285.94573660621603
FL,12,Marion,12083,2020,33820313222.0,27792096541.0,,20308814720.0,22558590035.0,1.902396908711668,,,1.7736373263861736,2.0808960648058528,290.23969087116683,,,277.36373263861736,308.0896064805853
FL,12,Marion,12083,2021,37576549071.0,29772480482.0,,22046694592.0,24587890270.0,2.2247501419584195,,,2.010984928804717,2.3580438430411466,322.47501419584194,,,301.09849288047167,335.80438430411465
FL,12,Marion,12083,2022,47782570790.0,33862996717.0,,25664108806.0,29631642026.0,3.100612103763101,,,2.5050263205492325,3.0468845424292104,410.0612103763101,,,350.50263205492325,404.688454242921
FL,12,Martin,12085,2000,13351462564.0,,,10390620885.0,10390620885.0,0.0,,,0.0,0.0,100.0,,,100.0,100.0
FL,12,Martin,12085,2001,14343974035.0,,,11123877413.0,11123877413.0,0.07433728449167387,,,0.07056907725875528,0.07056907725875528,107.43372844916739,,,107.05690772587553,107.05690772587553
FL,12,Martin,12085,2002,15864497744.0,,,11980184422.0,11980184422.0,0.18822171488358008,,,0.15298061151424647,0.15298061151424647,118.82217148835801,,,115.29806115142465,115.29806115142465
FL,12,Martin,12085,2003,18104079342.0,,,13282546506.0,13282546506.0,0.3559622592070655,,,0.27832077149256906,0.27832077149256906,135.59622592070656,,,127.8320771492569,127.8320771492569
FL,12,Martin,12085,2004,22111388104.0,,,15452228921.0,15452228921.0,0.6561023182298906,,,0.4871323948799813,0.4871323948799813,165.61023182298905,,,148.71323948799812,148.71323948799812
FL,12,Martin,12085,2005,26811646690.0,,,17685232225.0,17698917926.0,1.0081430451142595,,,0.7020380611259305,0.7033551817437904,200.81430451142595,,,170.20380611259304,170.33551817437905
FL,12,Martin,12085,2006,34129823.0,,,21372323.0,21389691.0,-0.9974437390033939,,,-0.9979431139643586,-0.9979414424569297,0.25562609966061245,,,0.20568860356413632,0.20585575430702474
FL,12,Martin,12085,2007,35294735921.0,,,22700625915.0,22743297649.0,1.6435108327507422,,,1.1847227577873465,1.1888295127611137,264.3510832750742,,,218.47227577873466,218.88295127611138
FL,12,Martin,12085,2008,31660484020.0,,,20507674159.0,21495314575.0,1.371312046769111,,,0.9736716781386063,1.0687228234869814,237.1312046769111,,,197.36716781386065,206.87228234869815
FL,12,Martin,12085,2009,28358258133.0,,,18790432567.0,19768846484.0,1.123981398821679,,,0.8084032489459845,0.9025664301291654,212.3981398821679,,,180.84032489459844,190.25664301291653
FL,12,Martin,12085,2010,25246530409.0,22174112514.0,,17492910077.0,18475119241.0,0.8909187130609251,,,0.6835288545897129,0.7780572927716822,189.09187130609251,,,168.3528854589713,177.8057292771682
FL,12,Martin,12085,2011,23847498870.0,21556198758.0,,17143224652.0,18111536083.0,0.7861338228443091,,,0.6498749056226394,0.743065817091449,178.6133822844309,,,164.98749056226393,174.3065817091449
FL,12,Martin,12085,2012,23151743857.0,21107187282.0,,16953809876.0,17939830558.0,0.7340230514838748,,,0.6316455064273092,0.7265407675395137,173.40230514838748,,,163.16455064273092,172.65407675395136
FL,12,Martin,12085,2013,23594340009.0,21388259894.0,,17204145938.0,18250753428.0,0.767172689576213,,,0.6557380091536271,0.7564641834201615,176.7172689576213,,,165.5738009153627,175.64641834201615
FL,12,Martin,12085,2014,24645211056.0,21835518055.0,,17713775850.0,18963923409.0,0.8458809990189178,,,0.7047851178529454,0.8251001185479205,184.58809990189178,,,170.47851178529453,182.51001185479205
FL,12,Martin,12085,2015,26387345321.0,22770951434.0,,18633364511.0,20153482150.0,0.976363652634513,,,0.793286918772997,0.9395840126448805,197.6363652634513,,,179.3286918772997,193.95840126448803
FL,12,Martin,12085,2016,28131262734.0,23620769534.0,,19572457910.0,21131512488.0,1.1069798607570736,,,0.883665868153749,1.0337102779397576,210.69798607570735,,,188.36658681537492,203.37102779397577
FL,12,Martin,12085,2017,30305515562.0,24763422901.0,,20789724719.0,,1.2698274003114673,,,1.0008164044376064,,226.98274003114673,,,200.08164044376065,
FL,12,Martin,12085,2018,31489869625.0,26081880406.0,,22042266880.0,23529984984.0,1.358533342250249,,,1.121361863160692,1.264540805060852,235.8533342250249,,,212.1361863160692,226.4540805060852
FL,12,Martin,12085,2019,32789218136.0,26919805162.0,,22715013105.0,24201880958.0,1.4558521569322806,,,1.1861073901552515,1.3292045033553355,245.58521569322806,,,218.61073901552516,232.92045033553356
FL,12,Martin,12085,2020,34067395212.0,28237332142.0,,23874092756.0,25303644405.0,1.551585270055512,,,1.2976579571356384,1.4352389222022897,255.1585270055512,,,229.76579571356385,243.52389222022896
FL,12,Martin,12085,2021,36285197546.0,29652388333.0,,25141805080.0,26652688989.0,1.7176945875455627,,,1.4196634020489527,1.5650718358395768,271.7694587545563,,,241.96634020489526,256.50718358395767
FL,12,Martin,12085,2022,44815505165.0,32440032596.0,,28168620707.0,31018617261.0,2.356598945634433,,,1.7109660739970303,1.985251565262936,335.6598945634433,,,271.09660739970303,298.5251565262936
FL,12,Miami-Dade,12086,2000,127871032614.0,,,97111327742.0,97954958745.0,0.0,,,0.0,0.0,100.0,,,100.0,100.0
FL,12,Miami-Dade,12086,2001,138549103740.0,,,103822610022.0,104662089304.0,0.08350656835808579,,,0.0691091599306537,0.06847157759986655,108.35065683580858,,,106.91091599306537,106.84715775998666
FL,12,Miami-Dade,12086,2002,158237606235.0,,,116017707991.0,116938082229.0,0.23747812933259538,,,0.1946876918337419,0.1937944104842877,123.74781293325954,,,119.46876918337419,119.37944104842877
FL,12,Miami-Dade,12086,2003,180212356319.0,,,129673510958.0,130688115385.0,0.40932901404652755,,,0.33530777483044405,0.3341653864120566,140.93290140465277,,,133.5307774830444,133.41653864120565
FL,12,Miami-Dade,12086,2004,210392464405.0,,,147808952013.0,148941686240.0,0.6453489121348122,,,0.5220567512545049,0.5205119592539522,164.53489121348122,,,152.20567512545048,152.05119592539523
FL,12,Miami-Dade,12086,2005,252719425350.0,,,175695337587.0,176848473603.0,0.9763618091118076,,,0.8092156875228567,0.8054060342506859,197.63618091118076,,,180.92156875228568,180.54060342506858
FL,12,Miami-Dade,12086,2006,313328370330.0,,,212975182814.0,214139194287.0,1.4503467589554377,,,1.1931033975750047,1.1860985603031606,245.03467589554378,,,219.31033975750046,218.60985603031605
FL,12,Miami-Dade,12086,2007,366565302028.0,,,244614624794.0,246777003682.0,1.866679767375762,,,1.5189092815606289,1.5192905682745383,286.6679767375762,,,251.8909281560629,251.92905682745385
FL,12,Miami-Dade,12086,2008,371968074359.0,,,245893752922.0,258145375277.0,1.9089314972676226,,,1.5320810521227441,1.6353477004570403,290.89314972676226,,,253.2081052122744,263.534770045704
FL,12,Miami-Dade,12086,2009,316832454173.0,,,221256380288.0,234083798159.0,1.4777500243500143,,,1.2783786962095887,1.3897085064205443,247.77500243500143,,,227.83786962095886,238.97085064205444
FL,12,Miami-Dade,12086,2010,265572390727.0,245509118862.0,,192015730093.0,204220141655.0,1.0768768758493916,,,0.9772742743579488,1.084837197335088,207.68768758493917,,,197.72742743579488,208.48371973350882
FL,12,Miami-Dade,12086,2011,257986975687.0,239266976143.0,,186560406850.0,199384494788.0,1.0175560516960602,,,0.9210983022046961,1.035471173103601,201.755605169606,,,192.1098302204696,203.5471173103601
FL,12,Miami-Dade,12086,2012,263161022027.0,242277570976.0,,190497616189.0,205614309962.0,1.0580190575405406,,,0.9616415573588235,1.0990699459867348,205.80190575405405,,,196.16415573588236,209.9069945986735
FL,12,Miami-Dade,12086,2013,272875367890.0,247772703539.0,,196304655677.0,214518525110.0,1.1339889286240434,,,1.021439313429339,1.1899710628069644,213.39889286240435,,,202.14393134293388,218.99710628069644
FL,12,Miami-Dade,12086,2014,305219687877.0,262149254394.0,,210265464714.0,234838255576.0,1.38693378506105,,,1.165200184190887,1.397410591405992,238.69337850610498,,,216.5200184190887,239.7410591405992
FL,12,Miami-Dade,12086,2015,345348235999.0,282475672084.0,,230036394474.0,261973066021.0,1.7007542595005951,,,1.3687905399167022,1.6744237287974166,270.0754259500595,,,236.87905399167022,267.44237287974164
FL,12,Miami-Dade,12086,2016,380525207545.0,304390770538.0,,250390064837.0,285251393793.0,1.9758515260737646,,,1.5783816436144553,1.9120669075628633,297.5851526073765,,,257.83816436144554,291.2066907562863
FL,12,Miami-Dade,12086,2017,405405383283.0,328209568860.0,,272431699283.0,,2.1704239419633344,,,1.8053544897128937,,317.0423941963334,,,280.5354489712894,
FL,12,Miami-Dade,12086,2018,426151897053.0,347572757748.0,,290030081842.0,322135596189.0,2.3326695526062613,,,1.9865731278284637,2.28860938043571,333.2669552606261,,,298.65731278284636,328.860938043571
FL,12,Miami-Dade,12086,2019,442951259224.0,366654240523.0,,308268047157.0,339289871291.0,2.4640469398657485,,,2.174377843705211,2.463733491780156,346.40469398657484,,,317.43778437052106,346.3733491780156
FL,12,Miami-Dade,12086,2020,452708988231.0,380476184912.0,,324078995640.0,352739600965.0,2.540356083598523,,,2.3371904511592625,2.601038737439162,354.0356083598523,,,333.71904511592624,360.1038737439162
FL,12,Miami-Dade,12086,2021,470898221927.0,396053981064.0,,338339529045.0,366283963510.0,2.682602793616946,,,2.4840377215712848,2.7393100686563923,368.2602793616946,,,348.40377215712846,373.93100686563923
FL,12,Miami-Dade,12086,2022,571630923622.0,439151346666.0,,378375180473.0,429158939068.0,3.4703707472791203,,,2.8963032353779186,3.3811864612714766,447.03707472791206,,,389.63032353779187,438.11864612714766
FL,12,Monroe,12087,2000,14832243823.0,,,9940521541.0,9940521541.0,0.0,,,0.0,0.0,100.0,,,100.0,100.0
FL,12,Monroe,12087,2001,16132392580.0,,,11285509899.0,11300524389.0,0.08765691641232931,,,0.1353036007670776,0.13681403358874333,108.76569164123293,,,113.53036007670777,113.68140335887433
FL,12,Monroe,12087,2002,18079538541.0,,,12661928120.0,12676298490.0,0.21893482582618407,,,0.2737689936866463,0.27521462910333216,121.8934825826184,,,127.37689936866462,127.52146291033321
FL,12,Monroe,12087,2003,21045771619.0,,,14664046675.0,14671221038.0,0.4189202840884285,,,0.47517880369935006,0.4759005327324204,141.89202840884286,,,147.517880369935,147.59005327324203
FL,12,Monroe,12087,2004,26226217859.0,,,17324108418.0,17332761722.0,0.7681895047013481,,,0.7427766085055154,0.7436471165532379,176.8189504701348,,,174.27766085055154,174.3647116553238
FL,12,Monroe,12087,2005,32219872670.0,,,21681414632.0,21688844165.0,1.1722858021007871,,,1.1811143955147938,1.1818617942271605,217.22858021007872,,,218.11143955147938,218.18617942271607
FL,12,Monroe,12087,2006,39407031.0,,,26402556.0,26408701.0,-0.9973431510788077,,,-0.9973439466036966,-0.9973433284268761,0.26568489211923874,,,0.2656053396303384,0.2656671573123851
FL,12,Monroe,12087,2007,40825156078.0,,,28557389995.0,28569792972.0,1.7524598816730226,,,1.8728261265985018,1.8740738455384833,275.24598816730224,,,287.2826126598502,287.4073845538483
FL,12,Monroe,12087,2008,37388669738.0,,,26263542655.0,26715033370.0,1.5207696275881264,,,1.6420688840796909,1.6874881020893109,252.07696275881264,,,264.2068884079691,268.7488102089311
FL,12,Monroe,12087,2009,31998389365.0,,,22482413587.0,23099152179.0,1.1573532465385226,,,1.2616935634886524,1.32373644418221,215.73532465385225,,,226.16935634886522,232.373644418221
FL,12,Monroe,12087,2010,27477022009.0,25800428404.0,,19637663626.0,20177392431.0,0.85251957403721,,,0.9755164298979511,1.0298122535902867,185.251957403721,,,197.5516429897951,202.98122535902868
FL,12,Monroe,12087,2011,26465616641.0,24420818190.0,,18616128720.0,19456804642.0,0.7843299339483896,,,0.8727517105835121,0.9573223157104771,178.43299339483895,,,187.27517105835122,195.73223157104772
FL,12,Monroe,12087,2012,26429743539.0,24521865381.0,,18761684670.0,19601045552.0,0.7819113449319137,,,0.8873943980320178,0.9718327123134192,178.19113449319138,,,188.73943980320178,197.1832712313419
FL,12,Monroe,12087,2013,27422667507.0,24964146069.0,,19165284424.0,20433412764.0,0.8488549564211139,,,0.9279958646990674,1.0555674749782225,184.88549564211138,,,192.79958646990673,205.55674749782224
FL,12,Monroe,12087,2014,29467023628.0,26088886933.0,,20254421223.0,22022582056.0,0.9866868411579239,,,1.0375612224630255,1.2154352732064564,198.6686841157924,,,203.75612224630254,221.54352732064564
FL,12,Monroe,12087,2015,31459482260.0,27464216717.0,,21596270894.0,23666650085.0,1.1210197617717519,,,1.172549076517312,1.380825793434091,212.10197617717517,,,217.2549076517312,238.0825793434091
FL,12,Monroe,12087,2016,33537391896.0,29044229880.0,,23031556975.0,25214922043.0,1.2611138473866226,,,1.3169364786350095,1.5365793876106242,226.11138473866225,,,231.69364786350096,253.6579387610624
FL,12,Monroe,12087,2017,36071629769.0,30870714454.0,,24870236147.0,,1.4319738941362736,,,1.5019045574643055,,243.19738941362738,,,250.19045574643056,
FL,12,Monroe,12087,2018,37584490803.0,32569170545.0,,26553651764.0,28914341835.0,1.533972017417799,,,1.671253379863281,1.908734890392005,253.3972017417799,,,267.1253379863281,290.8734890392005
FL,12,Monroe,12087,2019,39585481554.0,34546303633.0,,28464940007.0,30770786175.0,1.668880179316885,,,1.8635258109542283,2.095490115693116,266.8880179316885,,,286.3525810954228,309.5490115693116
FL,12,Monroe,12087,2020,41326127154.0,36273850101.0,,30167680090.0,32617969985.0,1.7862356934772459,,,2.0348186426207553,2.2813137470168074,278.6235693477246,,,303.48186426207553,328.1313747016807
FL,12,Monroe,12087,2021,42679511022.0,37929734150.0,,31733227216.0,33776316037.0,1.8774817574005844,,,2.1923100900808157,2.3978414409836044,287.74817574005846,,,319.23100900808157,339.78414409836046
FL,12,Monroe,12087,2022,56043254446.0,43081798102.0,,36808540247.0,44202909962.0,2.778474458402247,,,2.702878173462227,3.446739517608174,377.8474458402247,,,370.2878173462227,444.67395176081743
FL,12,Nassau,12089,2000,4245493584.0,,,3070147292.0,3070147292.0,0.0,,,0.0,0.0,100.0,,,100.0,100.0
FL,12,Nassau,12089,2001,4890294933.0,,,3532555179.0,3537062327.0,0.1518790068203293,,,0.1506142354162987,0.1520822913664952,115.18790068203293,,,115.06142354162986,115.20822913664952
FL,12,Nassau,12089,2002,5676694933.0,,,4056910454.0,4061861751.0,0.33711070825634293,,,0.32140580504761007,0.32301852799836284,133.7110708256343,,,132.140580504761,132.3018527998363
FL,12,Nassau,12089,2003,6142753451.0,,,4471756115.0,4479619542.0,0.4468879364581322,,,0.45652820197005717,0.4590894559595611,144.6887936458132,,,145.65282019700572,145.9089455959561
FL,12,Nassau,12089,2004,6816132247.0,,,4954860296.0,4963482007.0,0.6054981858147122,,,0.6138835778045793,0.6166918179898191,160.54981858147121,,,161.38835778045794,161.6691817989819
FL,12,Nassau,12089,2005,8109438388.0,,,5944978492.0,5954234993.0,0.910128522761654,,,0.9363821753734936,0.9393971776257046,191.0128522761654,,,193.63821753734936,193.93971776257047
FL,12,Nassau,12089,2006,9836802.0,,,7263731.0,7273541.0,-0.9976830015626282,,,-0.9976340773555303,-0.9976308820690939,0.23169984373717992,,,0.23659226444696582,0.23691179309060978
FL,12,Nassau,12089,2007,11265108244.0,,,8413530578.0,8430751726.0,1.6534272213847725,,,1.7404322261421976,1.7460414514861653,265.34272213847726,,,274.04322261421976,274.6041451486165
FL,12,Nassau,12089,2008,11341152834.0,,,8213961189.0,8633670144.0,1.6713390586059123,,,1.6754290292206604,1.8121354849967894,267.1339058605912,,,267.54290292206605,281.21354849967895
FL,12,Nassau,12089,2009,10780465119.0,,,7829223346.0,8277401615.0,1.539272502878902,,,1.5501132686372756,1.6960926716997395,253.92725028789022,,,255.01132686372756,269.609267169974
FL,12,Nassau,12089,2010,9591189183.0,8861064571.0,,7015415600.0,7464941139.0,1.259145843288124,,,1.285042029833662,1.431460262004915,225.9145843288124,,,228.5042029833662,243.14602620049152
FL,12,Nassau,12089,2011,9210827971.0,8445979909.0,,6604049261.0,7054851537.0,1.169554090415509,,,1.1510529081807976,1.2978869956445074,216.9554090415509,,,215.10529081807977,229.78869956445072
FL,12,Nassau,12089,2012,8623991989.0,8036198635.0,,6218151341.0,6674328106.0,1.0313284706167631,,,1.0253592904818847,1.1739439418400388,203.1328470616763,,,202.53592904818848,217.3943941840039
FL,12,Nassau,12089,2013,9250344958.0,8011281956.0,,6208642378.0,6689142523.0,1.1788620745681477,,,1.0222620569957983,1.1787692533287095,217.88620745681476,,,202.22620569957982,217.87692533287094
FL,12,Nassau,12089,2014,9741605007.0,8287532327.0,,6484732050.0,6998540587.0,1.294575368977875,,,1.1121892317340976,1.2795455466375714,229.4575368977875,,,211.21892317340976,227.95455466375714
FL,12,Nassau,12089,2015,10412477923.0,8678407573.0,,6828455401.0,7371631278.0,1.4525953736549093,,,1.2241458638786376,1.4010676286471795,245.25953736549093,,,222.41458638786375,240.10676286471795
FL,12,Nassau,12089,2016,10941080713.0,9094461725.0,,7190543949.0,7807398326.0,1.5771045218943853,,,1.3420843578862405,1.543004482665713,257.7104521894385,,,234.20843578862406,254.3004482665713
FL,12,Nassau,12089,2017,11721208807.0,9813164714.0,,7820163822.0,,1.7608589143023896,,,1.5471624251961136,,276.085891430239,,,254.71624251961137,
FL,12,Nassau,12089,2018,13065076486.0,10651367843.0,,8505453101.0,9202927945.0,2.0773987117159662,,,1.7703729795514969,1.9975525828941239,307.73987117159663,,,277.0372979551497,299.7552582894124
FL,12,Nassau,12089,2019,14255119166.0,11604901605.0,,9342070358.0,10088984550.0,2.35770597315782,,,2.042873670049313,2.286156522942483,335.77059731578197,,,304.2873670049313,328.6156522942483
FL,12,Nassau,12089,2020,15585535811.0,12664956005.0,,10174674273.0,10980140801.0,2.6710774619321627,,,2.3140671457400552,2.5764215057731503,367.10774619321626,,,331.40671457400555,357.642150577315
FL,12,Nassau,12089,2021,17367510663.0,13740213985.0,,11130035405.0,12061300529.0,3.090810719501019,,,2.6252447672468215,2.9285739027663564,409.0810719501019,,,362.52447672468213,392.85739027663567
FL,12,Nassau,12089,2022,21152750164.0,15619986387.0,,12794001896.0,14417914666.0,3.982400690397557,,,3.1672273930758372,3.6961638301749593,498.2400690397557,,,416.7227393075837,469.61638301749593
FL,12,Okaloosa,12091,2000,10368871892.0,,,7651784416.0,7669134784.0,0.0,,,0.0,0.0,100.0,,,100.0,100.0
FL,12,Okaloosa,12091,2001,11168409088.0,,,8363348849.0,8381321264.0,0.07710937161996134,,,0.0929932672321645,0.09286399314376692,107.71093716199613,,,109.29932672321645,109.2863993143767
FL,12,Okaloosa,12091,2002,11807068083.0,,,8888172157.0,8911988856.0,0.13870324621424102,,,0.16158162250555486,0.16205922923573435,113.8703246214241,,,116.15816225055549,116.20592292357344
FL,12,Okaloosa,12091,2003,12730714226.0,,,9618024001.0,9644104851.0,0.22778199582369774,,,0.2569648435061189,0.25752188775197293,122.77819958236978,,,125.6964843506119,125.7521887751973
FL,12,Okaloosa,12091,2004,14392508808.0,,,10767916378.0,10797869636.0,0.38804963142657756,,,0.407242519206908,0.4079645149186102,138.80496314265775,,,140.7242519206908,140.796451491861
FL,12,Okaloosa,12091,2005,18790704819.0,,,13576903661.0,13607497614.0,0.8122226809936557,,,0.7743447701702735,0.7743197892921527,181.22226809936558,,,177.43447701702735,177.43197892921526
FL,12,Okaloosa,12091,2006,25752559.0,,,17899368.0,17930783.0,-0.9975163586484399,,,-0.9976607589776612,-0.9976619549003873,0.24836413515600606,,,0.2339241022338808,0.23380450996126345
FL,12,Okaloosa,12091,2007,26584589884.0,,,18806840352.0,18858931778.0,1.563884495912335,,,1.457837195814692,1.4590690226679945,256.3884495912335,,,245.7837195814692,245.90690226679945
FL,12,Okaloosa,12091,2008,25318270591.0,,,17410630993.0,18410992070.0,1.4417574886361613,,,1.2753687305400425,1.4006609074612397,244.17574886361612,,,227.53687305400425,240.06609074612396
FL,12,Okaloosa,12091,2009,23099900605.0,,,16174789111.0,17193691122.0,1.227812325738396,,,1.113858445512169,1.2419336217523438,222.7812325738396,,,211.3858445512169,224.19336217523437
FL,12,Okaloosa,12091,2010,20565881328.0,19073779557.0,,14499871635.0,15532271552.0,0.983425153884619,,,0.8949660427808896,1.0252964629601689,198.3425153884619,,,189.49660427808897,202.5296462960169
FL,12,Okaloosa,12091,2011,19413170899.0,18201728185.0,,13781239430.0,14796840126.0,0.8722548702697388,,,0.8010490992379784,0.9294014960945038,187.2254870269739,,,180.10490992379783,192.94014960945037
FL,12,Okaloosa,12091,2012,18900027470.0,17936343696.0,,13565838217.0,14582393681.0,0.8227660315277043,,,0.7728986442212906,0.9014392225082584,182.27660315277043,,,177.28986442212906,190.14392225082582
FL,12,Okaloosa,12091,2013,19093997492.0,18148867720.0,,13796745537.0,14817314143.0,0.8414729867317374,,,0.8030755686413211,0.9320711606103389,184.14729867317374,,,180.30755686413212,193.2071160610339
FL,12,Okaloosa,12091,2014,19859030197.0,18729361074.0,,14380694609.0,15448304417.0,0.9152546587369874,,,0.8793909795641581,1.0143477526603868,191.52546587369875,,,187.93909795641582,201.43477526603868
FL,12,Okaloosa,12091,2015,20828134088.0,19439888146.0,,15034519041.0,16132126302.0,1.0087174675260226,,,0.9648382943934735,1.1035132066861326,200.87174675260226,,,196.48382943934735,210.35132066861325
FL,12,Okaloosa,12091,2016,21808977156.0,20163210365.0,,15681580854.0,16795872403.0,1.103312431975025,,,1.0494018128908036,1.1900609229141432,210.3312431975025,,,204.94018128908036,219.00609229141432
FL,12,Okaloosa,12091,2017,22675236980.0,20965779803.0,,16405984855.0,,1.1868567011127658,,,1.1440730636235426,,218.68567011127658,,,214.40730636235426,
FL,12,Okaloosa,12091,2018,24257023518.0,22179661881.0,,17453553436.0,18773140578.0,1.3394081603723222,,,1.28097819895505,1.4478824674155053,233.94081603723222,,,228.09781989550498,244.78824674155052
FL,12,Okaloosa,12091,2019,25886724531.0,23462287334.0,,18578276099.0,20010644147.0,1.496580611722346,,,1.4279664832365815,1.6092440295544037,249.6580611722346,,,242.79664832365816,260.92440295544037
FL,12,Okaloosa,12091,2020,27696098471.0,24836744988.0,,19798164663.0,21221966152.0,1.671081170591822,,,1.5873918535396436,1.7671917041117946,267.1081170591822,,,258.7391853539644,276.71917041117945
FL,12,Okaloosa,12091,2021,29832124957.0,26321856228.0,,21103613931.0,22572501111.0,1.8770849199146418,,,1.757999021361869,1.9432917462987698,287.7084919914642,,,275.7999021361869,294.329174629877
FL,12,Okaloosa,12091,2022,37225048102.0,29660510914.0,,24097263207.0,26975969801.0,2.590076962058005,,,2.149234465703483,2.517472382579526,359.0076962058005,,,314.92344657034835,351.7472382579526
FL,12,Okeechobee,12093,2000,1664770775.0,,,978889238.0,978889238.0,0.0,,,0.0,0.0,100.0,,,100.0,100.0
FL,12,Okeechobee,12093,2001,1707185000.0,,,1025610488.0,1025610488.0,0.025477516566807745,,,0.04772884222882845,0.04772884222882845,102.54775165668077,,,104.77288422288285,104.77288422288285
FL,12,Okeechobee,12093,2002,1947639581.0,,,1120537060.0,1120537060.0,0.1699145673673903,,,0.14470260423886683,0.14470260423886683,116.99145673673902,,,114.47026042388669,114.47026042388669
FL,12,Okeechobee,12093,2003,2086140774.0,,,1234069268.0,1234069268.0,0.25310992079375016,,,0.2606832520923066,0.2606832520923066,125.31099207937501,,,126.06832520923066,126.06832520923066
FL,12,Okeechobee,12093,2004,2976897484.0,,,1489204099.0,1489204099.0,0.7881725993177648,,,0.521320330421285,0.521320330421285,178.81725993177648,,,152.1320330421285,152.1320330421285
FL,12,Okeechobee,12093,2005,3541886567.0,,,1849487797.0,1856688966.0,1.1275521051839705,,,0.8893739201574509,0.8967303898380381,212.75521051839706,,,188.93739201574508,189.67303898380382
FL,12,Okeechobee,12093,2006,4110512.0,,,2264220.0,2272798.0,-0.9975308840942382,,,-0.9976869497466065,-0.997678186753137,0.24691159057618609,,,0.23130502533934283,0.23218132468629712
FL,12,Okeechobee,12093,2007,4919791708.0,,,2478367043.0,2490502228.0,1.9552367099908996,,,1.531815599549987,1.5442124924045797,295.52367099909,,,253.1815599549987,254.42124924045797
FL,12,Okeechobee,12093,2008,4785121794.0,,,2187718898.0,2341126348.0,1.874342741870874,,,1.2348993257600815,1.3916151665772016,287.4342741870874,,,223.48993257600816,239.16151665772017
FL,12,Okeechobee,12093,2009,3685069972.0,,,1875212397.0,2018619991.0,1.2135599851577163,,,0.9156532978453278,1.062153625393111,221.35599851577163,,,191.56532978453276,206.2153625393111
FL,12,Okeechobee,12093,2010,2923593769.0,2180841423.0,,1556947250.0,1679356571.0,0.7561539479812167,,,0.5905244327550774,0.7155736377602304,175.61539479812168,,,159.05244327550773,171.55736377602304
FL,12,Okeechobee,12093,2011,2769092163.0,2163650339.0,,1571526142.0,1688600746.0,0.6633474137002435,,,0.6054177336864337,0.7250171729847947,166.33474137002435,,,160.54177336864336,172.50171729847946
FL,12,Okeechobee,12093,2012,2503112656.0,2071945241.0,,1499240900.0,1601337775.0,0.5035779661617379,,,0.5315735854478767,0.6358722854811893,150.3577966161738,,,153.15735854478766,163.58722854811893
FL,12,Okeechobee,12093,2013,2562767592.0,2078648446.0,,1501320181.0,1604194470.0,0.5394116898766439,,,0.533697708299864,0.6387905880726417,153.94116898766438,,,153.3697708299864,163.87905880726416
FL,12,Okeechobee,12093,2014,2616463091.0,2102339756.0,,1522142854.0,1645942617.0,0.5716656793185235,,,0.5549694438463117,0.681439077175757,157.16656793185234,,,155.49694438463118,168.1439077175757
FL,12,Okeechobee,12093,2015,2948155735.0,2255401102.0,,1579698555.0,1715610845.0,0.7709079107302326,,,0.6137663932515316,0.7526097727922922,177.09079107302327,,,161.37663932515315,175.26097727922922
FL,12,Okeechobee,12093,2016,3180221890.0,2310568457.0,,1656731961.0,1798852879.0,0.9103061741337932,,,0.6924611045728954,0.8376470076178322,191.03061741337933,,,169.24611045728955,183.76470076178322
FL,12,Okeechobee,12093,2017,3824731614.0,2413314174.0,,1735613762.0,,1.2974524009168769,,,0.7730440734501158,,229.7452400916877,,,177.30440734501158,
FL,12,Okeechobee,12093,2018,4293525287.0,2717985707.0,,2005155971.0,2193254187.0,1.5790489306252988,,,1.0483992398330972,1.2405539890101438,257.9048930625299,,,204.83992398330972,224.05539890101437
FL,12,Okeechobee,12093,2019,5059918750.0,3434175565.0,,2671526725.0,2860956204.0,2.0394086837570775,,,1.7291409704925167,1.9226556927373228,303.94086837570774,,,272.91409704925167,292.2655692737323
FL,12,Okeechobee,12093,2020,5773733199.0,4122850485.0,,2671818619.0,3516038295.0,2.4681851013392517,,,1.7294391594894623,2.5918653086673324,346.8185101339252,,,272.9439159489462,359.1865308667332
FL,12,Okeechobee,12093,2021,6657866894.0,4447506794.0,,2926494860.0,3701727382.0,2.999269445368537,,,1.9896077578493103,2.7815589734780595,399.92694453685374,,,298.96077578493106,378.15589734780593
FL,12,Okeechobee,12093,2022,7904753436.0,4938686857.0,,3307830080.0,4234570323.0,3.748253365992684,,,2.3791668674980366,3.325893225317081,474.82533659926844,,,337.91668674980366,432.58932253170815
FL,12,Orange,12095,2000,67079215979.0,,,51416135709.0,51416135709.0,0.0,,,0.0,0.0,100.0,,,100.0,100.0
FL,12,Orange,12095,2001,73424990370.0,,,55904604483.0,56008722266.0,0.09460120095897695,,,0.08729689059876833,0.08932189270295754,109.4601200958977,,,108.72968905987683,108.93218927029575
FL,12,Orange,12095,2002,78006822461.0,,,58534394413.0,58636946671.0,0.16290599588136256,,,0.1384440624687786,0.14043861644654965,116.29059958813626,,,113.84440624687787,114.04386164465497
FL,12,Orange,12095,2003,82666761402.0,,,62389454265.0,62476680684.0,0.23237518798490253,,,0.21342168960549102,0.21511816908216108,123.23751879849026,,,121.3421689605491,121.5118169082161
FL,12,Orange,12095,2004,88869034885.0,,,67095325883.0,67226555077.0,0.32483711367201407,,,0.3049468801533344,0.30749917608515465,132.4837113672014,,,130.49468801533345,130.74991760851546
FL,12,Orange,12095,2005,101751961342.0,,,75253217865.0,75373932205.0,0.5168925256051702,,,0.463610923444554,0.46595871443147696,151.68925256051702,,,146.36109234445541,146.5958714431477
FL,12,Orange,12095,2006,127409779304.0,,,91811757.0,91924643.0,0.8993927917089437,,,-0.9982143396088803,-0.9982121440724315,189.93927917089437,,,0.17856603911197677,0.17878559275684597
FL,12,Orange,12095,2007,148214538763.0,,,107296271145.0,107563280977.0,1.2095448880827773,,,1.0868209884979474,1.0920141020666372,220.95448880827772,,,208.68209884979473,209.20141020666372
FL,12,Orange,12095,2008,149790810250.0,,,107596845536.0,112467291492.0,1.233043545066089,,,1.0926669041206454,1.1873929252196498,223.30435450660892,,,209.26669041206455,218.73929252196498
FL,12,Orange,12095,2009,130516211171.0,,,96178105307.0,101512705713.0,0.9457026929453045,,,0.8705821427603857,0.9743355721544624,194.57026929453045,,,187.05821427603857,197.43355721544623
FL,12,Orange,12095,2010,114289145039.0,109853351313.0,,84021709041.0,88902713275.0,0.7037936918460654,,,0.6341506004367545,0.7290819710404308,170.37936918460653,,,163.41506004367545,172.90819710404307
FL,12,Orange,12095,2011,111234324056.0,107627868901.0,,81579022140.0,86344868710.0,0.6582531926256161,,,0.5866424229489542,0.6793340751760539,165.8253192625616,,,158.66424229489542,167.9334075176054
FL,12,Orange,12095,2012,111180730975.0,107630488638.0,,81347293457.0,86293715699.0,0.6574542405177566,,,0.5821354976461364,0.678339192727293,165.74542405177567,,,158.21354976461365,167.8339192727293
FL,12,Orange,12095,2013,115309077120.0,110857129650.0,,84428768036.0,89422647852.0,0.7189985815591371,,,0.6420675508140412,0.7391942552451924,171.8998581559137,,,164.2067550814041,173.91942552451926
FL,12,Orange,12095,2014,126282411869.0,117361434769.0,,90360817354.0,96405653146.0,0.8825862828887909,,,0.7574408521366773,0.8750077542121653,188.2586282888791,,,175.74408521366774,187.50077542121653
FL,12,Orange,12095,2015,147725926367.0,128754223125.0,,100914686930.0,113032067298.0,1.202260777962096,,,0.9627046167208488,1.1983773330949608,220.2260777962096,,,196.27046167208488,219.8377333094961
FL,12,Orange,12095,2016,159006923457.0,138814290129.0,,109414202284.0,121297741535.0,1.37043503172099,,,1.1280129433151447,1.359137649346288,237.04350317209898,,,212.80129433151447,235.9137649346288
FL,12,Orange,12095,2017,172556018704.0,151002152322.0,,120264018824.0,,1.572421519625704,,,1.3390326240124013,,257.2421519625704,,,233.90326240124014,
FL,12,Orange,12095,2018,189260230086.0,164768915137.0,,130981685919.0,143103069694.0,1.8214436815309578,,,1.5474821106805323,1.7832326899073223,282.1443681530958,,,254.74821106805322,278.32326899073223
FL,12,Orange,12095,2019,208682305671.0,181010353553.0,,143691376728.0,155865971819.0,2.110983076133905,,,1.7946747601035278,2.0314602540563325,311.0983076133905,,,279.46747601035275,303.1460254056332
FL,12,Orange,12095,2020,222444234544.0,195172594072.0,,155914881471.0,168061877596.0,2.3161424339491234,,,2.032411505085325,2.268660222681458,331.61424339491236,,,303.2411505085325,326.8660222681458
FL,12,Orange,12095,2021,228135637705.0,201727314274.0,,161121555897.0,171649037900.0,2.4009884339796215,,,2.133676883243423,2.3384274320318896,340.0988433979621,,,313.36768832434234,333.84274320318895
FL,12,Orange,12095,2022,275386865710.0,225765655466.0,,181620388278.0,202131208777.0,3.105397800060951,,,2.5323616948951058,2.931279665220319,410.5397800060951,,,353.2361694895106,393.1279665220319
FL,12,Osceola,12097,2000,11839458881.0,,,8421533011.0,8421533011.0,0.0,,,0.0,0.0,100.0,,,100.0,100.0
FL,12,Osceola,12097,2001,13599963763.0,,,9711714371.0,9711714371.0,0.14869808660134498,,,0.15320029718042982,0.15320029718042982,114.8698086601345,,,115.32002971804299,115.32002971804299
FL,12,Osceola,12097,2002,14791602894.0,,,10995459974.0,11005480968.0,0.24934788343558578,,,0.30563639181108715,0.30682631696923957,124.93478834355858,,,130.56363918110873,130.68263169692395
FL,12,Osceola,12097,2003,16081671746.0,,,12045360915.0,12082466619.0,0.35831138125813466,,,0.43030501682611044,0.4347110678326831,135.83113812581345,,,143.03050168261103,143.4711067832683
FL,12,Osceola,12097,2004,18125172352.0,,,13592209503.0,13640452916.0,0.5309122261564954,,,0.6139828087411388,0.6197113872478057,153.09122261564954,,,161.39828087411388,161.97113872478056
FL,12,Osceola,12097,2005,21236168031.0,,,16141696392.0,16192861394.0,0.7936772486350594,,,0.9167171073147979,0.9227926047252064,179.36772486350594,,,191.6717107314798,192.27926047252063
FL,12,Osceola,12097,2006,28860290.0,,,21802469.0,21855342.0,-0.9975623641004138,,,-0.99741110448994,-0.9974048261793366,0.24376358995861783,,,0.2588895510060003,0.2595173820663422
FL,12,Osceola,12097,2007,34830708838.0,,,26329988380.0,26387763807.0,1.9419172943703051,,,2.1265077683134903,2.1333682089155204,294.1917294370305,,,312.65077683134905,313.33682089155207
FL,12,Osceola,12097,2008,39019826560.0,,,25978614394.0,27179997768.0,2.2957440835931395,,,2.084784487582887,2.2274406254179797,329.57440835931396,,,308.47844875828866,322.744062541798
FL,12,Osceola,12097,2009,32695370028.0,,,21507132331.0,22777016662.0,1.7615594898910145,,,1.5538262811423893,1.7046164436153393,276.15594898910143,,,255.38262811423894,270.4616443615339
FL,12,Osceola,12097,2010,28292018751.0,22880431175.0,,18051227486.0,19137716573.0,1.3896378234315354,,,1.1434609901097494,1.2724742096246353,238.96378234315355,,,214.34609901097494,227.24742096246354
FL,12,Osceola,12097,2011,26514609323.0,21510276642.0,,16738208956.0,17752827760.0,1.239511922757781,,,0.9875489336842784,1.1080280439216579,223.9511922757781,,,198.75489336842784,210.8028043921658
FL,12,Osceola,12097,2012,26173565575.0,22176417428.0,,16477267213.0,17496905244.0,1.210706235654352,,,0.956563869247772,1.0776389786925935,221.0706235654352,,,195.6563869247772,207.76389786925935
FL,12,Osceola,12097,2013,27213904304.0,22870419725.0,,17099425435.0,18266479158.0,1.298576698270641,,,1.0304409437883995,1.1690206681064805,229.85766982706411,,,203.04409437883996,216.90206681064805
FL,12,Osceola,12097,2014,29164419808.0,24044174146.0,,18197032396.0,19631430755.0,1.4633237127756868,,,1.1607743355314861,1.3310994244584573,246.33237127756868,,,216.0774335531486,233.10994244584572
FL,12,Osceola,12097,2015,30893037608.0,25404559725.0,,19516750608.0,21087659050.0,1.6093285105772224,,,1.3174819338127275,1.5040166704156852,260.93285105772225,,,231.74819338127276,250.40166704156852
FL,12,Osceola,12097,2016,32680742343.0,27176069670.0,,21004789401.0,22504972109.0,1.7603239870570566,,,1.4941764609322385,1.6723129956985927,276.03239870570565,,,249.41764609322385,267.2312995698593
FL,12,Osceola,12097,2017,35430593856.0,29714717921.0,,22950927882.0,,1.9925855744014727,,,1.7252672229654697,,299.2585574401473,,,272.52672229654695,
FL,12,Osceola,12097,2018,38932738628.0,32585988075.0,,25372954042.0,27400950986.0,2.2883883477545903,,,2.012866423352906,2.2536773233815683,328.838834775459,,,301.2866423352906,325.3677323381568
FL,12,Osceola,12097,2019,43396754816.0,36078510537.0,,28407480518.0,30867962351.0,2.6654339739836628,,,2.373195887363363,2.6653614384318183,366.54339739836627,,,337.3195887363363,366.53614384318183
FL,12,Osceola,12097,2020,47040163173.0,39476118827.0,,31397076497.0,33883356285.0,2.9731683386721497,,,2.7281901592014077,3.0234190426781433,397.316833867215,,,372.81901592014077,402.34190426781436
FL,12,Osceola,12097,2021,50595303104.0,42912939634.0,,34108072393.0,36501282146.0,3.273447259080016,,,3.050102558340491,3.334280005590778,427.34472590800164,,,405.0102558340491,433.4280005590778
FL,12,Osceola,12097,2022,61778391168.0,49177768789.0,,39740259225.0,44184242737.0,4.218008000951982,,,3.718886593817568,4.246579533594136,521.8008000951982,,,471.8886593817568,524.6579533594136
FL,12,Palm Beach,12099,2000,90319601735.0,,,72006246954.0,72037197235.0,0.0,,,0.0,0.0,100.0,,,100.0,100.0
FL,12,Palm Beach,12099,2001,101011370887.0,,,79622188734.0,79655378068.0,0.11837706263774184,,,0.10576779240925194,0.1057534319130704,111.83770626377418,,,110.57677924092519,110.57534319130704
FL,12,Palm Beach,12099,2002,113847038512.0,,,88084564701.0,88188803471.0,0.26049092694219467,,,0.22329059529059148,0.2242120301170265,126.04909269421947,,,122.32905952905915,122.42120301170264
FL,12,Palm Beach,12099,2003,129331728467.0,,,98337234804.0,98490625441.0,0.4319342200651257,,,0.36567643730718413,0.3672190093640586,143.19342200651258,,,136.5676437307184,136.72190093640586
FL,12,Palm Beach,12099,2004,149439018820.0,,,110961828814.0,111356690401.0,0.6545579912814261,,,0.5410028088935968,0.5458220846340234,165.45579912814262,,,154.10028088935968,154.58220846340234
FL,12,Palm Beach,12099,2005,180546215283.0,,,130004566492.0,130344516337.0,0.9989704539744004,,,0.8054623312759415,0.8094057145475781,199.89704539744005,,,180.54623312759415,180.94057145475782
FL,12,Palm Beach,12099,2006,232872481526.0,,,160984196485.0,161349820540.0,1.5783160803703913,,,1.2356976414538323,1.2398125792379742,257.83160803703913,,,223.56976414538323,223.98125792379741
FL,12,Palm Beach,12099,2007,236349113806.0,,,170009949610.0,170412459122.0,1.6168086358424643,,,1.3610444482491642,1.3656175651320783,261.6808635842464,,,236.1044448249164,236.56175651320783
FL,12,Palm Beach,12099,2008,223427841508.0,,,160359915141.0,168502259637.0,1.4737469742564073,,,1.2270278194535438,1.3391007160829886,247.37469742564073,,,222.7027819453544,233.91007160829886
FL,12,Palm Beach,12099,2009,189794832918.0,,,141442924169.0,149644571166.0,1.1013692406977484,,,0.9643146275816663,1.0773236176558751,210.13692406977484,,,196.43146275816662,207.7323617655875
FL,12,Palm Beach,12099,2010,166960572123.0,156141437683.0,,127283350504.0,134985879431.0,0.848553015245423,,,0.7676709436795512,0.8738358044476464,184.8553015245423,,,176.7670943679551,187.38358044476465
FL,12,Palm Beach,12099,2011,163642421991.0,152697198273.0,,124641385874.0,132447598659.0,0.8118151414255679,,,0.7309801738955384,0.8386001085929118,181.18151414255678,,,173.09801738955383,183.86001085929118
FL,12,Palm Beach,12099,2012,163255147844.0,153032623050.0,,125336113099.0,132993221242.0,0.8075273219538184,,,0.740628326026614,0.8461742869888322,180.75273219538184,,,174.0628326026614,184.61742869888323
FL,12,Palm Beach,12099,2013,171884068213.0,158149856875.0,,130201181428.0,138567710754.0,0.9030649483742434,,,0.8081928573666237,0.9235577739367611,190.30649483742434,,,180.81928573666238,192.3557773936761
FL,12,Palm Beach,12099,2014,192820341023.0,167934009304.0,,139466302899.0,149987295798.0,1.134867042358532,,,0.9368639360984297,1.0820812240752637,213.4867042358532,,,193.68639360984298,208.2081224075264
FL,12,Palm Beach,12099,2015,217610910675.0,181898452086.0,,152562817106.0,165149434840.0,1.4093431159437122,,,1.1187441862295953,1.2925577504250882,240.93431159437122,,,211.87441862295952,229.25577504250882
FL,12,Palm Beach,12099,2016,237544505207.0,195630354219.0,,165007933671.0,178581663463.0,1.6300437628584943,,,1.2915780317840007,1.4790201495545454,263.00437628584945,,,229.15780317840006,247.90201495545455
FL,12,Palm Beach,12099,2017,251910372483.0,208805696217.0,,176846761549.0,,1.7890996820613916,,,1.4559919316719232,,278.9099682061392,,,245.5991931671923,
FL,12,Palm Beach,12099,2018,264746417352.0,221156450356.0,,187665967526.0,200429317726.0,1.9312177231335972,,,1.6062456448519988,1.7823031075481568,293.1217723133597,,,260.62456448519987,278.23031075481566
FL,12,Palm Beach,12099,2019,277666402913.0,233316304820.0,,198852147603.0,211246838641.0,2.0742651382330077,,,1.7615957783500842,1.9324688737107554,307.42651382330075,,,276.1595778350084,293.24688737107556
FL,12,Palm Beach,12099,2020,288643620436.0,246137900399.0,,210145754984.0,221803397082.0,2.1958026263544395,,,1.9184378282935386,2.0790120326091,319.58026263544394,,,291.84378282935387,307.90120326091
FL,12,Palm Beach,12099,2021,308694067550.0,258589066513.0,,221914043494.0,234721024637.0,2.4177970409537037,,,2.081872099732765,2.2583308852410267,341.7797040953704,,,308.1872099732765,325.83308852410266
FL,12,Palm Beach,12099,2022,404387504992.0,294340558137.0,,255114794836.0,287069987797.0,3.4772950414294694,,,2.5429536412163776,2.985024387616293,447.72950414294695,,,354.29536412163776,398.5024387616293
FL,12,Pasco,12101,2000,15029928550.0,,,9858648974.0,9858648974.0,0.0,,,0.0,0.0,100.0,,,100.0,100.0
FL,12,Pasco,12101,2001,16894830990.0,,,11002947919.0,11002947919.0,0.12407926184053619,,,0.1160705638285564,0.1160705638285564,112.40792618405362,,,111.60705638285565,111.60705638285565
FL,12,Pasco,12101,2002,18854519963.0,,,12262273454.0,12262273454.0,0.2544650428827222,,,0.24380870911815866,0.24380870911815866,125.44650428827222,,,124.38087091181586,124.38087091181586
FL,12,Pasco,12101,2003,21252196140.0,,,13991326126.0,13991326126.0,0.4139918276590875,,,0.41919305199921597,0.41919305199921597,141.39918276590876,,,141.9193051999216,141.9193051999216
FL,12,Pasco,12101,2004,24711159323.0,,,16263730870.0,16263730870.0,0.6441301926881082,,,0.6496916476985826,0.6496916476985826,164.4130192688108,,,164.96916476985825,164.96916476985825
FL,12,Pasco,12101,2005,30531483846.0,,,19949523770.0,19949523770.0,1.0313791741877574,,,1.0235555422058789,1.0235555422058789,203.13791741877574,,,202.3555542205879,202.3555542205879
FL,12,Pasco,12101,2006,40871791.0,,,25892656.0,25892656.0,-0.9972806397007123,,,-0.9973736101094292,-0.9973736101094292,0.27193602992876503,,,0.2626389890570821,0.2626389890570821
FL,12,Pasco,12101,2007,45761993549.0,,,29694362126.0,29694362126.0,2.044724623724176,,,2.012011301377328,2.012011301377328,304.47246237241757,,,301.20113013773283,301.20113013773283
FL,12,Pasco,12101,2008,43279373230.0,,,26989293068.0,29427865648.0,1.8795461725598157,,,1.7376259302038517,1.9849795570984896,287.9546172559816,,,273.76259302038517,298.49795570984895
FL,12,Pasco,12101,2009,35936078824.0,,,23127467176.0,25442956422.0,1.390968041162112,,,1.345906344469061,1.5807751639296779,239.0968041162112,,,234.5906344469061,258.07751639296777
FL,12,Pasco,12101,2010,32251980261.0,29705072588.0,,20737792182.0,22945711095.0,1.1458505377259427,,,1.1035125844008977,1.327470138709089,214.58505377259428,,,210.35125844008977,232.74701387090892
FL,12,Pasco,12101,2011,30988046699.0,29078067680.0,,20303817341.0,22468669411.0,1.0617560885876598,,,1.0594928772235237,1.27908199898953,206.17560885876597,,,205.94928772235238,227.908199898953
FL,12,Pasco,12101,2012,29541013702.0,27779671253.0,,19239063689.0,21276683168.0,0.9654793170656824,,,0.9514908928940227,1.1581743324174067,196.54793170656825,,,195.14908928940227,215.81743324174067
FL,12,Pasco,12101,2013,29814284278.0,27938095149.0,,19410535830.0,21459191534.0,0.9836610785485072,,,0.96888395977897,1.1766868452861905,198.36610785485072,,,196.888395977897,217.66868452861905
FL,12,Pasco,12101,2014,31711748001.0,28889874747.0,,20372805737.0,22522171880.0,1.1099067700491498,,,1.0664906307881288,1.2845089564906136,210.99067700491497,,,206.64906307881287,228.45089564906135
FL,12,Pasco,12101,2015,33394531777.0,30034290484.0,,21438768973.0,23633665865.0,1.2218689640410831,,,1.1746153077911585,1.3972519893271942,222.18689640410832,,,217.46153077911586,239.72519893271942
FL,12,Pasco,12101,2016,35969044724.0,31827995261.0,,22922358185.0,25269185070.0,1.3931613915756107,,,1.3251013648475198,1.5631488793892419,239.31613915756108,,,232.510136484752,256.3148879389242
FL,12,Pasco,12101,2017,39089853148.0,33878338228.0,,24676449043.0,,1.6008009963560341,,,1.5030254254998492,,260.0800996356034,,,250.3025425499849,
FL,12,Pasco,12101,2018,43307271918.0,36602899494.0,,26992519859.0,30126231669.0,1.8814023815169767,,,1.7379532358020642,2.055817460227183,288.14023815169764,,,273.7953235802064,305.5817460227183
FL,12,Pasco,12101,2019,46953049186.0,39443593932.0,,29390563855.0,32672186569.0,2.123970219139864,,,1.981195895351492,2.31406328140556,312.3970219139864,,,298.1195895351492,331.406328140556
FL,12,Pasco,12101,2020,49477592922.0,42029740956.0,,31743617155.0,35037166391.0,2.2919379993992055,,,2.219874978682855,2.5539521169079813,329.19379993992055,,,321.9874978682855,355.39521169079813
FL,12,Pasco,12101,2021,55488234892.0,45793047274.0,,35037210444.0,39234956761.0,2.6918495458849003,,,2.5539565853701527,2.9797498485313247,369.18495458849003,,,355.39565853701527,397.97498485313247
FL,12,Pasco,12101,2022,70043130961.0,52249600960.0,,40900443515.0,46692972167.0,3.6602437748115575,,,3.148686460271164,3.73624451891353,466.02437748115574,,,414.86864602711637,473.62445189135303
FL,12,Pinellas,12103,2000,52879832400.0,,,38967933267.0,38968778067.0,0.0,,,0.0,0.0,100.0,,,100.0,100.0
FL,12,Pinellas,12103,2001,58053075632.0,,,42410832981.0,42412684581.0,0.09783017451469833,,,0.08835212507704693,0.08837604576871261,109.78301745146983,,,108.8352125077047,108.83760457687126
FL,12,Pinellas,12103,2002,64090415272.0,,,45520363031.0,45522214631.0,0.21200110445130682,,,0.1681492759470753,0.16817146672478445,121.20011044513068,,,116.81492759470753,116.81714667247844
FL,12,Pinellas,12103,2003,71350142040.0,,,49635103090.0,49637728690.0,0.34928835440106276,,,0.2737422523773796,0.27378201607082997,134.92883544010627,,,127.37422523773796,127.378201607083
FL,12,Pinellas,12103,2004,79805791816.0,,,54866545238.0,54869885638.0,0.5091914666507151,,,0.4079921781344187,0.40804737432774574,150.9191466650715,,,140.79921781344186,140.80473743277457
FL,12,Pinellas,12103,2005,92791756076.0,,,62885450032.0,62890342232.0,0.7547664556516258,,,0.6137743205707693,0.6138648772581745,175.47664556516258,,,161.37743205707693,161.38648772581746
FL,12,Pinellas,12103,2006,115697247282.0,,,75505062.0,75510455.0,1.187927647100485,,,-0.9980623796113934,-0.9980622832240166,218.7927647100485,,,0.1937620388606585,0.19377167759834033
FL,12,Pinellas,12103,2007,119781233550.0,,,80093652315.0,80101483681.0,1.2651590996721844,,,1.0553733698478518,1.0555297767684557,226.51590996721845,,,205.53733698478518,205.55297767684556
FL,12,Pinellas,12103,2008,111315951610.0,,,73118247221.0,78271018927.0,1.1050738354836391,,,0.876369647833497,1.0085571785809315,210.50738354836392,,,187.6369647833497,200.85571785809316
FL,12,Pinellas,12103,2009,94613442446.0,,,64553359536.0,69596858077.0,0.7892160045121475,,,0.6565764238430121,0.7859645985650454,178.92160045121474,,,165.6576423843012,178.59645985650454
FL,12,Pinellas,12103,2010,82741132816.0,78338984955.0,,58280632666.0,63140081273.0,0.564701116866626,,,0.4956049187077356,0.6202735729727442,156.47011168666262,,,149.56049187077355,162.02735729727442
FL,12,Pinellas,12103,2011,78334313615.0,75100732673.0,,55497477751.0,60187216301.0,0.4813646348659759,,,0.42418324756263237,0.5444984237770711,148.1364634865976,,,142.41832475626325,154.4498423777071
FL,12,Pinellas,12103,2012,75835025603.0,73488271794.0,,54382603940.0,58855527771.0,0.4341010960352438,,,0.3955732157356653,0.5103252062409607,143.41010960352438,,,139.55732157356653,151.03252062409607
FL,12,Pinellas,12103,2013,79330326909.0,75324678756.0,,56132296777.0,60850140819.0,0.5002000442989301,,,0.4404740531758107,0.5615101072550652,150.020004429893,,,144.04740531758108,156.15101072550652
FL,12,Pinellas,12103,2014,87445578563.0,78955919990.0,,59682089234.0,65196359844.0,0.6536659553217494,,,0.5315692732552944,0.6730409080804705,165.36659553217495,,,153.15692732552944,167.30409080804705
FL,12,Pinellas,12103,2015,95627598951.0,83256172370.0,,63639808833.0,69767431159.0,0.8083945166021367,,,0.6331327709107268,0.7903417715343064,180.83945166021365,,,163.31327709107268,179.03417715343065
FL,12,Pinellas,12103,2016,103177453026.0,88011162749.0,,68206046142.0,74705000514.0,0.9511683063882026,,,0.7503121265032626,0.9170475498502368,195.11683063882026,,,175.03121265032627,191.7047549850237
FL,12,Pinellas,12103,2017,111369866827.0,93837076357.0,,73604866454.0,,1.106093415436014,,,0.8888573317367152,,210.6093415436014,,,188.88573317367153,
FL,12,Pinellas,12103,2018,120802789123.0,100865581894.0,,79422480035.0,86675225543.0,1.2844775340664656,,,1.03814966246257,1.224222309305596,228.44775340664657,,,203.814966246257,222.4222309305596
FL,12,Pinellas,12103,2019,129373385023.0,107641888714.0,,85480410458.0,93027993578.0,1.4465543696201277,,,1.193609034184759,1.3872443066614673,244.65543696201277,,,219.36090341847589,238.72443066614673
FL,12,Pinellas,12103,2020,138486905392.0,115172180606.0,,91752486078.0,99480356076.0,1.6188983418941394,,,1.3545638268607028,1.5528220542343134,261.88983418941393,,,235.45638268607027,255.28220542343135
FL,12,Pinellas,12103,2021,151036080805.0,122441992156.0,,97996408346.0,106276340290.0,1.8562133038265833,,,1.5147961446800227,1.727217674294955,285.62133038265836,,,251.47961446800227,272.7217674294955
FL,12,Pinellas,12103,2022,186057231999.0,136641397600.0,,110834613445.0,125069385252.0,2.5184913331722285,,,1.844251777110805,2.2094767004745455,351.8491333172228,,,284.4251777110805,320.94767004745455
FL,12,Polk,12105,2000,21665900608.0,,,15487739284.0,15488024868.0,0.0,,,0.0,0.0,100.0,,,100.0,100.0
FL,12,Polk,12105,2001,23566219826.0,,,16802670465.0,16802670465.0,0.08771014195912619,,,0.0849014279545901,0.0848814234354831,108.77101419591261,,,108.49014279545901,108.4881423435483
FL,12,Polk,12105,2002,25391245895.0,,,17913376767.0,17980968243.0,0.17194509263208002,,,0.15661662677301558,0.16095941194869212,117.194509263208,,,115.66166267730156,116.09594119486921
FL,12,Polk,12105,2003,26647725882.0,,,18995694016.0,19068708548.0,0.22993852709545304,,,0.22649882385507225,0.23119046557047396,122.99385270954531,,,122.64988238550723,123.1190465570474
FL,12,Polk,12105,2004,28773451373.0,,,20624281545.0,20712188562.0,0.32805240334092467,,,0.3316521647743924,0.3373034159309565,132.80524033409247,,,133.16521647743923,133.73034159309566
FL,12,Polk,12105,2005,33964323268.0,,,23751980320.0,23855176388.0,0.5676395771638907,,,0.5335989252180648,0.5402336057251222,156.76395771638906,,,153.35989252180647,154.02336057251222
FL,12,Polk,12105,2006,44202030.0,,,30240902.0,30353070.0,-0.9979598341744594,,,-0.9980474295540834,-0.9980402233171312,0.20401658255405583,,,0.1952570445916605,0.19597766828688953
FL,12,Polk,12105,2007,51424769415.0,,,35616463683.0,35812162831.0,1.373534816088454,,,1.2996554261340445,1.3122485362863765,237.35348160884539,,,229.96554261340444,231.22485362863765
FL,12,Polk,12105,2008,51684292847.0,,,34346940692.0,36826456936.0,1.3855132441582372,,,1.217685877982397,1.3777374616751552,238.55132441582373,,,221.76858779823968,237.77374616751553
FL,12,Polk,12105,2009,44905214971.0,,,30383290356.0,32956177839.0,1.0726216640363901,,,0.9617640637448117,1.127848974925858,207.26216640363901,,,196.17640637448116,212.7848974925858
FL,12,Polk,12105,2010,37908735826.0,35262708210.0,,26084682798.0,28444269578.0,0.7496958244146303,,,0.6842149986956094,0.8365330518527936,174.96958244146305,,,168.42149986956093,183.65330518527935
FL,12,Polk,12105,2011,35317184352.0,33367484432.0,,24451094450.0,26610515970.0,0.6300815272345222,,,0.5787387688828041,0.7181348943324799,163.0081527234522,,,157.8738768882804,171.81348943324798
FL,12,Polk,12105,2012,33783998018.0,31964104998.0,,23251568129.0,25462419982.0,0.5593165790452055,,,0.5012887099036216,0.6440069149558394,155.93165790452053,,,150.12887099036217,164.40069149558394
FL,12,Polk,12105,2013,35752837340.0,32907075919.0,,24145907175.0,26576213486.0,0.6501892991606584,,,0.5590336802702083,0.7159201197377623,165.01892991606584,,,155.90336802702083,171.59201197377624
FL,12,Polk,12105,2014,38400399758.0,34257610030.0,,25390830426.0,28040676175.0,0.7723888082372579,,,0.639414892025632,0.8104746353381178,177.2388808237258,,,163.9414892025632,181.0474635338118
FL,12,Polk,12105,2015,41350735424.0,36350830982.0,,26895748220.0,29734103446.0,0.9085629613168029,,,0.7365832241110446,0.9198124808950945,190.8562961316803,,,173.65832241110445,191.98124808950945
FL,12,Polk,12105,2016,43967538585.0,38281714330.0,,28558784390.0,31573919286.0,1.029342762182028,,,0.8439608174127371,1.038602052559669,202.9342762182028,,,184.39608174127372,203.86020525596692
FL,12,Polk,12105,2017,48404656590.0,41779587455.0,,31423607984.0,,1.234140064878119,,,1.0289344627890884,,223.4140064878119,,,202.89344627890884,
FL,12,Polk,12105,2018,53020095265.0,44848239019.0,,34280040051.0,38175089623.0,1.4471678433447006,,,1.2133662907415972,1.4648132959725566,244.71678433447005,,,221.33662907415973,246.48132959725567
FL,12,Polk,12105,2019,57101226468.0,48075677021.0,,36944829749.0,41085994352.0,1.6355344050141043,,,1.3854243070301933,1.652758805733085,263.5534405014104,,,238.54243070301933,265.2758805733085
FL,12,Polk,12105,2020,62556042376.0,52177220051.0,,40196938311.0,44992662804.0,1.8873040409361783,,,1.5954038593951836,1.9049968080151976,288.73040409361784,,,259.5403859395184,290.49968080151973
FL,12,Polk,12105,2021,67681190180.0,56606885121.0,,43874946138.0,48984485313.0,2.123857687919474,,,1.8328825358860552,2.16273286816626,312.3857687919474,,,283.2882535886055,316.273286816626
FL,12,Polk,12105,2022,86157807632.0,65421156324.0,,51619629216.0,60185637943.0,2.976654799209536,,,2.332935057173061,2.885946623662149,397.6654799209536,,,333.2935057173061,388.5946623662149
FL,12,Putnam,12107,2000,3726271061.0,,,2307505671.0,2308287857.0,0.0,,,0.0,0.0,100.0,,,100.0,100.0
FL,12,Putnam,12107,2001,4000103102.0,,,2430537862.0,2442938481.0,0.0734868817961174,,,0.05331826159572639,0.05833354951448766,107.34868817961174,,,105.33182615957264,105.83335495144877
FL,12,Putnam,12107,2002,4280371070.0,,,2539182848.0,2555383578.0,0.14870093987507693,,,0.10040156343347073,0.10704718661958457,114.87009398750769,,,110.04015634334708,110.70471866195845
FL,12,Putnam,12107,2003,4480223961.0,,,2637852017.0,2658738639.0,0.2023344216396501,,,0.14316166159489363,0.15182282440954675,120.23344216396501,,,114.31616615948937,115.18228244095468
FL,12,Putnam,12107,2004,4821290527.0,,,2812114462.0,2838314983.0,0.2938646835064478,,,0.21868149549609495,0.2296191631354234,129.38646835064478,,,121.8681495496095,122.96191631354235
FL,12,Putnam,12107,2005,5401459274.0,,,3154011750.0,3182606632.0,0.44956155512488083,,,0.3668489701406241,0.37877371851547204,144.9561555124881,,,136.68489701406241,137.8773718515472
FL,12,Putnam,12107,2006,6824314.0,,,3911132.0,3940052.0,-0.9981685943163328,,,-0.9983050390518412,-0.9982930846393132,0.1831405683667198,,,0.1694960948158814,0.170691536068675
FL,12,Putnam,12107,2007,7533899786.0,,,4169698449.0,4200892788.0,1.0218335334891515,,,0.8070154719026041,0.8199172062793554,202.18335334891515,,,180.7015471902604,181.99172062793554
FL,12,Putnam,12107,2008,7760794907.0,,,4049021247.0,4305530317.0,1.0827241979860895,,,0.754717788080357,0.8652484368200704,208.27241979860895,,,175.4717788080357,186.52484368200703
FL,12,Putnam,12107,2009,7707062234.0,,,3945688030.0,4229088401.0,1.0683042397703875,,,0.7099364389817788,0.8321321529180492,206.83042397703875,,,170.99364389817788,183.21321529180491
FL,12,Putnam,12107,2010,7358369238.0,5435682064.0,,3718247933.0,4010447387.0,0.9747273125174294,,,0.6113710920539706,0.7374121580365789,197.47273125174294,,,161.13710920539705,173.7412158036579
FL,12,Putnam,12107,2011,7056889139.0,5125012039.0,,3486180822.0,3779669451.0,0.8938206650769467,,,0.5108005435536804,0.637434187221477,189.38206650769467,,,151.08005435536805,163.7434187221477
FL,12,Putnam,12107,2012,6638738408.0,4857500043.0,,3287457760.0,3567678178.0,0.7816037264391593,,,0.4246802516308963,0.5455950033185137,178.16037264391593,,,142.46802516308964,154.55950033185138
FL,12,Putnam,12107,2013,6440566597.0,4852344031.0,,3366996783.0,3654651834.0,0.7284213873779699,,,0.4591499493653899,0.5832738637501744,172.842138737797,,,145.914994936539,158.32738637501745
FL,12,Putnam,12107,2014,6518598892.0,4899656739.0,,3401359340.0,3685488978.0,0.749362508869829,,,0.4740415951073085,0.5966331784935608,174.9362508869829,,,147.40415951073084,159.66331784935608
FL,12,Putnam,12107,2015,6487257152.0,4877005123.0,,3361381529.0,3639389632.0,0.740951488982406,,,0.4567164758226936,0.5766619492293243,174.0951488982406,,,145.67164758226937,157.66619492293245
FL,12,Putnam,12107,2016,6477852616.0,4890810737.0,,3382856541.0,3659886463.0,0.7384276425294654,,,0.4660230670349672,0.5855416177411361,173.84276425294652,,,146.6023067034967,158.55416177411362
FL,12,Putnam,12107,2017,6738131498.0,5018331598.0,,3491795532.0,,0.8082773334776463,,,0.5132337813439767,,180.82773334776462,,,151.32337813439767,
FL,12,Putnam,12107,2018,7068181917.0,5284033962.0,,3740316375.0,4066446338.0,0.8968512492226342,,,0.6209348570654065,0.7616721093377914,189.6851249222634,,,162.09348570654066,176.16721093377913
FL,12,Putnam,12107,2019,7368715582.0,5498693873.0,,3921744425.0,4269777111.0,0.9775039070889535,,,0.6995600376143127,0.8497593781692714,197.75039070889534,,,169.95600376143128,184.97593781692714
FL,12,Putnam,12107,2020,8319223530.0,6329150194.0,,4606391607.0,4967844974.0,1.2325867855054575,,,0.9962644793864084,1.1521774067020099,223.25867855054577,,,199.62644793864084,215.21774067020098
FL,12,Putnam,12107,2021,8875488826.0,6681024557.0,,4893683399.0,5293844770.0,1.381868812200187,,,1.1207676585597435,1.2934075375158032,238.1868812200187,,,212.07676585597434,229.3407537515803
FL,12,Putnam,12107,2022,10797641747.0,7350772552.0,,5514370894.0,6231161477.0,1.8977070025878078,,,1.3897539942383959,1.699473316598572,289.7707002587808,,,238.97539942383958,269.9473316598572
FL,12,St. Johns,12109,2000,10959864446.0,,,8169197188.0,8212244715.0,0.0,,,0.0,0.0,100.0,,,100.0,100.0
FL,12,St. Johns,12109,2001,12831128363.0,,,9581736698.0,9622913400.0,0.17073787054756417,,,0.1729104436449307,0.17177626020122805,117.07378705475642,,,117.29104436449308,117.1776260201228
FL,12,St. Johns,12109,2002,14692136619.0,,,10870476982.0,10909977285.0,0.34053999402904656,,,0.33066649412845583,0.3285012397490399,134.05399940290465,,,133.06664941284558,132.850123974904
FL,12,St. Johns,12109,2003,16887575049.0,,,12485798624.0,12530837873.0,0.5408561969179668,,,0.5283997113377061,0.5258724390070737,154.0856196917967,,,152.8399711337706,152.58724390070736
FL,12,St. Johns,12109,2004,19603247736.0,,,14245421380.0,14293353171.0,0.7886396161728586,,,0.7437969793317714,0.7404928453839918,178.86396161728587,,,174.37969793317714,174.04928453839918
FL,12,St. Johns,12109,2005,24491837093.0,,,17429224015.0,17464649690.0,1.234684307791666,,,1.133529600754693,1.1266596766289863,223.4684307791666,,,213.3529600754693,212.66596766289862
FL,12,St. Johns,12109,2006,31887787.0,,,22088881.0,22127876.0,-0.9970904943982553,,,-0.9972960768981747,-0.9973055021169082,0.2909505601744739,,,0.27039231018253634,0.26944978830918825
FL,12,St. Johns,12109,2007,35482347920.0,,,24576722667.0,24655923417.0,2.2374805450216972,,,2.0084624108598517,2.002336665877108,323.74805450216974,,,300.8462410859852,300.2336665877108
FL,12,St. Johns,12109,2008,34429613558.0,,,23338455293.0,24578936212.0,2.1414269517325746,,,1.8568848022523703,1.9929619811627837,314.14269517325744,,,285.688480225237,299.2961981162784
FL,12,St. Johns,12109,2009,28946525556.0,,,20454452825.0,21738801362.0,1.6411390121311724,,,1.5038510338624476,1.6471205031546603,264.11390121311723,,,250.38510338624477,264.71205031546606
FL,12,St. Johns,12109,2010,25510291450.0,23110417539.0,,18364786783.0,19663462454.0,1.3276101247137633,,,1.2480528209034585,1.3944077577332643,232.76101247137632,,,224.80528209034586,239.44077577332644
FL,12,St. Johns,12109,2011,24124485380.0,22204880459.0,,17445316811.0,18744564601.0,1.201166401177951,,,1.135499536799772,1.2825141299993517,220.1166401177951,,,213.5499536799772,228.25141299993516
FL,12,St. Johns,12109,2012,23282795351.0,21671661474.0,,17009601627.0,18313337885.0,1.124368915848907,,,1.0821631839155454,1.2300039173881339,212.4368915848907,,,208.21631839155455,223.0003917388134
FL,12,St. Johns,12109,2013,24105077579.0,22230630122.0,,17497342242.0,18905124325.0,1.1993955945137245,,,1.141868024400539,1.302065389073102,219.93955945137245,,,214.1868024400539,230.2065389073102
FL,12,St. Johns,12109,2014,25733684897.0,23372633791.0,,18580903700.0,20114180733.0,1.34799299058776,,,1.274507919492272,1.4492914460111774,234.799299058776,,,227.45079194922718,244.92914460111774
FL,12,St. Johns,12109,2015,28825087418.0,25267891149.0,,20262955982.0,22028866455.0,1.6300587530095076,,,1.4804097043666564,1.6824415515484308,263.0058753009508,,,248.04097043666565,268.2441551548431
FL,12,St. Johns,12109,2016,31463541485.0,27213952640.0,,22071907659.0,23949936976.0,1.8707965905986352,,,1.701845377342849,1.9163691301422694,287.0796590598635,,,270.1845377342849,291.63691301422693
FL,12,St. Johns,12109,2017,33570128918.0,29228339543.0,,23858170140.0,,2.0630058504283806,,,1.9205036420281352,,306.30058504283807,,,292.0503642028135,
FL,12,St. Johns,12109,2018,36462993352.0,31621490083.0,,25975927686.0,28117542958.0,2.3269565998426036,,,2.1797405654691366,2.4238559533719397,332.6956599842604,,,317.9740565469137,342.385595337194
FL,12,St. Johns,12109,2019,39783761398.0,34479869541.0,,28508437722.0,30807826058.0,2.629950132505498,,,2.489747776424956,2.751450075729995,362.9950132505498,,,348.9747776424956,375.1450075729995
FL,12,St. Johns,12109,2020,44325296495.0,38115170069.0,,31702718088.0,34142003170.0,3.0443288978065155,,,2.880762987894227,3.1574507768428086,404.4328897806515,,,388.0762987894227,415.7450776842809
FL,12,St. Johns,12109,2021,48601782000.0,41535101730.0,,34682973006.0,37160714025.0,3.4345240070681804,,,3.2455791196896246,3.525037345407455,443.452400706818,,,424.55791196896246,452.5037345407455
FL,12,St. Johns,12109,2022,66060819019.0,48345836853.0,,40856617513.0,45649207091.0,5.027521539567042,,,4.001301422007002,4.55867593760569,602.7521539567042,,,500.13014220070016,555.867593760569
FL,12,St. Lucie,12111,2000,12033412590.0,,,8139395362.0,8151249434.0,0.0,,,0.0,0.0,100.0,,,100.0,100.0
FL,12,St. Lucie,12111,2001,12692051185.0,,,8667691605.0,8690623195.0,0.05473414877732541,,,0.06490607956783023,0.06617068528785253,105.47341487773254,,,106.49060795678302,106.61706852878525
FL,12,St. Lucie,12111,2002,13894816075.0,,,9440470969.0,9460785477.0,0.1546862513919669,,,0.15984917173015933,0.16065463995467266,115.46862513919669,,,115.98491717301593,116.06546399546727
FL,12,St. Lucie,12111,2003,15858459536.0,,,10794450475.0,10829175097.0,0.31786884372091495,,,0.3261980767509498,0.32852947081094075,131.7868843720915,,,132.619807675095,132.85294708109407
FL,12,St. Lucie,12111,2004,20455727725.0,,,13635067852.0,13707980803.0,0.6999107752691125,,,0.6751941938657238,0.6817030216033013,169.99107752691125,,,167.51941938657237,168.17030216033012
FL,12,St. Lucie,12111,2005,27196723384.0,,,17531857063.0,17680678583.0,1.2601006306890037,,,1.1539507891274248,1.169075885379169,226.01006306890037,,,215.39507891274246,216.9075885379169
FL,12,St. Lucie,12111,2006,38336598.0,,,24412809.0,24594332.0,-0.996814154113534,,,-0.9970006606247468,-0.9969827531105337,0.3185845886466027,,,0.29993393752532155,0.30172468894662463
FL,12,St. Lucie,12111,2007,38864635859.0,,,25554081157.0,25769119327.0,2.229726859967992,,,2.1395552151580075,2.1613704789247894,322.97268599679916,,,313.95552151580074,316.13704789247896
FL,12,St. Lucie,12111,2008,33777284975.0,,,21558849841.0,23141320030.0,1.8069581028967279,,,1.6487040968240412,1.838990539717055,280.6958102896728,,,264.8704096824041,283.8990539717055
FL,12,St. Lucie,12111,2009,26371942906.0,,,17031103295.0,18644098272.0,1.1915597681671448,,,1.0924285573486556,1.2872687706295505,219.15597681671449,,,209.24285573486557,228.72687706295505
FL,12,St. Lucie,12111,2010,23543369919.0,20844218115.0,,15165938592.0,16686975685.0,0.9564998493083332,,,0.8632758230180686,1.0471678385151968,195.6499849308333,,,186.32758230180687,204.71678385151966
FL,12,St. Lucie,12111,2011,22501551897.0,20121286352.0,,14608385586.0,16049153401.0,0.8699227445836293,,,0.794775279525241,0.9689194314256584,186.99227445836294,,,179.4775279525241,196.89194314256585
FL,12,St. Lucie,12111,2012,22238606523.0,19920802858.0,,14339509426.0,15824491549.0,0.8480714723835461,,,0.7617413564828379,0.9413577853468496,184.80714723835462,,,176.1741356482838,194.13577853468496
FL,12,St. Lucie,12111,2013,22970680525.0,20805125785.0,,15177497252.0,16663510691.0,0.9089082463680405,,,0.8646959113029997,1.0442891394654383,190.89082463680404,,,186.46959113029996,204.42891394654384
FL,12,St. Lucie,12111,2014,23880397036.0,21344185177.0,,15627853623.0,17270781525.0,0.984507458494781,,,0.9200263567440159,1.1187894769801985,198.4507458494781,,,192.0026356744016,211.87894769801986
FL,12,St. Lucie,12111,2015,25665201528.0,22173162154.0,,16322236568.0,18175544685.0,1.132828184527495,,,1.005337723758061,1.2297863452917124,213.2828184527495,,,200.5337723758061,222.97863452917125
FL,12,St. Lucie,12111,2016,28802466577.0,23608020871.0,,17567026142.0,19892646530.0,1.3935410143698896,,,1.158271635754951,1.4404413938095173,239.35410143698897,,,215.8271635754951,244.04413938095172
FL,12,St. Lucie,12111,2017,31205434334.0,25022564259.0,,18814644918.0,,1.5932323105028678,,,1.3115531413843122,,259.3232310502868,,,231.1553141384312,
FL,12,St. Lucie,12111,2018,34126859123.0,27223709698.0,,20444235500.0,23210661747.0,1.836008394772409,,,1.5117634161681113,1.8474974217063078,283.6008394772409,,,251.17634161681113,284.7497421706308
FL,12,St. Lucie,12111,2019,36802299114.0,29236048476.0,,22113574080.0,25074769890.0,2.0583426637081677,,,1.7168571001281703,2.0761872879769365,305.83426637081675,,,271.685710012817,307.6187287976937
FL,12,St. Lucie,12111,2020,38057203543.0,30990665072.0,,23533609875.0,26412028274.0,2.1626276634631707,,,1.8913216311951402,2.2402429207762604,316.26276634631705,,,289.132163119514,324.02429207762606
FL,12,St. Lucie,12111,2021,42397519061.0,33432581977.0,,25674989051.0,29003451469.0,2.5233163280907664,,,2.1544098681908945,2.558160218729481,352.33163280907667,,,315.44098681908946,355.8160218729481
FL,12,St. Lucie,12111,2022,55885004835.0,38474363517.0,,30116796043.0,36250709183.0,3.6441526389148766,,,2.700126938618171,3.447257991123818,464.41526389148765,,,370.0126938618171,444.7257991123818
FL,12,Santa Rosa,12113,2000,6359882962.0,,,4165501347.0,4198494997.0,0.0,,,0.0,0.0,100.0,,,100.0,100.0
FL,12,Santa Rosa,12113,2001,6650422292.0,,,4568997095.0,4598235166.0,0.04568312526126017,,,0.09686607070493403,0.09521034782359661,104.56831252612602,,,109.68660707049341,109.52103478235966
FL,12,Santa Rosa,12113,2002,7153101712.0,,,5019794884.0,5047579980.0,0.12472222440875802,,,0.20508780716522002,0.2022355590769327,112.4722224408758,,,120.508780716522,120.22355590769327
FL,12,Santa Rosa,12113,2003,7852667184.0,,,5451872838.0,5501087775.0,0.2347188196574237,,,0.3088155263534955,0.31025231158564126,123.47188196574237,,,130.88155263534955,131.02523115856414
FL,12,Santa Rosa,12113,2004,8942642193.0,,,5933215812.0,6115631443.0,0.40610169187575695,,,0.42437015805387035,0.45662468274223844,140.6101691875757,,,142.43701580538703,145.66246827422384
FL,12,Santa Rosa,12113,2005,10821867266.0,,,6575750940.0,6702089926.0,0.7015827697868255,,,0.5786217293473845,0.5963077080689445,170.15827697868255,,,157.86217293473845,159.63077080689445
FL,12,Santa Rosa,12113,2006,14414565.0,,,8862690.0,8976946.0,-0.9977335172539925,,,-0.9978723593484412,-0.9978618657384576,0.22664827460074888,,,0.21276406515587667,0.21381342615423865
FL,12,Santa Rosa,12113,2007,14532746102.0,,,9308147209.0,9440250623.0,1.2850650222390052,,,1.2345802902461527,1.2484844282881018,228.50650222390053,,,223.45802902461526,224.8484428288102
FL,12,Santa Rosa,12113,2008,14487418242.0,,,8673541680.0,9611701846.0,1.2779378690711196,,,1.0822323551153565,1.2893207811056016,227.79378690711195,,,208.22323551153565,228.93207811056016
FL,12,Santa Rosa,12113,2009,13040981456.0,,,7976745407.0,8916897878.0,1.0505065162235292,,,0.9149544658639621,1.1238319646376849,205.05065162235292,,,191.4954465863962,212.38319646376848
FL,12,Santa Rosa,12113,2010,12203434369.0,11151372247.0,,7567223011.0,8495674089.0,0.9188142992433892,,,0.816641595002706,1.0235046356064528,191.88142992433893,,,181.66415950027059,202.35046356064527
FL,12,Santa Rosa,12113,2011,11861883053.0,10988969549.0,,7368960551.0,8302123345.0,0.8651102738641876,,,0.7690452930250846,0.9774046059200294,186.51102738641876,,,176.90452930250845,197.74046059200293
FL,12,Santa Rosa,12113,2012,11387621757.0,10767437098.0,,7223612729.0,8145102948.0,0.7905395154345609,,,0.7341520569192603,0.9400053957001298,179.0539515434561,,,173.41520569192602,194.00053957001296
FL,12,Santa Rosa,12113,2013,11493437183.0,10868125286.0,,7317239925.0,8243519287.0,0.8071774672069822,,,0.7566288702006749,0.9634462570255149,180.71774672069822,,,175.6628870200675,196.3446257025515
FL,12,Santa Rosa,12113,2014,12237590802.0,11348442699.0,,7687642991.0,8653129803.0,0.9241849064077163,,,0.8455504753435386,1.0610075298846424,192.41849064077164,,,184.55504753435386,206.10075298846425
FL,12,Santa Rosa,12113,2015,12623375543.0,11743260245.0,,8059860390.0,9049934145.0,0.9848440008132338,,,0.9349076422228799,1.155518620712078,198.48440008132337,,,193.490764222288,215.5518620712078
FL,12,Santa Rosa,12113,2016,13171112447.0,12130861715.0,,8377449251.0,9409125123.0,1.070967740396604,,,1.0111502921571374,1.2410709384489471,207.0967740396604,,,201.11502921571375,224.1070938448947
FL,12,Santa Rosa,12113,2017,13811975523.0,12628650244.0,,8805681800.0,,1.171734229313008,,,1.1139548559603432,,217.1734229313008,,,211.39548559603432,
FL,12,Santa Rosa,12113,2018,15101969476.0,13589290147.0,,9599013262.0,10717091873.0,1.374567199779234,,,1.3044076720592646,1.5526032258363553,237.4567199779234,,,230.44076720592645,255.26032258363554
FL,12,Santa Rosa,12113,2019,16326433481.0,14471807120.0,,10335758503.0,11546944043.0,1.5670965296923964,,,1.4812759958519348,1.750257902236581,256.70965296923964,,,248.12759958519348,275.0257902236581
FL,12,Santa Rosa,12113,2020,17788759202.0,15473007230.0,,11199709606.0,12478194402.0,1.797026188734446,,,1.6886822672776343,1.9720636587434761,279.70261887344464,,,268.86822672776344,297.2063658743476
FL,12,Santa Rosa,12113,2021,19941860667.0,16717770985.0,,12252049586.0,13673805918.0,2.135570384887847,,,1.9413145178368372,2.256835110621903,313.5570384887847,,,294.1314517836837,325.6835110621903
FL,12,Santa Rosa,12113,2022,25095776546.0,19007371951.0,,14231766149.0,16426740497.0,2.945949429564361,,,2.4165794134839826,2.9125306827178767,394.5949429564361,,,341.65794134839825,391.2530682717877
FL,12,Sarasota,12115,2000,30213314099.0,,,23814783362.0,23814820162.0,0.0,,,0.0,0.0,100.0,,,100.0,100.0
FL,12,Sarasota,12115,2001,33569042425.0,,,26352280077.0,26353336881.0,0.11106786614021491,,,0.1065513247140828,0.10659399070544207,111.10678661402149,,,110.65513247140828,110.65939907054421
FL,12,Sarasota,12115,2002,38768181952.0,,,29863395657.0,29863395657.0,0.2831489397345903,,,0.253985610662806,0.25398367293368773,128.31489397345902,,,125.3985610662806,125.39836729336878
FL,12,Sarasota,12115,2003,45559469607.0,,,34114003308.0,34122184955.0,0.5079269178387791,,,0.4324717042118438,0.43281304342775995,150.7926917838779,,,143.24717042118436,143.281304342776
FL,12,Sarasota,12115,2004,52865556004.0,,,38776492488.0,38792012206.0,0.749743700104377,,,0.6282530014475636,0.6289021685705729,174.9743700104377,,,162.82530014475637,162.89021685705728
FL,12,Sarasota,12115,2005,64115627713.0,,,46452669918.0,46469418881.0,1.122098472974936,,,0.9505812508091964,0.9512815366604657,212.20984729749358,,,195.05812508091964,195.12815366604656
FL,12,Sarasota,12115,2006,84021903.0,,,58915964.0,58931736.0,-0.9972190438054996,,,-0.9975260760047892,-0.997525417550957,0.27809561945003897,,,0.24739239952108533,0.24745824490429758
FL,12,Sarasota,12115,2007,86073258128.0,,,62663813083.0,62679914511.0,1.8488519281917788,,,1.6312988923925866,1.6319709359390795,284.88519281917786,,,263.12988923925866,263.19709359390794
FL,12,Sarasota,12115,2008,73067881336.0,,,53117574318.0,55793950289.0,1.4184000833731245,,,1.2304454132787503,1.3428247582581934,241.84000833731244,,,223.04454132787504,234.28247582581935
FL,12,Sarasota,12115,2009,62269730579.0,,,46539503353.0,49204548550.0,1.0610029861325607,,,0.9542274496294869,1.0661314347656923,206.1002986132561,,,195.42274496294868,206.61314347656923
FL,12,Sarasota,12115,2010,55668387096.0,52775393321.0,,42205000752.0,44779786941.0,0.8425117785354939,,,0.7722185463733551,0.8803327775051875,184.2511778535494,,,177.2218546373355,188.03327775051875
FL,12,Sarasota,12115,2011,51987139459.0,49762629622.0,,39563841560.0,42016408320.0,0.7206698771493152,,,0.6613143591778352,0.7642966872806067,172.0669877149315,,,166.13143591778353,176.42966872806068
FL,12,Sarasota,12115,2012,51423706247.0,49054924625.0,,39129815981.0,41732276694.0,0.7020213697345443,,,0.6430893107949658,0.7523658129734652,170.20213697345443,,,164.30893107949657,175.2365812973465
FL,12,Sarasota,12115,2013,54470238724.0,50537625470.0,,40755531807.0,43658545959.0,0.8028554744281713,,,0.7113542956696159,0.8332511294233305,180.28554744281712,,,171.1354295669616,183.32511294233305
FL,12,Sarasota,12115,2014,59884328611.0,53401327590.0,,43458351313.0,46954260103.0,0.9820509731165854,,,0.8248476441043009,0.9716403392338999,198.20509731165853,,,182.4847644104301,197.16403392338998
FL,12,Sarasota,12115,2015,65508568792.0,56863120753.0,,46542124786.0,50364137173.0,1.1682020243574738,,,0.9543375254995947,1.114823325576201,216.82020243574738,,,195.43375254995948,211.4823325576201
FL,12,Sarasota,12115,2016,72783575073.0,61215987782.0,,50462105932.0,54929171659.0,1.4089901172214998,,,1.1189403726644742,1.306512133425532,240.89901172215,,,211.8940372664474,230.6512133425532
FL,12,Sarasota,12115,2017,77180240571.0,65758857971.0,,54564613025.0,,1.554510912576602,,,1.2912076165288946,,255.45109125766018,,,229.12076165288946,
FL,12,Sarasota,12115,2018,81845877481.0,70242235285.0,,58531051232.0,62795370357.0,1.7089341213219948,,,1.4577612293292965,1.6368190030340486,270.8934121321995,,,245.77612293292964,263.68190030340486
FL,12,Sarasota,12115,2019,85506178588.0,74271492710.0,,62233025903.0,66325426769.0,1.8300827346454551,,,1.613209826728971,1.7850483991826165,283.00827346454554,,,261.3209826728971,278.50483991826167
FL,12,Sarasota,12115,2020,88812522999.0,77833221994.0,,65456738472.0,69370572448.0,1.9395160924083967,,,1.7485758521089836,1.9129160739450306,293.9516092408397,,,274.8575852108984,291.29160739450305
FL,12,Sarasota,12115,2021,96007774284.0,82941954379.0,,70095387468.0,74554718320.0,2.1776644551276707,,,1.9433560827535192,2.130601777080092,317.76644551276706,,,294.33560827535194,313.0601777080092
FL,12,Sarasota,12115,2022,132732629825.0,96273043880.0,,82398547608.0,94654238334.0,3.3931833955743764,,,2.4599746869618406,2.9745938743234586,439.31833955743764,,,345.99746869618406,397.45938743234586
FL,12,Seminole,12117,2000,19053593314.0,,,15360797366.0,15360797366.0,0.0,,,0.0,0.0,100.0,,,100.0,100.0
FL,12,Seminole,12117,2001,21274371734.0,,,16929001857.0,16960987472.0,0.11655430990899962,,,0.10209134679890419,0.10417363551334269,111.65543099089996,,,110.20913467989043,110.41736355133426
FL,12,Seminole,12117,2002,23639898648.0,,,18393115335.0,18501448753.0,0.24070553298889408,,,0.1974062867147648,0.2044588775027787,124.07055329888941,,,119.74062867147649,120.44588775027788
FL,12,Seminole,12117,2003,25673520956.0,,,19686017593.0,19809388353.0,0.3474372278711271,,,0.2815752414372419,0.2896067750263167,134.74372278711272,,,128.15752414372417,128.96067750263168
FL,12,Seminole,12117,2004,28078653061.0,,,21230460017.0,21364598257.0,0.4736670715212894,,,0.38211965896979194,0.3908521639826441,147.36670715212895,,,138.2119658969792,139.0852163982644
FL,12,Seminole,12117,2005,32563673352.0,,,23979203668.0,24116900198.0,0.7090568070471623,,,0.5610650343631387,0.5700291868559502,170.90568070471625,,,156.10650343631386,157.002918685595
FL,12,Seminole,12117,2006,43322651.0,,,29711120.0,29848521.0,-0.9977262739743601,,,-0.998065782700463,-0.9980568377872058,0.22737260256398903,,,0.19342172995370271,0.19431622127942078
FL,12,Seminole,12117,2007,48910020363.0,,,33506218599.0,33758041554.0,1.5669709412272597,,,1.1812812056985766,1.197675078295151,256.69709412272596,,,218.12812056985766,219.7675078295151
FL,12,Seminole,12117,2008,46944341643.0,,,31635418833.0,34228275966.0,1.4638051662678624,,,1.0594906683049334,1.228287708668157,246.38051662678623,,,205.94906683049334,222.8287708668157
FL,12,Seminole,12117,2009,39411321659.0,,,28061917002.0,30657197298.0,1.0684456212278741,,,0.8268528861732789,0.9958076763552302,206.8445621227874,,,182.6852886173279,199.58076763552302
FL,12,Seminole,12117,2010,34864766791.0,32712106743.0,,25408418592.0,27954908440.0,0.8298263333553169,,,0.6541080509426986,0.8198865445537444,182.9826333355317,,,165.41080509426988,181.98865445537444
FL,12,Seminole,12117,2011,32281683380.0,31040095942.0,,23964381605.0,26408037691.0,0.6942569754693149,,,0.5601001063944377,0.7191840411522032,169.42569754693147,,,156.01001063944378,171.9184041152203
FL,12,Seminole,12117,2012,31635992733.0,30612971500.0,,23667673779.0,26189628929.0,0.6603688454793897,,,0.5407841933639892,0.7049654588223933,166.03688454793897,,,154.07841933639892,170.49654588223933
FL,12,Seminole,12117,2013,32656739533.0,31230612886.0,,24331959125.0,26860684881.0,0.7139412495492292,,,0.5840296922903891,0.7486517295289734,171.39412495492292,,,158.40296922903892,174.86517295289735
FL,12,Seminole,12117,2014,35363314383.0,32555201584.0,,25643774089.0,28360459317.0,0.8559918751396942,,,0.6694298790608759,0.846288225881672,185.5991875139694,,,166.94298790608758,184.6288225881672
FL,12,Seminole,12117,2015,38196480828.0,34073708888.0,,27107881459.0,29888360131.0,1.0046864755916873,,,0.7647444213411285,0.9457557715822549,200.46864755916874,,,176.47444213411285,194.57557715822549
FL,12,Seminole,12117,2016,40316671328.0,35606491485.0,,28558530963.0,31344455407.0,1.1159615755195391,,,0.8591828459512276,1.0405487202362722,211.59615755195392,,,185.91828459512277,204.0548720236272
FL,12,Seminole,12117,2017,43255357066.0,37787926472.0,,30679418994.0,,1.2701942018578345,,,0.9972543262569589,,227.01942018578345,,,199.72543262569587,
FL,12,Seminole,12117,2018,46863908941.0,40428478225.0,,33021105432.0,36030933903.0,1.4595837734484354,,,1.149699956663044,1.3456421593550756,245.95837734484354,,,214.96999566630438,234.56421593550755
FL,12,Seminole,12117,2019,50735460401.0,43404237735.0,,35703639522.0,38858883319.0,1.662776493907904,,,1.324335037517479,1.5297438923978839,266.2776493907904,,,232.4335037517479,252.9743892397884
FL,12,Seminole,12117,2020,53526743088.0,45958222661.0,,38030704096.0,41152158698.0,1.8092728865305516,,,1.4758287730673527,1.6790379247556046,280.92728865305514,,,247.58287730673527,267.90379247556046
FL,12,Seminole,12117,2021,56968954961.0,48243124586.0,,39999782608.0,43183847144.0,1.9899323462068934,,,1.6040173341871293,1.811302441863095,298.99323462068935,,,260.4017334187129,281.1302441863095
FL,12,Seminole,12117,2022,68947356733.0,53641629163.0,,44930629706.0,49840089254.0,2.618601257870849,,,1.9250193616544058,2.2446290427811637,361.8601257870849,,,292.50193616544055,324.46290427811635
FL,12,Sumter,12119,2000,1997393538.0,,,1225281079.0,1227779776.0,0.0,,,0.0,0.0,100.0,,,100.0,100.0
FL,12,Sumter,12119,2001,2598646328.0,,,1503897605.0,1507383751.0,0.3010186918908515,,,0.22738988692079531,0.2277313737085045,130.10186918908516,,,122.73898869207953,122.77313737085045
FL,12,Sumter,12119,2002,2918200237.0,,,1763767319.0,1768005357.0,0.46100414439210025,,,0.43947976446308945,0.44000201954784446,146.10041443921003,,,143.94797644630896,144.00020195478444
FL,12,Sumter,12119,2003,3234958916.0,,,1978947129.0,1989344545.0,0.6195901581013326,,,0.615096456573945,0.6202779878661235,161.95901581013325,,,161.5096456573945,162.02779878661235
FL,12,Sumter,12119,2004,3810495554.0,,,2339946644.0,2354184746.0,0.9077339950821448,,,0.9097223356372419,0.9174324190855543,190.77339950821448,,,190.9722335637242,191.74324190855543
FL,12,Sumter,12119,2005,5491571199.0,,,3386212067.0,3409984352.0,1.749368661970709,,,1.7636206296139174,1.7773583004514322,274.9368661970709,,,276.36206296139176,277.7358300451432
FL,12,Sumter,12119,2006,7198624.0,,,4633848.0,4662650.0,-0.9963959911439345,,,-0.9962181346962593,-0.9962023726965185,0.3604008856065499,,,0.37818653037406447,0.37976273034815
FL,12,Sumter,12119,2007,8851512382.0,,,5809981966.0,5839829754.0,3.4315315002285747,,,3.741754415029207,3.7564146829536957,443.15315002285746,,,474.1754415029207,475.6414682953696
FL,12,Sumter,12119,2008,9359295252.0,,,5825253316.0,6400710439.0,3.685754246192019,,,3.7542179634033177,4.213239836750659,468.5754246192019,,,475.42179634033175,521.3239836750658
FL,12,Sumter,12119,2009,9475585547.0,,,6140196823.0,6758986590.0,3.743975269133969,,,4.011255725919848,4.505047991603341,474.3975269133969,,,501.1255725919848,550.5047991603341
FL,12,Sumter,12119,2010,9199538504.0,8063904750.0,,6204583099.0,6867210707.0,3.6057716363754455,,,4.063803893930856,4.5931941877824185,460.5771636375446,,,506.3803893930856,559.3194187782418
FL,12,Sumter,12119,2011,9714582206.0,8594586252.0,,6613464309.0,7329942260.0,3.8636295357835486,,,4.397507904388362,4.970079002180925,486.36295357835485,,,539.7507904388361,597.0079002180925
FL,12,Sumter,12119,2012,10068641564.0,9080947434.0,,6994729733.0,7762431468.0,4.040890226410656,,,4.7086735875401535,5.322332082459713,504.0890226410656,,,570.8673587540153,632.2332082459714
FL,12,Sumter,12119,2013,11084229206.0,9957184566.0,,7718883374.0,8531189183.0,4.549346683627851,,,5.299683808305996,5.948468568845363,554.9346683627851,,,629.9683808305996,694.8468568845362
FL,12,Sumter,12119,2014,13013646652.0,11271591912.0,,8905648793.0,9836787972.0,5.515314285551674,,,6.2682496658385105,7.011850467229067,651.5314285551674,,,726.824966583851,801.1850467229067
FL,12,Sumter,12119,2015,14264831925.0,12357046735.0,,9823187927.0,10785436611.0,6.14172327766888,,,7.017089380844018,7.784504209816859,714.172327766888,,,801.7089380844018,878.450420981686
FL,12,Sumter,12119,2016,14995892374.0,13064213225.0,,10472329067.0,11456075494.0,6.507730494119582,,,7.546878954130982,8.33072503549692,750.7730494119583,,,854.6878954130982,933.072503549692
FL,12,Sumter,12119,2017,15456494557.0,13605087824.0,,10840168678.0,,6.738332112797694,,,7.847087304120526,,773.8332112797693,,,884.7087304120527,
FL,12,Sumter,12119,2018,16463653602.0,14481041177.0,,11632856581.0,12722592817.0,7.242568772143489,,,8.494031027145242,9.362275927405404,824.256877214349,,,949.4031027145243,1036.2275927405403
FL,12,Sumter,12119,2019,19042928121.0,15844767736.0,,12879852715.0,14290226564.0,8.53388892009122,,,9.511753536185962,10.639079616180288,953.3888920091221,,,1051.175353618596,1163.9079616180288
FL,12,Sumter,12119,2020,20412870790.0,17177479660.0,,14040950840.0,15373017472.0,9.219754095349437,,,10.45937130724272,11.520989327649586,1021.9754095349437,,,1145.9371307242718,1252.0989327649586
FL,12,Sumter,12119,2021,21642182225.0,18565799618.0,,15282707094.0,16670662367.0,9.835211896535133,,,11.472817344468274,12.577892951870874,1083.5211896535134,,,1247.2817344468274,1357.7892951870874
FL,12,Sumter,12119,2022,27877969181.0,21426708794.0,,17925886293.0,19871236854.0,12.957174012345282,,,13.630019674856989,15.184691458869576,1395.7174012345283,,,1463.001967485699,1618.4691458869577
FL,12,Suwannee,12121,2000,1304951595.0,,,700146308.0,700146308.0,0.0,,,0.0,0.0,100.0,,,100.0,100.0
FL,12,Suwannee,12121,2001,1656618298.0,,,752459848.0,752459848.0,0.26948639654331386,,,0.07471801165307301,0.07471801165307301,126.94863965433139,,,107.4718011653073,107.4718011653073
FL,12,Suwannee,12121,2002,1744360232.0,,,801405948.0,801405948.0,0.33672408898814377,,,0.14462640000095517,0.14462640000095517,133.67240889881438,,,114.46264000009552,114.46264000009552
FL,12,Suwannee,12121,2003,1832027193.0,,,854561030.0,854561030.0,0.4039043287272277,,,0.22054636328954258,0.22054636328954258,140.39043287272278,,,122.05463632895426,122.05463632895426
FL,12,Suwannee,12121,2004,1985854523.0,,,993934624.0,993934624.0,0.5217840497754249,,,0.4196098910229489,0.4196098910229489,152.1784049775425,,,141.9609891022949,141.9609891022949
FL,12,Suwannee,12121,2005,2312716851.0,,,1139998279.0,1139998279.0,0.7722625573709498,,,0.6282286516034874,0.6282286516034874,177.226255737095,,,162.82286516034873,162.82286516034873
FL,12,Suwannee,12121,2006,3174411.0,,,1533866.0,1533866.0,-0.9975674109199429,,,-0.9978092207550425,-0.9978092207550425,0.24325890800570268,,,0.21907792449574695,0.21907792449574695
FL,12,Suwannee,12121,2007,3495464887.0,,,1782714956.0,1782714956.0,1.6786165099097028,,,1.54620346580475,1.54620346580475,267.8616509909703,,,254.620346580475,254.620346580475
FL,12,Suwannee,12121,2008,3499400598.0,,,1681793202.0,1802799414.0,1.6816324922764663,,,1.4020596592219694,1.57488955294184,268.16324922764665,,,240.20596592219695,257.488955294184
FL,12,Suwannee,12121,2009,2964857902.0,,,1550306502.0,1672644800.0,1.2720060371281434,,,1.2142607684792646,1.3889932445376831,227.20060371281434,,,221.42607684792645,238.89932445376832
FL,12,Suwannee,12121,2010,2822018785.0,2084875227.0,,1476154996.0,1600511837.0,1.162546714999034,,,1.108352181727137,1.2859676880564228,216.2546714999034,,,210.8352181727137,228.59676880564228
FL,12,Suwannee,12121,2011,2799514988.0,2082849781.0,,1476400450.0,1606155580.0,1.1453017864620487,,,1.108702757024322,1.2940284932560124,214.53017864620486,,,210.8702757024322,229.40284932560124
FL,12,Suwannee,12121,2012,2751878233.0,2078223587.0,,1473682708.0,1605508496.0,1.1087971718981655,,,1.104821079767802,1.2931042807127109,210.87971718981655,,,210.48210797678018,229.31042807127108
FL,12,Suwannee,12121,2013,2739568514.0,2081767523.0,,1475707205.0,1609327824.0,1.0993640871407186,,,1.107712613975535,1.298559323403588,209.93640871407186,,,210.7712613975535,229.8559323403588
FL,12,Suwannee,12121,2014,2722628938.0,2082995660.0,,1475837474.0,1611224776.0,1.0863830876424192,,,1.1078986736583634,1.301268688543881,208.6383087642419,,,210.78986736583633,230.12686885438808
FL,12,Suwannee,12121,2015,2845234766.0,2189012304.0,,1582261775.0,1721593313.0,1.1803373986450434,,,1.259901619019892,1.4589050793080807,218.03373986450433,,,225.99016190198918,245.89050793080807
FL,12,Suwannee,12121,2016,2909024639.0,2254748219.0,,1645838756.0,1790204658.0,1.2292203405445088,,,1.3507068982501869,1.5569008042244792,222.92203405445088,,,235.0706898250187,255.69008042244792
FL,12,Suwannee,12121,2017,2904112006.0,2282804755.0,,1668256746.0,,1.2254557311759906,,,1.382725905911654,,222.54557311759905,,,238.2725905911654,
FL,12,Suwannee,12121,2018,3212038363.0,2543275198.0,,1919922812.0,2079822384.0,1.4614233779299686,,,1.742173728637301,1.9705539545600232,246.14233779299687,,,274.2173728637301,297.0553954560023
FL,12,Suwannee,12121,2019,3239201583.0,2595658799.0,,1960233919.0,2120960233.0,1.4822388779868882,,,1.7997489904638617,2.0293100295831312,248.22388779868882,,,279.97489904638616,302.9310029583131
FL,12,Suwannee,12121,2020,3282284946.0,2635168620.0,,1990036815.0,2160656527.0,1.515254173853092,,,1.8423156592578933,2.08600717066125,251.5254173853092,,,284.2315659257893,308.600717066125
FL,12,Suwannee,12121,2021,3494650805.0,2774639696.0,,2105713749.0,2296618791.0,1.6779926691457088,,,2.007533889616683,2.2801983881917436,267.79926691457086,,,300.7533889616683,328.01983881917437
FL,12,Suwannee,12121,2022,3888236791.0,2982014623.0,,2293007996.0,2551785564.0,1.9796023131417377,,,2.2750411875341916,2.6446461758675732,297.96023131417377,,,327.50411875341916,364.4646175867573
FL,12,Taylor,12123,2000,1258619552.0,,,758500516.0,758500516.0,0.0,,,0.0,0.0,100.0,,,100.0,100.0
FL,12,Taylor,12123,2001,1317694495.0,,,800216694.0,800216694.0,0.04693629850746195,,,0.054998219671613224,0.054998219671613224,104.69362985074619,,,105.49982196716132,105.49982196716132
FL,12,Taylor,12123,2002,1351204149.0,,,820936238.0,820936238.0,0.07356043123029443,,,0.08231467307268114,0.08231467307268114,107.35604312302944,,,108.23146730726812,108.23146730726812
FL,12,Taylor,12123,2003,1416871363.0,,,865655479.0,865655479.0,0.12573442923918599,,,0.14127210297112036,0.14127210297112036,112.5734429239186,,,114.12721029711204,114.12721029711204
FL,12,Taylor,12123,2004,1523207350.0,,,930795868.0,930795868.0,0.21022063226298893,,,0.2271525837696331,0.2271525837696331,121.0220632262989,,,122.7152583769633,122.7152583769633
FL,12,Taylor,12123,2005,1758913990.0,,,1116616469.0,1116616469.0,0.39749457030522906,,,0.47213672956815755,0.47213672956815755,139.7494570305229,,,147.21367295681574,147.21367295681574
FL,12,Taylor,12123,2006,2009779.0,,,1280706.0,1280706.0,-0.998403187844328,,,-0.9983115291644706,-0.9983115291644706,0.15968121556719628,,,0.16884708355293987,0.16884708355293987
FL,12,Taylor,12123,2007,2213089956.0,,,1404202731.0,1404202731.0,0.7583470338461737,,,0.8512877728879489,0.8512877728879489,175.83470338461737,,,185.12877728879488,185.12877728879488
FL,12,Taylor,12123,2008,2312095395.0,,,1417583210.0,1465307511.0,0.8370089605917705,,,0.8689284715002092,0.9318477444516333,183.70089605917707,,,186.8928471500209,193.18477444516333
FL,12,Taylor,12123,2009,2268352620.0,,,1352885305.0,1408995584.0,0.8022543956158088,,,0.7836313574768881,0.8576066255438117,180.22543956158088,,,178.3631357476888,185.76066255438118
FL,12,Taylor,12123,2010,2185001287.0,1699398985.0,,1261092580.0,1319808152.0,0.7360299889890793,,,0.6626126856847121,0.7400227477234835,173.60299889890794,,,166.26126856847122,174.00227477234836
FL,12,Taylor,12123,2011,2100918186.0,1624911811.0,,1188855124.0,1245856838.0,0.6692241771244947,,,0.5673754980016388,0.6425260256513787,166.92241771244946,,,156.7375498001639,164.25260256513786
FL,12,Taylor,12123,2012,2128894974.0,1676069335.0,,1238982668.0,1294571993.0,0.6914523301478157,,,0.633463184090965,0.7067516312671829,169.14523301478158,,,163.3463184090965,170.67516312671827
FL,12,Taylor,12123,2013,2107373983.0,1666436671.0,,1231720347.0,1287572506.0,0.6743534451306537,,,0.6238886078753834,0.6975235729437526,167.43534451306536,,,162.38886078753833,169.75235729437526
FL,12,Taylor,12123,2014,2142446812.0,1703656424.0,,1265995431.0,1323035490.0,0.7022195536336304,,,0.6690765586769885,0.7442776400167934,170.22195536336304,,,166.90765586769885,174.42776400167935
FL,12,Taylor,12123,2015,2188792268.0,1763147652.0,,1326730675.0,1384213073.0,0.7390420040129808,,,0.7491493374277414,0.8249335943760914,173.90420040129808,,,174.91493374277414,182.49335943760914
FL,12,Taylor,12123,2016,2171798934.0,1727567319.0,,1293833190.0,1360129426.0,0.7255404387679494,,,0.7057776002884091,0.7931819389823593,172.55404387679494,,,170.5777600288409,179.31819389823593
FL,12,Taylor,12123,2017,2191456760.0,1764319424.0,,1327212828.0,,0.7411589995703483,,,0.7497850034422389,,174.11589995703483,,,174.97850034422387,
FL,12,Taylor,12123,2018,2202871845.0,1782345798.0,,1343335285.0,1419203502.0,0.7502285273572487,,,0.7710407002544477,0.8710646493482412,175.02285273572485,,,177.10407002544477,187.10646493482412
FL,12,Taylor,12123,2019,2291641245.0,1853589225.0,,1412167112.0,1495010303.0,0.8207577034366618,,,0.8617879384540854,0.9710076281609279,182.07577034366616,,,186.17879384540853,197.10076281609278
FL,12,Taylor,12123,2020,2431093109.0,2006645208.0,,1563251621.0,1640799530.0,0.931555174982694,,,1.0609763448071274,1.1632147841544778,193.1555174982694,,,206.09763448071274,216.32147841544779
FL,12,Taylor,12123,2021,2818688757.0,2097375655.0,,1629157030.0,1782032921.0,1.2395081599685813,,,1.1478654208324888,1.3494155684925073,223.95081599685813,,,214.7865420832489,234.94155684925073
FL,12,Taylor,12123,2022,3110841838.0,2230994681.0,,1750275235.0,1969239608.0,1.4716299957812828,,,1.307546531715214,1.5962271171348816,247.16299957812828,,,230.7546531715214,259.6227117134882
FL,12,Union,12125,2000,627444021.0,,,146390108.0,146390108.0,0.0,,,0.0,0.0,100.0,,,100.0,100.0
FL,12,Union,12125,2001,497866976.0,,,157987633.0,157987633.0,-0.20651570604415725,,,0.07922341993217197,0.07922341993217197,79.34842939558428,,,107.9223419932172,107.9223419932172
FL,12,Union,12125,2002,515192503.0,,,162692310.0,162692310.0,-0.17890284111895294,,,0.11136136329648716,0.11136136329648716,82.1097158881047,,,111.13613632964872,111.13613632964872
FL,12,Union,12125,2003,523443083.0,,,166951094.0,166951094.0,-0.16575333339577714,,,0.14045338363982895,0.14045338363982895,83.42466666042229,,,114.04533836398289,114.04533836398289
FL,12,Union,12125,2004,535394618.0,,,172606255.0,172606255.0,-0.1467053632183707,,,0.17908414276188656,0.17908414276188656,85.32946367816294,,,117.90841427618865,117.90841427618865
FL,12,Union,12125,2005,532562299.0,,,187254135.0,187254135.0,-0.1512194216924413,,,0.2791447288227973,0.2791447288227973,84.87805783075586,,,127.91447288227972,127.91447288227972
FL,12,Union,12125,2006,631804706.0,,,202248512.0,202248512.0,0.00694991880399165,,,0.38157225760090285,0.38157225760090285,100.69499188039916,,,138.15722576009028,138.15722576009028
FL,12,Union,12125,2007,970334882.0,,,238224371.0,238224371.0,0.546488371111596,,,0.627325604541531,0.627325604541531,154.6488371111596,,,162.7325604541531,162.7325604541531
FL,12,Union,12125,2008,1001280968.0,,,223206556.0,249479149.0,0.5958092427180846,,,0.5247379693168885,0.7042076982414687,159.58092427180844,,,152.47379693168887,170.42076982414687
FL,12,Union,12125,2009,978944471.0,,,223873948.0,251636998.0,0.5602100557748402,,,0.5292969658851538,0.7189480999631477,156.021005577484,,,152.92969658851538,171.89480999631476
FL,12,Union,12125,2010,981046169.0,448896532.0,,227518526.0,256704727.0,0.5635596741147366,,,0.5541933065586644,0.7535660742869321,156.35596741147367,,,155.41933065586645,175.35660742869322
FL,12,Union,12125,2011,950627930.0,441954904.0,,220035043.0,249677995.0,0.5150800679954204,,,0.5030731652988465,0.7055660277264089,151.50800679954204,,,150.30731652988464,170.55660277264087
FL,12,Union,12125,2012,919793041.0,442245946.0,,216507093.0,246385479.0,0.4659364185733472,,,0.47897351780080655,0.6830746446337754,146.59364185733472,,,147.89735178008067,168.30746446337756
FL,12,Union,12125,2013,827235428.0,445339720.0,,219967322.0,250380146.0,0.31842108668368363,,,0.5026105589047041,0.7103624652015421,131.84210866836835,,,150.2610558904704,171.0362465201542
FL,12,Union,12125,2014,828328732.0,452557222.0,,225876588.0,255953542.0,0.32016355926037265,,,0.5429771252030227,0.7484346824855133,132.01635592603728,,,154.29771252030227,174.84346824855132
FL,12,Union,12125,2015,825429384.0,450899211.0,,222640920.0,253350987.0,0.31554267213265863,,,0.5208740743602702,0.7306564662142336,131.55426721326586,,,152.08740743602704,173.06564662142335
FL,12,Union,12125,2016,822474666.0,456517208.0,,226425150.0,257654270.0,0.31083353808865133,,,0.5467243865958484,0.7600524620147149,131.08335380886513,,,154.67243865958486,176.0052462014715
FL,12,Union,12125,2017,825881620.0,460164772.0,,229241866.0,,0.316263431251981,,,0.5659655500766487,,131.6263431251981,,,156.59655500766488,
FL,12,Union,12125,2018,833573638.0,468762189.0,,232946266.0,266160690.0,0.3285227209137753,,,0.59127053858038,0.8181603500149068,132.85227209137753,,,159.127053858038,181.8160350014907
FL,12,Union,12125,2019,855844201.0,492453685.0,,252072699.0,287009718.0,0.3640168243789832,,,0.721924400793529,0.960581366604361,136.40168243789833,,,172.1924400793529,196.0581366604361
FL,12,Union,12125,2020,868065007.0,505925255.0,,262261099.0,298843869.0,0.3834939499726302,,,0.7915219995602436,1.0414211935686257,138.34939499726303,,,179.15219995602436,204.14211935686257
FL,12,Union,12125,2021,906848402.0,541170804.0,,293720858.0,331840012.0,0.44530567134051946,,,1.00642558443908,1.266819913815488,144.53056713405195,,,200.642558443908,226.6819913815488
FL,12,Union,12125,2022,987224140.0,568545247.0,,312328669.0,360560338.0,0.5734059246059817,,,1.1335367072753302,1.4630102602287853,157.34059246059817,,,213.35367072753303,246.30102602287855
FL,12,Volusia,12127,2000,21939262817.0,,,16175132351.0,16184138260.0,0.0,,,0.0,0.0,100.0,,,100.0,100.0
FL,12,Volusia,12127,2001,23719443549.0,,,17249810284.0,17518284250.0,0.0811413194166486,,,0.06644013227709755,0.08243540487400658,108.11413194166487,,,106.64401322770975,108.24354048740065
FL,12,Volusia,12127,2002,26390596421.0,,,18906783579.0,19185868839.0,0.20289349013818314,,,0.16887968325224367,0.18547361192649614,120.28934901381831,,,116.88796832522436,118.54736119264962
FL,12,Volusia,12127,2003,30293926545.0,,,21494572417.0,21766443774.0,0.3808087718210045,,,0.32886531934133667,0.3449244824975932,138.08087718210044,,,132.88653193413367,134.49244824975932
FL,12,Volusia,12127,2004,35422791262.0,,,24679039073.0,24954187580.0,0.6145843895243401,,,0.5257395449672633,0.5418916459503851,161.45843895243402,,,152.57395449672632,154.1891645950385
FL,12,Volusia,12127,2005,43604731756.0,,,29719105335.0,30002303241.0,0.9875203702018718,,,0.8373330548459264,0.8538091283582496,198.75203702018717,,,183.73330548459265,185.38091283582497
FL,12,Volusia,12127,2006,58740836.0,,,38066969.0,38353888.0,-0.9973225702025647,,,-0.997646574496335,-0.9976301556880051,0.26774297974352945,,,0.2353425503664987,0.23698443119948975
FL,12,Volusia,12127,2007,62483245935.0,,,40678759197.0,41176896106.0,1.8480102752852674,,,1.5148949828830984,1.54427486001964,284.80102752852673,,,251.48949828830985,254.427486001964
FL,12,Volusia,12127,2008,57679119744.0,,,39735844477.0,39735844477.0,1.6290363639432033,,,1.4566008867645155,1.4552338739721074,262.9036363943203,,,245.66008867645155,245.52338739721074
FL,12,Volusia,12127,2009,45717249728.0,,,30151455638.0,33419579301.0,1.083809748273549,,,0.8640623757329526,1.0649588358744038,208.3809748273549,,,186.40623757329527,206.49588358744037
FL,12,Volusia,12127,2010,39023494924.0,36668482275.0,,26182716383.0,29330354760.0,0.7787058411899783,,,0.6187018328404155,0.8122901750346267,177.87058411899784,,,161.87018328404156,181.22901750346267
FL,12,Volusia,12127,2011,35708421608.0,33930914122.0,,24030945998.0,26859774090.0,0.6276035300662308,,,0.4856722947626655,0.6596357284209211,162.7603530066231,,,148.56722947626656,165.9635728420921
FL,12,Volusia,12127,2012,35179088848.0,33387607562.0,,23621987999.0,26449960338.0,0.6034763401777066,,,0.460389163216931,0.6343137900256668,160.34763401777064,,,146.0389163216931,163.43137900256667
FL,12,Volusia,12127,2013,36241173494.0,33953878080.0,,24218417004.0,27121354038.0,0.6518865650270587,,,0.49726237031394294,0.675798464045005,165.18865650270587,,,149.7262370313943,167.5798464045005
FL,12,Volusia,12127,2014,39597317209.0,35613399663.0,,25642046638.0,28888514066.0,0.8048608806635638,,,0.5852758469957573,0.784989327321775,180.4860880663564,,,158.52758469957573,178.4989327321775
FL,12,Volusia,12127,2015,42649689871.0,37351530499.0,,27118051931.0,30546647760.0,0.9439891953868287,,,0.676527359562747,0.8874435740269064,194.39891953868286,,,167.6527359562747,188.74435740269064
FL,12,Volusia,12127,2016,45950570683.0,39579781174.0,,28970515701.0,32585573721.0,1.0944446067437799,,,0.7910527760973125,1.0134265536730531,209.44446067437798,,,179.10527760973125,201.34265536730533
FL,12,Volusia,12127,2017,49898011673.0,42205279722.0,,31172579149.0,,1.2743704785894492,,,0.9271915971106603,,227.4370478589449,,,192.71915971106603,
FL,12,Volusia,12127,2018,54917192551.0,45600884586.0,,33790636728.0,38020783620.0,1.5031466649119363,,,1.0890485465431725,1.3492621608387076,250.31466649119363,,,208.90485465431726,234.92621608387077
FL,12,Volusia,12127,2019,59357161877.0,48911210881.0,,36627618688.0,41130990338.0,1.7055221669073641,,,1.2644401228491686,1.5414383933964242,270.55221669073643,,,226.44401228491685,254.14383933964243
FL,12,Volusia,12127,2020,63854996828.0,52839822799.0,,39823502127.0,44565640642.0,1.9105352062477188,,,1.4620201716332777,1.7536616362297437,291.05352062477186,,,246.20201716332778,275.36616362297434
FL,12,Volusia,12127,2021,68635005004.0,56384963691.0,,42745031724.0,47510767254.0,2.128409809231012,,,1.642638761552845,1.9356377516512886,312.8409809231012,,,264.2638761552845,293.56377516512885
FL,12,Volusia,12127,2022,84888320637.0,63308976820.0,,48787803707.0,55997019317.0,2.869242159368403,,,2.016222844320886,2.45999387903153,386.9242159368403,,,301.6222844320886,345.99938790315304
FL,12,Wakulla,12129,2000,962800257.0,,,463551947.0,463551947.0,0.0,,,0.0,0.0,100.0,,,100.0,100.0
FL,12,Wakulla,12129,2001,1054810902.0,,,551749882.0,551749882.0,0.09556566310721282,,,0.1902654828025132,0.1902654828025132,109.55656631072128,,,119.02654828025132,119.02654828025132
FL,12,Wakulla,12129,2002,1097935375.0,,,594923967.0,595352260.0,0.14035633769050815,,,0.28340301631825526,0.28432695375994177,114.03563376905082,,,128.34030163182553,128.43269537599417
FL,12,Wakulla,12129,2003,1195332898.0,,,667932989.0,669780580.0,0.24151701176789353,,,0.44090213259313527,0.44488785849064727,124.15170117678936,,,144.09021325931351,144.48878584906473
FL,12,Wakulla,12129,2004,1364071751.0,,,796674022.0,799401487.0,0.41677543299617126,,,0.7186294376625713,0.7245132766101832,141.67754329961713,,,171.86294376625713,172.45132766101833
FL,12,Wakulla,12129,2005,1925810990.0,,,1155243957.0,1158819798.0,1.0002186081676543,,,1.492156411975981,1.4998704147390844,200.02186081676544,,,249.2156411975981,249.98704147390845
FL,12,Wakulla,12129,2006,2356328.0,,,1423348.0,1427427.0,-0.9975526304829393,,,-0.9969294746592877,-0.9969206752139906,0.2447369517060692,,,0.30705253407122457,0.3079324786009366
FL,12,Wakulla,12129,2007,2575912702.0,,,1571761713.0,1576650179.0,1.6754383199131198,,,2.3906916434545793,2.4012373137546112,267.543831991312,,,339.0691643454579,340.12373137546115
FL,12,Wakulla,12129,2008,2632663310.0,,,1462095410.0,1593537258.0,1.7343816028914913,,,2.1541134051153064,2.4376670582725435,273.43816028914915,,,315.4113405115306,343.7667058272543
FL,12,Wakulla,12129,2009,2471032284.0,,,1333882040.0,1479438873.0,1.566505633992576,,,1.8775244039693355,2.191527686539951,256.6505633992576,,,287.75244039693354,319.1527686539951
FL,12,Wakulla,12129,2010,2287921157.0,1806428016.0,,1192454342.0,1342931079.0,1.3763196367738404,,,1.572428720701717,1.8970454933716416,237.63196367738405,,,257.2428720701717,289.70454933716417
FL,12,Wakulla,12129,2011,2166878097.0,1714923005.0,,1097476423.0,1249959096.0,1.250599832359621,,,1.367537079938098,1.696481169132054,225.0599832359621,,,236.7537079938098,269.6481169132054
FL,12,Wakulla,12129,2012,2359913618.0,1668109587.0,,1070304093.0,1218765496.0,1.4510936726931098,,,1.3089194208475625,1.6291886031060074,245.10936726931098,,,230.89194208475624,262.91886031060073
FL,12,Wakulla,12129,2013,2278290808.0,1630472102.0,,1025105348.0,1168881399.0,1.3663171996847523,,,1.21141417835529,1.5215758591129376,236.63171996847524,,,221.141417835529,252.15758591129375
FL,12,Wakulla,12129,2014,2264256659.0,1640130424.0,,1026953948.0,1167816329.0,1.3517408128402693,,,1.2154020809236297,1.5192782309681463,235.17408128402693,,,221.54020809236297,251.92782309681462
FL,12,Wakulla,12129,2015,2309209936.0,1691243864.0,,1050560880.0,1193149915.0,1.39843095097969,,,1.2663282654705363,1.5739292494008228,239.84309509796898,,,226.63282654705364,257.39292494008225
FL,12,Wakulla,12129,2016,2333142789.0,1739272751.0,,1074202936.0,1218515341.0,1.4232884983536103,,,1.3173302214605949,1.6286489548494982,242.32884983536104,,,231.73302214605948,262.86489548494984
FL,12,Wakulla,12129,2017,2455242353.0,1819621752.0,,1125310318.0,,1.550105626945216,,,1.4275819037817565,,255.0105626945216,,,242.75819037817564,
FL,12,Wakulla,12129,2018,2570342912.0,1933479401.0,,1202519717.0,1369887789.0,1.6696533297664047,,,1.5941423065579317,1.9551980050253137,266.96533297664047,,,259.4142306557932,295.5198005025314
FL,12,Wakulla,12129,2019,2786827905.0,2068149519.0,,1295657717.0,1483815209.0,1.8945026600673205,,,1.795064771888446,2.2009685615666283,289.450266006732,,,279.5064771888446,320.09685615666285
FL,12,Wakulla,12129,2020,2937459209.0,2210761144.0,,1390953265.0,1585789482.0,2.0509539103706325,,,2.000641619568044,2.4209531256698615,305.0953910370632,,,300.0641619568044,342.09531256698614
FL,12,Wakulla,12129,2021,3141993466.0,2390572460.0,,1518340392.0,1734743058.0,2.2633907637189177,,,2.275448203435116,2.7422840508530966,326.3390763718918,,,327.54482034351156,374.22840508530965
FL,12,Wakulla,12129,2022,3576589016.0,2725865603.0,,1760724308.0,2054944139.0,2.7147777952867744,,,2.798332246029807,3.4330396027869554,371.47777952867744,,,379.8332246029807,443.3039602786955
FL,12,Walton,12131,2000,4899182311.0,,,3971761378.0,3973746383.0,0.0,,,0.0,0.0,100.0,,,100.0,100.0
FL,12,Walton,12131,2001,5609578371.0,,,4596825454.0,4602049927.0,0.14500298517264132,,,0.15737704673354624,0.15811364980108755,114.50029851726413,,,115.73770467335463,115.81136498010875
FL,12,Walton,12131,2002,6537505578.0,,,5406695425.0,5413876159.0,0.3344074914953701,,,0.36128405269970365,0.36241109451800657,133.440749149537,,,136.12840526997036,136.24110945180067
FL,12,Walton,12131,2003,7736024787.0,,,6417487128.0,6428812437.0,0.5790440722384458,,,0.6157786224386816,0.6178215259290241,157.90440722384457,,,161.57786224386817,161.7821525929024
FL,12,Walton,12131,2004,9748509578.0,,,8145755711.0,8157752492.0,0.9898238030685116,,,1.050917700172067,1.052912215761808,198.98238030685116,,,205.0917700172067,205.29122157618082
FL,12,Walton,12131,2005,15363415046.0,,,12811843191.0,12823805149.0,2.1359141323450945,,,2.2257333640349426,2.2271322608461497,313.59141323450945,,,322.57333640349424,322.713226084615
FL,12,Walton,12131,2006,19170761.0,,,16239003.0,16251752.0,-0.9960869468039684,,,-0.9959113850368883,-0.9959102191147562,0.39130531960315945,,,0.40886149631117136,0.4089780885243778
FL,12,Walton,12131,2007,20487048422.0,,,17398812895.0,17419405194.0,3.1817281173637877,,,3.3806289550459496,3.3836227869301343,418.1728117363788,,,438.06289550459496,438.3622786930134
FL,12,Walton,12131,2008,19594760506.0,,,16501127196.0,16729181151.0,2.999598149675798,,,3.1546119279475002,3.209926738799626,399.9598149675798,,,415.46119279475005,420.99267387996264
FL,12,Walton,12131,2009,16375416189.0,,,13778717950.0,14032423460.0,2.3424794485056672,,,2.4691706370684186,2.5312831035296597,334.24794485056674,,,346.9170637068419,353.12831035296597
FL,12,Walton,12131,2010,13708029227.0,13242632115.0,,11460604093.0,11727832601.0,1.7980239061979257,,,1.8855218131888485,1.9513289149938182,279.80239061979256,,,288.55218131888483,295.1328914993818
FL,12,Walton,12131,2011,13091242968.0,12688451517.0,,10941371754.0,11209773986.0,1.672128150570472,,,1.7547908126116032,1.8209585880861185,267.2128150570472,,,275.47908126116033,282.09585880861187
FL,12,Walton,12131,2012,13001046306.0,12626502434.0,,10935328743.0,11237782014.0,1.6537175962627697,,,1.7532693186383064,1.8280068557158344,265.37175962627697,,,275.3269318638306,282.8006855715835
FL,12,Walton,12131,2013,13721029568.0,13182388463.0,,11462307596.0,11915373344.0,1.8006774798301644,,,1.8859507168509455,1.9985238602480786,280.06774798301643,,,288.5950716850945,299.85238602480786
FL,12,Walton,12131,2014,15305499961.0,14287493254.0,,12523317748.0,13359897363.0,2.1240927545470147,,,2.1530891602320223,2.3620407734511426,312.40927545470146,,,315.30891602320224,336.2040773451143
FL,12,Walton,12131,2015,17326205341.0,15816577070.0,,13970938809.0,15145946438.0,2.536550436610196,,,2.5175675171188496,2.811503044783017,353.6550436610196,,,351.756751711885,381.1503044783017
FL,12,Walton,12131,2016,19384932118.0,17454499528.0,,15524778834.0,16879091860.0,2.9567688825287317,,,2.9087894151933114,3.247652022335921,395.6768882528732,,,390.87894151933114,424.7652022335921
FL,12,Walton,12131,2017,21174586218.0,19160264133.0,,17111825914.0,,3.3220653721045004,,,3.3083721013009963,,432.20653721045005,,,430.8372101300996,
FL,12,Walton,12131,2018,23167587120.0,20994384111.0,,18833605202.0,20084030795.0,3.72886813539934,,,3.741877320808169,4.054180327391065,472.886813539934,,,474.1877320808169,505.4180327391065
FL,12,Walton,12131,2019,25263699094.0,22920543261.0,,20650033871.0,21896744471.0,4.156717486768375,,,4.199213121257155,4.510352790675317,515.6717486768375,,,519.9213121257155,551.0352790675317
FL,12,Walton,12131,2020,27095675716.0,24876962156.0,,22468535936.0,23597506079.0,4.530652667316099,,,4.657070956089044,4.938352326648723,553.0652667316099,,,565.7070956089044,593.8352326648724
FL,12,Walton,12131,2021,31252571736.0,28031063697.0,,25446184553.0,27126822672.0,5.3791403854944235,,,5.406775768038097,5.8265108181162955,637.9140385494424,,,640.6775768038096,682.6510818116295
FL,12,Walton,12131,2022,45277317533.0,34281992345.0,,31451223180.0,38678872484.0,8.241811114344546,,,6.91870915362932,8.733603696871864,924.1811114344547,,,791.870915362932,973.3603696871863
FL,12,Washington,12133,2000,792135706.0,,,438853450.0,445079085.0,0.0,,,0.0,0.0,100.0,,,100.0,100.0
FL,12,Washington,12133,2001,838224333.0,,,468110906.0,475212451.0,0.058182741480914846,,,0.06666794119996089,0.06770339702662054,105.81827414809149,,,106.66679411999608,106.77033970266206
FL,12,Washington,12133,2002,859768338.0,,,485290468.0,493018408.0,0.0853801078372296,,,0.10581440797605679,0.10770967366395112,108.53801078372297,,,110.58144079760568,110.77096736639511
FL,12,Washington,12133,2003,908153179.0,,,521012051.0,529872030.0,0.14646161272775648,,,0.18721192917590135,0.190512086183515,114.64616127277564,,,118.72119291759013,119.0512086183515
FL,12,Washington,12133,2004,984186950.0,,,551625530.0,561846797.0,0.2424474020616867,,,0.2569697925355263,0.2623527277180413,124.24474020616867,,,125.69697925355263,126.23527277180413
FL,12,Washington,12133,2005,1107748908.0,,,641166157.0,652227331.0,0.3984332477495971,,,0.4610028860431654,0.4654189625648215,139.8433247749597,,,146.10028860431655,146.54189625648215
FL,12,Washington,12133,2006,1617378.0,,,1001169.0,1011809.0,-0.997958205913773,,,-0.9977186712329594,-0.9977266759232238,0.20417940862269374,,,0.2281328767040569,0.22733240767761534
FL,12,Washington,12133,2007,1788547958.0,,,1084802940.0,1099118930.0,1.2578807449944693,,,1.4719024995701866,1.4694913040005013,225.78807449944694,,,247.19024995701866,246.94913040005014
FL,12,Washington,12133,2008,1828011005.0,,,1013113974.0,1085684247.0,1.3076992883338097,,,1.3085473613116179,1.4393063695635124,230.76992883338096,,,230.8547361311618,243.93063695635124
FL,12,Washington,12133,2009,1809670675.0,,,984696500.0,1062146897.0,1.2845462731861756,,,1.2437934577021097,1.3864228466273585,228.45462731861755,,,224.37934577021096,238.64228466273585
FL,12,Washington,12133,2010,1755181630.0,1320595902.0,,932940830.0,1016525576.0,1.2157587604061368,,,1.1258596235258036,1.2839212406487266,221.57587604061368,,,212.58596235258037,228.39212406487266
FL,12,Washington,12133,2011,1608812873.0,1220930870.0,,840210861.0,920642417.0,1.0309813846467364,,,0.9145590880053467,1.0684917535498215,203.09813846467364,,,191.45590880053467,206.84917535498215
FL,12,Washington,12133,2012,1548628927.0,1231038892.0,,862044528.0,941657180.0,0.9550045721584983,,,0.9643107009868557,1.1157075489179635,195.50045721584982,,,196.43107009868558,211.57075489179635
FL,12,Washington,12133,2013,1520585249.0,1206379877.0,,840623582.0,919763534.0,0.9196019539106599,,,0.9154995409059676,1.066517086508345,191.96019539106598,,,191.54995409059677,206.6517086508345
FL,12,Washington,12133,2014,1462237979.0,1176728581.0,,820800444.0,897445288.0,0.8459437794866931,,,0.8703292500036173,1.016372636337203,184.59437794866932,,,187.03292500036173,201.6372636337203
FL,12,Washington,12133,2015,1468404591.0,1188348308.0,,831313165.0,908358458.0,0.8537285718566006,,,0.8942842194814693,1.0408922562604799,185.37285718566005,,,189.42842194814693,204.08922562604798
FL,12,Washington,12133,2016,1468976201.0,1188688935.0,,829513556.0,907216239.0,0.8544501780102816,,,0.8901835134257232,1.0383259280763553,185.44501780102814,,,189.01835134257232,203.83259280763554
FL,12,Washington,12133,2017,1480872662.0,1198565336.0,,836909538.0,,0.8694683887914529,,,0.9070364788063077,,186.9468388791453,,,190.70364788063077,
FL,12,Washington,12133,2018,1535933966.0,1226298181.0,,851873553.0,935637243.0,0.9389783270292325,,,0.9411344561607069,1.1021820043509796,193.89783270292324,,,194.1134456160707,210.21820043509797
FL,12,Washington,12133,2019,1556083602.0,1240667759.0,,860691689.0,947735572.0,0.9644154280807031,,,0.961228034096576,1.1293644296945566,196.44154280807032,,,196.1228034096576,212.93644296945567
FL,12,Washington,12133,2020,1715914983.0,1381264832.0,,936556912.0,1031614115.0,1.166188154381719,,,1.1340994630439845,1.3178220450417255,216.6188154381719,,,213.40994630439843,231.78220450417254
FL,12,Washington,12133,2021,1852840377.0,1452069138.0,,997414597.0,1105723988.0,1.3390441346927493,,,1.2727737402998653,1.4843314935816405,233.90441346927494,,,227.27737402998653,248.43314935816406
FL,12,Washington,12133,2022,2196370142.0,1577644983.0,,1100227042.0,1266296663.0,1.77271952944891,,,1.5070488610719592,1.8451048491752875,277.271952944891,,,250.70488610719593,284.51048491752874
