state,state_fips,county_name,county_fips,year,market_or_full_value,assessed_value,net_assessed_value,county_taxable_value,school_taxable_value,market_or_full_value_growth_since_2000,assessed_value_growth_since_2000,net_assessed_value_growth_since_2000,county_taxable_value_growth_since_2000,school_taxable_value_growth_since_2000,market_or_full_value_index_2000_100,assessed_value_index_2000_100,net_assessed_value_index_2000_100,county_taxable_value_index_2000_100,school_taxable_value_index_2000_100
TX,48,Anderson,48001,2000,,,,,,,,,,,,,,,
TX,48,Anderson,48001,2001,,,,,,,,,,,,,,,
TX,48,Anderson,48001,2002,2267874301.0,,,,,,,,,,,,,,
TX,48,Anderson,48001,2003,,,,,,,,,,,,,,,
TX,48,Anderson,48001,2004,,,,,,,,,,,,,,,
TX,48,Anderson,48001,2005,,,,,,,,,,,,,,,
TX,48,Anderson,48001,2006,,,,,,,,,,,,,,,
TX,48,Anderson,48001,2007,,,,,,,,,,,,,,,
TX,48,Anderson,48001,2008,,,,,,,,,,,,,,,
TX,48,Anderson,48001,2009,,,,,,,,,,,,,,,
TX,48,Anderson,48001,2010,,,,,,,,,,,,,,,
TX,48,Anderson,48001,2011,,,,,,,,,,,,,,,
TX,48,Anderson,48001,2012,,,,,,,,,,,,,,,
TX,48,Anderson,48001,2013,,,,,,,,,,,,,,,
TX,48,Anderson,48001,2014,,,,,,,,,,,,,,,
TX,48,Anderson,48001,2015,,,,,,,,,,,,,,,
TX,48,Anderson,48001,2016,,,,,,,,,,,,,,,
TX,48,Anderson,48001,2017,,,,,,,,,,,,,,,
TX,48,Anderson,48001,2018,,,,,,,,,,,,,,,
TX,48,Anderson,48001,2019,,,,,,,,,,,,,,,
TX,48,Anderson,48001,2020,,,,,,,,,,,,,,,
TX,48,Anderson,48001,2021,,,,,,,,,,,,,,,
TX,48,Anderson,48001,2022,,,,,,,,,,,,,,,
TX,48,Andrews,48003,2000,,,,,,,,,,,,,,,
TX,48,Andrews,48003,2001,,,,,,,,,,,,,,,
TX,48,Andrews,48003,2002,1909343320.0,,,,,,,,,,,,,,
TX,48,Andrews,48003,2003,,,,,,,,,,,,,,,
TX,48,Andrews,48003,2004,,,,,,,,,,,,,,,
TX,48,Andrews,48003,2005,,,,,,,,,,,,,,,
TX,48,Andrews,48003,2006,,,,,,,,,,,,,,,
TX,48,Andrews,48003,2007,,,,,,,,,,,,,,,
TX,48,Andrews,48003,2008,,,,,,,,,,,,,,,
TX,48,Andrews,48003,2009,,,,,,,,,,,,,,,
TX,48,Andrews,48003,2010,,,,,,,,,,,,,,,
TX,48,Andrews,48003,2011,,,,,,,,,,,,,,,
TX,48,Andrews,48003,2012,,,,,,,,,,,,,,,
TX,48,Andrews,48003,2013,,,,,,,,,,,,,,,
TX,48,Andrews,48003,2014,,,,,,,,,,,,,,,
TX,48,Andrews,48003,2015,,,,,,,,,,,,,,,
TX,48,Andrews,48003,2016,,,,,,,,,,,,,,,
TX,48,Andrews,48003,2017,,,,,,,,,,,,,,,
TX,48,Andrews,48003,2018,,,,,,,,,,,,,,,
TX,48,Andrews,48003,2019,,,,,,,,,,,,,,,
TX,48,Andrews,48003,2020,,,,,,,,,,,,,,,
TX,48,Andrews,48003,2021,,,,,,,,,,,,,,,
TX,48,Andrews,48003,2022,,,,,,,,,,,,,,,
TX,48,Angelina,48005,2000,,,,,,,,,,,,,,,
TX,48,Angelina,48005,2001,,,,,,,,,,,,,,,
TX,48,Angelina,48005,2002,3494482198.0,,,,,,,,,,,,,,
TX,48,Angelina,48005,2003,,,,,,,,,,,,,,,
TX,48,Angelina,48005,2004,,,,,,,,,,,,,,,
TX,48,Angelina,48005,2005,,,,,,,,,,,,,,,
TX,48,Angelina,48005,2006,,,,,,,,,,,,,,,
TX,48,Angelina,48005,2007,,,,,,,,,,,,,,,
TX,48,Angelina,48005,2008,,,,,,,,,,,,,,,
TX,48,Angelina,48005,2009,,,,,,,,,,,,,,,
TX,48,Angelina,48005,2010,,,,,,,,,,,,,,,
TX,48,Angelina,48005,2011,,,,,,,,,,,,,,,
TX,48,Angelina,48005,2012,,,,,,,,,,,,,,,
TX,48,Angelina,48005,2013,,,,,,,,,,,,,,,
TX,48,Angelina,48005,2014,,,,,,,,,,,,,,,
TX,48,Angelina,48005,2015,,,,,,,,,,,,,,,
TX,48,Angelina,48005,2016,,,,,,,,,,,,,,,
TX,48,Angelina,48005,2017,,,,,,,,,,,,,,,
TX,48,Angelina,48005,2018,,,,,,,,,,,,,,,
TX,48,Angelina,48005,2019,,,,,,,,,,,,,,,
TX,48,Angelina,48005,2020,,,,,,,,,,,,,,,
TX,48,Angelina,48005,2021,,,,,,,,,,,,,,,
TX,48,Angelina,48005,2022,,,,,,,,,,,,,,,
TX,48,Aransas,48007,2000,,,,,,,,,,,,,,,
TX,48,Aransas,48007,2001,,,,,,,,,,,,,,,
TX,48,Aransas,48007,2002,1524287515.0,,,,,,,,,,,,,,
TX,48,Aransas,48007,2003,,,,,,,,,,,,,,,
TX,48,Aransas,48007,2004,,,,,,,,,,,,,,,
TX,48,Aransas,48007,2005,,,,,,,,,,,,,,,
TX,48,Aransas,48007,2006,,,,,,,,,,,,,,,
TX,48,Aransas,48007,2007,,,,,,,,,,,,,,,
TX,48,Aransas,48007,2008,,,,,,,,,,,,,,,
TX,48,Aransas,48007,2009,,,,,,,,,,,,,,,
TX,48,Aransas,48007,2010,,,,,,,,,,,,,,,
TX,48,Aransas,48007,2011,,,,,,,,,,,,,,,
TX,48,Aransas,48007,2012,,,,,,,,,,,,,,,
TX,48,Aransas,48007,2013,,,,,,,,,,,,,,,
TX,48,Aransas,48007,2014,,,,,,,,,,,,,,,
TX,48,Aransas,48007,2015,,,,,,,,,,,,,,,
TX,48,Aransas,48007,2016,,,,,,,,,,,,,,,
TX,48,Aransas,48007,2017,,,,,,,,,,,,,,,
TX,48,Aransas,48007,2018,,,,,,,,,,,,,,,
TX,48,Aransas,48007,2019,,,,,,,,,,,,,,,
TX,48,Aransas,48007,2020,,,,,,,,,,,,,,,
TX,48,Aransas,48007,2021,,,,,,,,,,,,,,,
TX,48,Aransas,48007,2022,,,,,,,,,,,,,,,
TX,48,Archer,48009,2000,,,,,,,,,,,,,,,
TX,48,Archer,48009,2001,,,,,,,,,,,,,,,
TX,48,Archer,48009,2002,513036990.0,,,,,,,,,,,,,,
TX,48,Archer,48009,2003,,,,,,,,,,,,,,,
TX,48,Archer,48009,2004,,,,,,,,,,,,,,,
TX,48,Archer,48009,2005,,,,,,,,,,,,,,,
TX,48,Archer,48009,2006,,,,,,,,,,,,,,,
TX,48,Archer,48009,2007,,,,,,,,,,,,,,,
TX,48,Archer,48009,2008,,,,,,,,,,,,,,,
TX,48,Archer,48009,2009,,,,,,,,,,,,,,,
TX,48,Archer,48009,2010,,,,,,,,,,,,,,,
TX,48,Archer,48009,2011,,,,,,,,,,,,,,,
TX,48,Archer,48009,2012,,,,,,,,,,,,,,,
TX,48,Archer,48009,2013,,,,,,,,,,,,,,,
TX,48,Archer,48009,2014,,,,,,,,,,,,,,,
TX,48,Archer,48009,2015,,,,,,,,,,,,,,,
TX,48,Archer,48009,2016,,,,,,,,,,,,,,,
TX,48,Archer,48009,2017,,,,,,,,,,,,,,,
TX,48,Archer,48009,2018,,,,,,,,,,,,,,,
TX,48,Archer,48009,2019,,,,,,,,,,,,,,,
TX,48,Archer,48009,2020,,,,,,,,,,,,,,,
TX,48,Archer,48009,2021,,,,,,,,,,,,,,,
TX,48,Archer,48009,2022,,,,,,,,,,,,,,,
TX,48,Armstrong,48011,2000,,,,,,,,,,,,,,,
TX,48,Armstrong,48011,2001,,,,,,,,,,,,,,,
TX,48,Armstrong,48011,2002,178720010.0,,,,,,,,,,,,,,
TX,48,Armstrong,48011,2003,,,,,,,,,,,,,,,
TX,48,Armstrong,48011,2004,,,,,,,,,,,,,,,
TX,48,Armstrong,48011,2005,,,,,,,,,,,,,,,
TX,48,Armstrong,48011,2006,,,,,,,,,,,,,,,
TX,48,Armstrong,48011,2007,,,,,,,,,,,,,,,
TX,48,Armstrong,48011,2008,,,,,,,,,,,,,,,
TX,48,Armstrong,48011,2009,,,,,,,,,,,,,,,
TX,48,Armstrong,48011,2010,,,,,,,,,,,,,,,
TX,48,Armstrong,48011,2011,,,,,,,,,,,,,,,
TX,48,Armstrong,48011,2012,,,,,,,,,,,,,,,
TX,48,Armstrong,48011,2013,,,,,,,,,,,,,,,
TX,48,Armstrong,48011,2014,,,,,,,,,,,,,,,
TX,48,Armstrong,48011,2015,,,,,,,,,,,,,,,
TX,48,Armstrong,48011,2016,,,,,,,,,,,,,,,
TX,48,Armstrong,48011,2017,,,,,,,,,,,,,,,
TX,48,Armstrong,48011,2018,,,,,,,,,,,,,,,
TX,48,Armstrong,48011,2019,,,,,,,,,,,,,,,
TX,48,Armstrong,48011,2020,,,,,,,,,,,,,,,
TX,48,Armstrong,48011,2021,,,,,,,,,,,,,,,
TX,48,Armstrong,48011,2022,,,,,,,,,,,,,,,
TX,48,Atascosa,48013,2000,,,,,,,,,,,,,,,
TX,48,Atascosa,48013,2001,,,,,,,,,,,,,,,
TX,48,Atascosa,48013,2002,1568582407.0,,,,,,,,,,,,,,
TX,48,Atascosa,48013,2003,,,,,,,,,,,,,,,
TX,48,Atascosa,48013,2004,,,,,,,,,,,,,,,
TX,48,Atascosa,48013,2005,,,,,,,,,,,,,,,
TX,48,Atascosa,48013,2006,,,,,,,,,,,,,,,
TX,48,Atascosa,48013,2007,,,,,,,,,,,,,,,
TX,48,Atascosa,48013,2008,,,,,,,,,,,,,,,
TX,48,Atascosa,48013,2009,,,,,,,,,,,,,,,
TX,48,Atascosa,48013,2010,,,,,,,,,,,,,,,
TX,48,Atascosa,48013,2011,,,,,,,,,,,,,,,
TX,48,Atascosa,48013,2012,,,,,,,,,,,,,,,
TX,48,Atascosa,48013,2013,,,,,,,,,,,,,,,
TX,48,Atascosa,48013,2014,,,,,,,,,,,,,,,
TX,48,Atascosa,48013,2015,,,,,,,,,,,,,,,
TX,48,Atascosa,48013,2016,,,,,,,,,,,,,,,
TX,48,Atascosa,48013,2017,,,,,,,,,,,,,,,
TX,48,Atascosa,48013,2018,,,,,,,,,,,,,,,
TX,48,Atascosa,48013,2019,,,,,,,,,,,,,,,
TX,48,Atascosa,48013,2020,,,,,,,,,,,,,,,
TX,48,Atascosa,48013,2021,,,,,,,,,,,,,,,
TX,48,Atascosa,48013,2022,,,,,,,,,,,,,,,
TX,48,Austin,48015,2000,,,,,,,,,,,,,,,
TX,48,Austin,48015,2001,,,,,,,,,,,,,,,
TX,48,Austin,48015,2002,1837806308.0,,,,,,,,,,,,,,
TX,48,Austin,48015,2003,,,,,,,,,,,,,,,
TX,48,Austin,48015,2004,,,,,,,,,,,,,,,
TX,48,Austin,48015,2005,,,,,,,,,,,,,,,
TX,48,Austin,48015,2006,,,,,,,,,,,,,,,
TX,48,Austin,48015,2007,,,,,,,,,,,,,,,
TX,48,Austin,48015,2008,,,,,,,,,,,,,,,
TX,48,Austin,48015,2009,,,,,,,,,,,,,,,
TX,48,Austin,48015,2010,,,,,,,,,,,,,,,
TX,48,Austin,48015,2011,,,,,,,,,,,,,,,
TX,48,Austin,48015,2012,,,,,,,,,,,,,,,
TX,48,Austin,48015,2013,,,,,,,,,,,,,,,
TX,48,Austin,48015,2014,,,,,,,,,,,,,,,
TX,48,Austin,48015,2015,,,,,,,,,,,,,,,
TX,48,Austin,48015,2016,,,,,,,,,,,,,,,
TX,48,Austin,48015,2017,,,,,,,,,,,,,,,
TX,48,Austin,48015,2018,,,,,,,,,,,,,,,
TX,48,Austin,48015,2019,,,,,,,,,,,,,,,
TX,48,Austin,48015,2020,,,,,,,,,,,,,,,
TX,48,Austin,48015,2021,,,,,,,,,,,,,,,
TX,48,Austin,48015,2022,,,,,,,,,,,,,,,
TX,48,Bailey,48017,2000,,,,,,,,,,,,,,,
TX,48,Bailey,48017,2001,,,,,,,,,,,,,,,
TX,48,Bailey,48017,2002,283281742.0,,,,,,,,,,,,,,
TX,48,Bailey,48017,2003,,,,,,,,,,,,,,,
TX,48,Bailey,48017,2004,,,,,,,,,,,,,,,
TX,48,Bailey,48017,2005,,,,,,,,,,,,,,,
TX,48,Bailey,48017,2006,,,,,,,,,,,,,,,
TX,48,Bailey,48017,2007,,,,,,,,,,,,,,,
TX,48,Bailey,48017,2008,,,,,,,,,,,,,,,
TX,48,Bailey,48017,2009,,,,,,,,,,,,,,,
TX,48,Bailey,48017,2010,,,,,,,,,,,,,,,
TX,48,Bailey,48017,2011,,,,,,,,,,,,,,,
TX,48,Bailey,48017,2012,,,,,,,,,,,,,,,
TX,48,Bailey,48017,2013,,,,,,,,,,,,,,,
TX,48,Bailey,48017,2014,,,,,,,,,,,,,,,
TX,48,Bailey,48017,2015,,,,,,,,,,,,,,,
TX,48,Bailey,48017,2016,,,,,,,,,,,,,,,
TX,48,Bailey,48017,2017,,,,,,,,,,,,,,,
TX,48,Bailey,48017,2018,,,,,,,,,,,,,,,
TX,48,Bailey,48017,2019,,,,,,,,,,,,,,,
TX,48,Bailey,48017,2020,,,,,,,,,,,,,,,
TX,48,Bailey,48017,2021,,,,,,,,,,,,,,,
TX,48,Bailey,48017,2022,,,,,,,,,,,,,,,
TX,48,Bandera,48019,2000,,,,,,,,,,,,,,,
TX,48,Bandera,48019,2001,,,,,,,,,,,,,,,
TX,48,Bandera,48019,2002,1393447620.0,,,,,,,,,,,,,,
TX,48,Bandera,48019,2003,,,,,,,,,,,,,,,
TX,48,Bandera,48019,2004,,,,,,,,,,,,,,,
TX,48,Bandera,48019,2005,,,,,,,,,,,,,,,
TX,48,Bandera,48019,2006,,,,,,,,,,,,,,,
TX,48,Bandera,48019,2007,,,,,,,,,,,,,,,
TX,48,Bandera,48019,2008,,,,,,,,,,,,,,,
TX,48,Bandera,48019,2009,,,,,,,,,,,,,,,
TX,48,Bandera,48019,2010,,,,,,,,,,,,,,,
TX,48,Bandera,48019,2011,,,,,,,,,,,,,,,
TX,48,Bandera,48019,2012,,,,,,,,,,,,,,,
TX,48,Bandera,48019,2013,,,,,,,,,,,,,,,
TX,48,Bandera,48019,2014,,,,,,,,,,,,,,,
TX,48,Bandera,48019,2015,,,,,,,,,,,,,,,
TX,48,Bandera,48019,2016,,,,,,,,,,,,,,,
TX,48,Bandera,48019,2017,,,,,,,,,,,,,,,
TX,48,Bandera,48019,2018,,,,,,,,,,,,,,,
TX,48,Bandera,48019,2019,,,,,,,,,,,,,,,
TX,48,Bandera,48019,2020,,,,,,,,,,,,,,,
TX,48,Bandera,48019,2021,,,,,,,,,,,,,,,
TX,48,Bandera,48019,2022,,,,,,,,,,,,,,,
TX,48,Bastrop,48021,2000,,,,,,,,,,,,,,,
TX,48,Bastrop,48021,2001,,,,,,,,,,,,,,,
TX,48,Bastrop,48021,2002,3950639437.0,,,,,,,,,,,,,,
TX,48,Bastrop,48021,2003,,,,,,,,,,,,,,,
TX,48,Bastrop,48021,2004,,,,,,,,,,,,,,,
TX,48,Bastrop,48021,2005,,,,,,,,,,,,,,,
TX,48,Bastrop,48021,2006,,,,,,,,,,,,,,,
TX,48,Bastrop,48021,2007,,,,,,,,,,,,,,,
TX,48,Bastrop,48021,2008,,,,,,,,,,,,,,,
TX,48,Bastrop,48021,2009,,,,,,,,,,,,,,,
TX,48,Bastrop,48021,2010,,,,,,,,,,,,,,,
TX,48,Bastrop,48021,2011,,,,,,,,,,,,,,,
TX,48,Bastrop,48021,2012,,,,,,,,,,,,,,,
TX,48,Bastrop,48021,2013,,,,,,,,,,,,,,,
TX,48,Bastrop,48021,2014,,,,,,,,,,,,,,,
TX,48,Bastrop,48021,2015,,,,,,,,,,,,,,,
TX,48,Bastrop,48021,2016,,,,,,,,,,,,,,,
TX,48,Bastrop,48021,2017,,,,,,,,,,,,,,,
TX,48,Bastrop,48021,2018,,,,,,,,,,,,,,,
TX,48,Bastrop,48021,2019,,,,,,,,,,,,,,,
TX,48,Bastrop,48021,2020,,,,,,,,,,,,,,,
TX,48,Bastrop,48021,2021,,,,,,,,,,,,,,,
TX,48,Bastrop,48021,2022,,,,,,,,,,,,,,,
TX,48,Baylor,48023,2000,,,,,,,,,,,,,,,
TX,48,Baylor,48023,2001,,,,,,,,,,,,,,,
TX,48,Baylor,48023,2002,312562605.0,,,,,,,,,,,,,,
TX,48,Baylor,48023,2003,,,,,,,,,,,,,,,
TX,48,Baylor,48023,2004,,,,,,,,,,,,,,,
TX,48,Baylor,48023,2005,,,,,,,,,,,,,,,
TX,48,Baylor,48023,2006,,,,,,,,,,,,,,,
TX,48,Baylor,48023,2007,,,,,,,,,,,,,,,
TX,48,Baylor,48023,2008,,,,,,,,,,,,,,,
TX,48,Baylor,48023,2009,,,,,,,,,,,,,,,
TX,48,Baylor,48023,2010,,,,,,,,,,,,,,,
TX,48,Baylor,48023,2011,,,,,,,,,,,,,,,
TX,48,Baylor,48023,2012,,,,,,,,,,,,,,,
TX,48,Baylor,48023,2013,,,,,,,,,,,,,,,
TX,48,Baylor,48023,2014,,,,,,,,,,,,,,,
TX,48,Baylor,48023,2015,,,,,,,,,,,,,,,
TX,48,Baylor,48023,2016,,,,,,,,,,,,,,,
TX,48,Baylor,48023,2017,,,,,,,,,,,,,,,
TX,48,Baylor,48023,2018,,,,,,,,,,,,,,,
TX,48,Baylor,48023,2019,,,,,,,,,,,,,,,
TX,48,Baylor,48023,2020,,,,,,,,,,,,,,,
TX,48,Baylor,48023,2021,,,,,,,,,,,,,,,
TX,48,Baylor,48023,2022,,,,,,,,,,,,,,,
TX,48,Bee,48025,2000,,,,,,,,,,,,,,,
TX,48,Bee,48025,2001,,,,,,,,,,,,,,,
TX,48,Bee,48025,2002,1017720480.0,,,,,,,,,,,,,,
TX,48,Bee,48025,2003,,,,,,,,,,,,,,,
TX,48,Bee,48025,2004,,,,,,,,,,,,,,,
TX,48,Bee,48025,2005,,,,,,,,,,,,,,,
TX,48,Bee,48025,2006,,,,,,,,,,,,,,,
TX,48,Bee,48025,2007,,,,,,,,,,,,,,,
TX,48,Bee,48025,2008,,,,,,,,,,,,,,,
TX,48,Bee,48025,2009,,,,,,,,,,,,,,,
TX,48,Bee,48025,2010,,,,,,,,,,,,,,,
TX,48,Bee,48025,2011,,,,,,,,,,,,,,,
TX,48,Bee,48025,2012,,,,,,,,,,,,,,,
TX,48,Bee,48025,2013,,,,,,,,,,,,,,,
TX,48,Bee,48025,2014,,,,,,,,,,,,,,,
TX,48,Bee,48025,2015,,,,,,,,,,,,,,,
TX,48,Bee,48025,2016,,,,,,,,,,,,,,,
TX,48,Bee,48025,2017,,,,,,,,,,,,,,,
TX,48,Bee,48025,2018,,,,,,,,,,,,,,,
TX,48,Bee,48025,2019,,,,,,,,,,,,,,,
TX,48,Bee,48025,2020,,,,,,,,,,,,,,,
TX,48,Bee,48025,2021,,,,,,,,,,,,,,,
TX,48,Bee,48025,2022,,,,,,,,,,,,,,,
TX,48,Bell,48027,2000,,,,,,,,,,,,,,,
TX,48,Bell,48027,2001,,,,,,,,,,,,,,,
TX,48,Bell,48027,2002,8195530970.0,,,,,,,,,,,,,,
TX,48,Bell,48027,2003,,,,,,,,,,,,,,,
TX,48,Bell,48027,2004,,,,,,,,,,,,,,,
TX,48,Bell,48027,2005,,,,,,,,,,,,,,,
TX,48,Bell,48027,2006,,,,,,,,,,,,,,,
TX,48,Bell,48027,2007,,,,,,,,,,,,,,,
TX,48,Bell,48027,2008,,,,,,,,,,,,,,,
TX,48,Bell,48027,2009,,,,,,,,,,,,,,,
TX,48,Bell,48027,2010,,,,,,,,,,,,,,,
TX,48,Bell,48027,2011,,,,,,,,,,,,,,,
TX,48,Bell,48027,2012,,,,,,,,,,,,,,,
TX,48,Bell,48027,2013,,,,,,,,,,,,,,,
TX,48,Bell,48027,2014,,,,,,,,,,,,,,,
TX,48,Bell,48027,2015,,,,,,,,,,,,,,,
TX,48,Bell,48027,2016,,,,,,,,,,,,,,,
TX,48,Bell,48027,2017,,,,,,,,,,,,,,,
TX,48,Bell,48027,2018,,,,,,,,,,,,,,,
TX,48,Bell,48027,2019,,,,,,,,,,,,,,,
TX,48,Bell,48027,2020,,,,,,,,,,,,,,,
TX,48,Bell,48027,2021,,,,,,,,,,,,,,,
TX,48,Bell,48027,2022,,,,,,,,,,,,,,,
TX,48,Bexar,48029,2000,,,,,,,,,,,,,,,
TX,48,Bexar,48029,2001,,,,,,,,,,,,,,,
TX,48,Bexar,48029,2002,59057209516.0,,,,,,,,,,,,,,
TX,48,Bexar,48029,2003,,,,,,,,,,,,,,,
TX,48,Bexar,48029,2004,,,,,,,,,,,,,,,
TX,48,Bexar,48029,2005,,,,,,,,,,,,,,,
TX,48,Bexar,48029,2006,,,,,,,,,,,,,,,
TX,48,Bexar,48029,2007,,,,,,,,,,,,,,,
TX,48,Bexar,48029,2008,,,,,,,,,,,,,,,
TX,48,Bexar,48029,2009,,,,,,,,,,,,,,,
TX,48,Bexar,48029,2010,,,,,,,,,,,,,,,
TX,48,Bexar,48029,2011,,,,,,,,,,,,,,,
TX,48,Bexar,48029,2012,,,,,,,,,,,,,,,
TX,48,Bexar,48029,2013,,,,,,,,,,,,,,,
TX,48,Bexar,48029,2014,,,,,,,,,,,,,,,
TX,48,Bexar,48029,2015,,,,,,,,,,,,,,,
TX,48,Bexar,48029,2016,,,,,,,,,,,,,,,
TX,48,Bexar,48029,2017,,,,,,,,,,,,,,,
TX,48,Bexar,48029,2018,,,,,,,,,,,,,,,
TX,48,Bexar,48029,2019,,,,,,,,,,,,,,,
TX,48,Bexar,48029,2020,,,,,,,,,,,,,,,
TX,48,Bexar,48029,2021,,,,,,,,,,,,,,,
TX,48,Bexar,48029,2022,,,,,,,,,,,,,,,
TX,48,Blanco,48031,2000,,,,,,,,,,,,,,,
TX,48,Blanco,48031,2001,,,,,,,,,,,,,,,
TX,48,Blanco,48031,2002,1651951614.0,,,,,,,,,,,,,,
TX,48,Blanco,48031,2003,,,,,,,,,,,,,,,
TX,48,Blanco,48031,2004,,,,,,,,,,,,,,,
TX,48,Blanco,48031,2005,,,,,,,,,,,,,,,
TX,48,Blanco,48031,2006,,,,,,,,,,,,,,,
TX,48,Blanco,48031,2007,,,,,,,,,,,,,,,
TX,48,Blanco,48031,2008,,,,,,,,,,,,,,,
TX,48,Blanco,48031,2009,,,,,,,,,,,,,,,
TX,48,Blanco,48031,2010,,,,,,,,,,,,,,,
TX,48,Blanco,48031,2011,,,,,,,,,,,,,,,
TX,48,Blanco,48031,2012,,,,,,,,,,,,,,,
TX,48,Blanco,48031,2013,,,,,,,,,,,,,,,
TX,48,Blanco,48031,2014,,,,,,,,,,,,,,,
TX,48,Blanco,48031,2015,,,,,,,,,,,,,,,
TX,48,Blanco,48031,2016,,,,,,,,,,,,,,,
TX,48,Blanco,48031,2017,,,,,,,,,,,,,,,
TX,48,Blanco,48031,2018,,,,,,,,,,,,,,,
TX,48,Blanco,48031,2019,,,,,,,,,,,,,,,
TX,48,Blanco,48031,2020,,,,,,,,,,,,,,,
TX,48,Blanco,48031,2021,,,,,,,,,,,,,,,
TX,48,Blanco,48031,2022,,,,,,,,,,,,,,,
TX,48,Borden,48033,2000,,,,,,,,,,,,,,,
TX,48,Borden,48033,2001,,,,,,,,,,,,,,,
TX,48,Borden,48033,2002,330592522.0,,,,,,,,,,,,,,
TX,48,Borden,48033,2003,,,,,,,,,,,,,,,
TX,48,Borden,48033,2004,,,,,,,,,,,,,,,
TX,48,Borden,48033,2005,,,,,,,,,,,,,,,
TX,48,Borden,48033,2006,,,,,,,,,,,,,,,
TX,48,Borden,48033,2007,,,,,,,,,,,,,,,
TX,48,Borden,48033,2008,,,,,,,,,,,,,,,
TX,48,Borden,48033,2009,,,,,,,,,,,,,,,
TX,48,Borden,48033,2010,,,,,,,,,,,,,,,
TX,48,Borden,48033,2011,,,,,,,,,,,,,,,
TX,48,Borden,48033,2012,,,,,,,,,,,,,,,
TX,48,Borden,48033,2013,,,,,,,,,,,,,,,
TX,48,Borden,48033,2014,,,,,,,,,,,,,,,
TX,48,Borden,48033,2015,,,,,,,,,,,,,,,
TX,48,Borden,48033,2016,,,,,,,,,,,,,,,
TX,48,Borden,48033,2017,,,,,,,,,,,,,,,
TX,48,Borden,48033,2018,,,,,,,,,,,,,,,
TX,48,Borden,48033,2019,,,,,,,,,,,,,,,
TX,48,Borden,48033,2020,,,,,,,,,,,,,,,
TX,48,Borden,48033,2021,,,,,,,,,,,,,,,
TX,48,Borden,48033,2022,,,,,,,,,,,,,,,
TX,48,Bosque,48035,2000,,,,,,,,,,,,,,,
TX,48,Bosque,48035,2001,,,,,,,,,,,,,,,
TX,48,Bosque,48035,2002,1381529199.0,,,,,,,,,,,,,,
TX,48,Bosque,48035,2003,,,,,,,,,,,,,,,
TX,48,Bosque,48035,2004,,,,,,,,,,,,,,,
TX,48,Bosque,48035,2005,,,,,,,,,,,,,,,
TX,48,Bosque,48035,2006,,,,,,,,,,,,,,,
TX,48,Bosque,48035,2007,,,,,,,,,,,,,,,
TX,48,Bosque,48035,2008,,,,,,,,,,,,,,,
TX,48,Bosque,48035,2009,,,,,,,,,,,,,,,
TX,48,Bosque,48035,2010,,,,,,,,,,,,,,,
TX,48,Bosque,48035,2011,,,,,,,,,,,,,,,
TX,48,Bosque,48035,2012,,,,,,,,,,,,,,,
TX,48,Bosque,48035,2013,,,,,,,,,,,,,,,
TX,48,Bosque,48035,2014,,,,,,,,,,,,,,,
TX,48,Bosque,48035,2015,,,,,,,,,,,,,,,
TX,48,Bosque,48035,2016,,,,,,,,,,,,,,,
TX,48,Bosque,48035,2017,,,,,,,,,,,,,,,
TX,48,Bosque,48035,2018,,,,,,,,,,,,,,,
TX,48,Bosque,48035,2019,,,,,,,,,,,,,,,
TX,48,Bosque,48035,2020,,,,,,,,,,,,,,,
TX,48,Bosque,48035,2021,,,,,,,,,,,,,,,
TX,48,Bosque,48035,2022,,,,,,,,,,,,,,,
TX,48,Bowie,48037,2000,,,,,,,,,,,,,,,
TX,48,Bowie,48037,2001,,,,,,,,,,,,,,,
TX,48,Bowie,48037,2002,3557543528.0,,,,,,,,,,,,,,
TX,48,Bowie,48037,2003,,,,,,,,,,,,,,,
TX,48,Bowie,48037,2004,,,,,,,,,,,,,,,
TX,48,Bowie,48037,2005,,,,,,,,,,,,,,,
TX,48,Bowie,48037,2006,,,,,,,,,,,,,,,
TX,48,Bowie,48037,2007,,,,,,,,,,,,,,,
TX,48,Bowie,48037,2008,,,,,,,,,,,,,,,
TX,48,Bowie,48037,2009,,,,,,,,,,,,,,,
TX,48,Bowie,48037,2010,,,,,,,,,,,,,,,
TX,48,Bowie,48037,2011,,,,,,,,,,,,,,,
TX,48,Bowie,48037,2012,,,,,,,,,,,,,,,
TX,48,Bowie,48037,2013,,,,,,,,,,,,,,,
TX,48,Bowie,48037,2014,,,,,,,,,,,,,,,
TX,48,Bowie,48037,2015,,,,,,,,,,,,,,,
TX,48,Bowie,48037,2016,,,,,,,,,,,,,,,
TX,48,Bowie,48037,2017,,,,,,,,,,,,,,,
TX,48,Bowie,48037,2018,,,,,,,,,,,,,,,
TX,48,Bowie,48037,2019,,,,,,,,,,,,,,,
TX,48,Bowie,48037,2020,,,,,,,,,,,,,,,
TX,48,Bowie,48037,2021,,,,,,,,,,,,,,,
TX,48,Bowie,48037,2022,,,,,,,,,,,,,,,
TX,48,Brazoria,48039,2000,,,,,,,,,,,,,,,
TX,48,Brazoria,48039,2001,,,,,,,,,,,,,,,
TX,48,Brazoria,48039,2002,17049533334.0,,,,,,,,,,,,,,
TX,48,Brazoria,48039,2003,,,,,,,,,,,,,,,
TX,48,Brazoria,48039,2004,,,,,,,,,,,,,,,
TX,48,Brazoria,48039,2005,,,,,,,,,,,,,,,
TX,48,Brazoria,48039,2006,,,,,,,,,,,,,,,
TX,48,Brazoria,48039,2007,,,,,,,,,,,,,,,
TX,48,Brazoria,48039,2008,,,,,,,,,,,,,,,
TX,48,Brazoria,48039,2009,,,,,,,,,,,,,,,
TX,48,Brazoria,48039,2010,,,,,,,,,,,,,,,
TX,48,Brazoria,48039,2011,,,,,,,,,,,,,,,
TX,48,Brazoria,48039,2012,,,,,,,,,,,,,,,
TX,48,Brazoria,48039,2013,,,,,,,,,,,,,,,
TX,48,Brazoria,48039,2014,,,,,,,,,,,,,,,
TX,48,Brazoria,48039,2015,,,,,,,,,,,,,,,
TX,48,Brazoria,48039,2016,,,,,,,,,,,,,,,
TX,48,Brazoria,48039,2017,,,,,,,,,,,,,,,
TX,48,Brazoria,48039,2018,,,,,,,,,,,,,,,
TX,48,Brazoria,48039,2019,,,,,,,,,,,,,,,
TX,48,Brazoria,48039,2020,,,,,,,,,,,,,,,
TX,48,Brazoria,48039,2021,,,,,,,,,,,,,,,
TX,48,Brazoria,48039,2022,,,,,,,,,,,,,,,
TX,48,Brazos,48041,2000,,,,,,,,,,,,,,,
TX,48,Brazos,48041,2001,,,,,,,,,,,,,,,
TX,48,Brazos,48041,2002,6613075789.0,,,,,,,,,,,,,,
TX,48,Brazos,48041,2003,,,,,,,,,,,,,,,
TX,48,Brazos,48041,2004,,,,,,,,,,,,,,,
TX,48,Brazos,48041,2005,,,,,,,,,,,,,,,
TX,48,Brazos,48041,2006,,,,,,,,,,,,,,,
TX,48,Brazos,48041,2007,,,,,,,,,,,,,,,
TX,48,Brazos,48041,2008,,,,,,,,,,,,,,,
TX,48,Brazos,48041,2009,,,,,,,,,,,,,,,
TX,48,Brazos,48041,2010,,,,,,,,,,,,,,,
TX,48,Brazos,48041,2011,,,,,,,,,,,,,,,
TX,48,Brazos,48041,2012,,,,,,,,,,,,,,,
TX,48,Brazos,48041,2013,,,,,,,,,,,,,,,
TX,48,Brazos,48041,2014,,,,,,,,,,,,,,,
TX,48,Brazos,48041,2015,,,,,,,,,,,,,,,
TX,48,Brazos,48041,2016,,,,,,,,,,,,,,,
TX,48,Brazos,48041,2017,,,,,,,,,,,,,,,
TX,48,Brazos,48041,2018,,,,,,,,,,,,,,,
TX,48,Brazos,48041,2019,,,,,,,,,,,,,,,
TX,48,Brazos,48041,2020,,,,,,,,,,,,,,,
TX,48,Brazos,48041,2021,,,,,,,,,,,,,,,
TX,48,Brazos,48041,2022,,,,,,,,,,,,,,,
TX,48,Brewster,48043,2000,,,,,,,,,,,,,,,
TX,48,Brewster,48043,2001,,,,,,,,,,,,,,,
TX,48,Brewster,48043,2002,570359332.0,,,,,,,,,,,,,,
TX,48,Brewster,48043,2003,,,,,,,,,,,,,,,
TX,48,Brewster,48043,2004,,,,,,,,,,,,,,,
TX,48,Brewster,48043,2005,,,,,,,,,,,,,,,
TX,48,Brewster,48043,2006,,,,,,,,,,,,,,,
TX,48,Brewster,48043,2007,,,,,,,,,,,,,,,
TX,48,Brewster,48043,2008,,,,,,,,,,,,,,,
TX,48,Brewster,48043,2009,,,,,,,,,,,,,,,
TX,48,Brewster,48043,2010,,,,,,,,,,,,,,,
TX,48,Brewster,48043,2011,,,,,,,,,,,,,,,
TX,48,Brewster,48043,2012,,,,,,,,,,,,,,,
TX,48,Brewster,48043,2013,,,,,,,,,,,,,,,
TX,48,Brewster,48043,2014,,,,,,,,,,,,,,,
TX,48,Brewster,48043,2015,,,,,,,,,,,,,,,
TX,48,Brewster,48043,2016,,,,,,,,,,,,,,,
TX,48,Brewster,48043,2017,,,,,,,,,,,,,,,
TX,48,Brewster,48043,2018,,,,,,,,,,,,,,,
TX,48,Brewster,48043,2019,,,,,,,,,,,,,,,
TX,48,Brewster,48043,2020,,,,,,,,,,,,,,,
TX,48,Brewster,48043,2021,,,,,,,,,,,,,,,
TX,48,Brewster,48043,2022,,,,,,,,,,,,,,,
TX,48,Briscoe,48045,2000,,,,,,,,,,,,,,,
TX,48,Briscoe,48045,2001,,,,,,,,,,,,,,,
TX,48,Briscoe,48045,2002,105556370.0,,,,,,,,,,,,,,
TX,48,Briscoe,48045,2003,,,,,,,,,,,,,,,
TX,48,Briscoe,48045,2004,,,,,,,,,,,,,,,
TX,48,Briscoe,48045,2005,,,,,,,,,,,,,,,
TX,48,Briscoe,48045,2006,,,,,,,,,,,,,,,
TX,48,Briscoe,48045,2007,,,,,,,,,,,,,,,
TX,48,Briscoe,48045,2008,,,,,,,,,,,,,,,
TX,48,Briscoe,48045,2009,,,,,,,,,,,,,,,
TX,48,Briscoe,48045,2010,,,,,,,,,,,,,,,
TX,48,Briscoe,48045,2011,,,,,,,,,,,,,,,
TX,48,Briscoe,48045,2012,,,,,,,,,,,,,,,
TX,48,Briscoe,48045,2013,,,,,,,,,,,,,,,
TX,48,Briscoe,48045,2014,,,,,,,,,,,,,,,
TX,48,Briscoe,48045,2015,,,,,,,,,,,,,,,
TX,48,Briscoe,48045,2016,,,,,,,,,,,,,,,
TX,48,Briscoe,48045,2017,,,,,,,,,,,,,,,
TX,48,Briscoe,48045,2018,,,,,,,,,,,,,,,
TX,48,Briscoe,48045,2019,,,,,,,,,,,,,,,
TX,48,Briscoe,48045,2020,,,,,,,,,,,,,,,
TX,48,Briscoe,48045,2021,,,,,,,,,,,,,,,
TX,48,Briscoe,48045,2022,,,,,,,,,,,,,,,
TX,48,Brooks,48047,2000,,,,,,,,,,,,,,,
TX,48,Brooks,48047,2001,,,,,,,,,,,,,,,
TX,48,Brooks,48047,2002,807125633.0,,,,,,,,,,,,,,
TX,48,Brooks,48047,2003,,,,,,,,,,,,,,,
TX,48,Brooks,48047,2004,,,,,,,,,,,,,,,
TX,48,Brooks,48047,2005,,,,,,,,,,,,,,,
TX,48,Brooks,48047,2006,,,,,,,,,,,,,,,
TX,48,Brooks,48047,2007,,,,,,,,,,,,,,,
TX,48,Brooks,48047,2008,,,,,,,,,,,,,,,
TX,48,Brooks,48047,2009,,,,,,,,,,,,,,,
TX,48,Brooks,48047,2010,,,,,,,,,,,,,,,
TX,48,Brooks,48047,2011,,,,,,,,,,,,,,,
TX,48,Brooks,48047,2012,,,,,,,,,,,,,,,
TX,48,Brooks,48047,2013,,,,,,,,,,,,,,,
TX,48,Brooks,48047,2014,,,,,,,,,,,,,,,
TX,48,Brooks,48047,2015,,,,,,,,,,,,,,,
TX,48,Brooks,48047,2016,,,,,,,,,,,,,,,
TX,48,Brooks,48047,2017,,,,,,,,,,,,,,,
TX,48,Brooks,48047,2018,,,,,,,,,,,,,,,
TX,48,Brooks,48047,2019,,,,,,,,,,,,,,,
TX,48,Brooks,48047,2020,,,,,,,,,,,,,,,
TX,48,Brooks,48047,2021,,,,,,,,,,,,,,,
TX,48,Brooks,48047,2022,,,,,,,,,,,,,,,
TX,48,Brown,48049,2000,,,,,,,,,,,,,,,
TX,48,Brown,48049,2001,,,,,,,,,,,,,,,
TX,48,Brown,48049,2002,1755446456.0,,,,,,,,,,,,,,
TX,48,Brown,48049,2003,,,,,,,,,,,,,,,
TX,48,Brown,48049,2004,,,,,,,,,,,,,,,
TX,48,Brown,48049,2005,,,,,,,,,,,,,,,
TX,48,Brown,48049,2006,,,,,,,,,,,,,,,
TX,48,Brown,48049,2007,,,,,,,,,,,,,,,
TX,48,Brown,48049,2008,,,,,,,,,,,,,,,
TX,48,Brown,48049,2009,,,,,,,,,,,,,,,
TX,48,Brown,48049,2010,,,,,,,,,,,,,,,
TX,48,Brown,48049,2011,,,,,,,,,,,,,,,
TX,48,Brown,48049,2012,,,,,,,,,,,,,,,
TX,48,Brown,48049,2013,,,,,,,,,,,,,,,
TX,48,Brown,48049,2014,,,,,,,,,,,,,,,
TX,48,Brown,48049,2015,,,,,,,,,,,,,,,
TX,48,Brown,48049,2016,,,,,,,,,,,,,,,
TX,48,Brown,48049,2017,,,,,,,,,,,,,,,
TX,48,Brown,48049,2018,,,,,,,,,,,,,,,
TX,48,Brown,48049,2019,,,,,,,,,,,,,,,
TX,48,Brown,48049,2020,,,,,,,,,,,,,,,
TX,48,Brown,48049,2021,,,,,,,,,,,,,,,
TX,48,Brown,48049,2022,,,,,,,,,,,,,,,
TX,48,Burleson,48051,2000,,,,,,,,,,,,,,,
TX,48,Burleson,48051,2001,,,,,,,,,,,,,,,
TX,48,Burleson,48051,2002,1079309857.0,,,,,,,,,,,,,,
TX,48,Burleson,48051,2003,,,,,,,,,,,,,,,
TX,48,Burleson,48051,2004,,,,,,,,,,,,,,,
TX,48,Burleson,48051,2005,,,,,,,,,,,,,,,
TX,48,Burleson,48051,2006,,,,,,,,,,,,,,,
TX,48,Burleson,48051,2007,,,,,,,,,,,,,,,
TX,48,Burleson,48051,2008,,,,,,,,,,,,,,,
TX,48,Burleson,48051,2009,,,,,,,,,,,,,,,
TX,48,Burleson,48051,2010,,,,,,,,,,,,,,,
TX,48,Burleson,48051,2011,,,,,,,,,,,,,,,
TX,48,Burleson,48051,2012,,,,,,,,,,,,,,,
TX,48,Burleson,48051,2013,,,,,,,,,,,,,,,
TX,48,Burleson,48051,2014,,,,,,,,,,,,,,,
TX,48,Burleson,48051,2015,,,,,,,,,,,,,,,
TX,48,Burleson,48051,2016,,,,,,,,,,,,,,,
TX,48,Burleson,48051,2017,,,,,,,,,,,,,,,
TX,48,Burleson,48051,2018,,,,,,,,,,,,,,,
TX,48,Burleson,48051,2019,,,,,,,,,,,,,,,
TX,48,Burleson,48051,2020,,,,,,,,,,,,,,,
TX,48,Burleson,48051,2021,,,,,,,,,,,,,,,
TX,48,Burleson,48051,2022,,,,,,,,,,,,,,,
TX,48,Burnet,48053,2000,,,,,,,,,,,,,,,
TX,48,Burnet,48053,2001,,,,,,,,,,,,,,,
TX,48,Burnet,48053,2002,3016993352.0,,,,,,,,,,,,,,
TX,48,Burnet,48053,2003,,,,,,,,,,,,,,,
TX,48,Burnet,48053,2004,,,,,,,,,,,,,,,
TX,48,Burnet,48053,2005,,,,,,,,,,,,,,,
TX,48,Burnet,48053,2006,,,,,,,,,,,,,,,
TX,48,Burnet,48053,2007,,,,,,,,,,,,,,,
TX,48,Burnet,48053,2008,,,,,,,,,,,,,,,
TX,48,Burnet,48053,2009,,,,,,,,,,,,,,,
TX,48,Burnet,48053,2010,,,,,,,,,,,,,,,
TX,48,Burnet,48053,2011,,,,,,,,,,,,,,,
TX,48,Burnet,48053,2012,,,,,,,,,,,,,,,
TX,48,Burnet,48053,2013,,,,,,,,,,,,,,,
TX,48,Burnet,48053,2014,,,,,,,,,,,,,,,
TX,48,Burnet,48053,2015,,,,,,,,,,,,,,,
TX,48,Burnet,48053,2016,,,,,,,,,,,,,,,
TX,48,Burnet,48053,2017,,,,,,,,,,,,,,,
TX,48,Burnet,48053,2018,,,,,,,,,,,,,,,
TX,48,Burnet,48053,2019,,,,,,,,,,,,,,,
TX,48,Burnet,48053,2020,,,,,,,,,,,,,,,
TX,48,Burnet,48053,2021,,,,,,,,,,,,,,,
TX,48,Burnet,48053,2022,,,,,,,,,,,,,,,
TX,48,Caldwell,48055,2000,,,,,,,,,,,,,,,
TX,48,Caldwell,48055,2001,,,,,,,,,,,,,,,
TX,48,Caldwell,48055,2002,1543925791.0,,,,,,,,,,,,,,
TX,48,Caldwell,48055,2003,,,,,,,,,,,,,,,
TX,48,Caldwell,48055,2004,,,,,,,,,,,,,,,
TX,48,Caldwell,48055,2005,,,,,,,,,,,,,,,
TX,48,Caldwell,48055,2006,,,,,,,,,,,,,,,
TX,48,Caldwell,48055,2007,,,,,,,,,,,,,,,
TX,48,Caldwell,48055,2008,,,,,,,,,,,,,,,
TX,48,Caldwell,48055,2009,,,,,,,,,,,,,,,
TX,48,Caldwell,48055,2010,,,,,,,,,,,,,,,
TX,48,Caldwell,48055,2011,,,,,,,,,,,,,,,
TX,48,Caldwell,48055,2012,,,,,,,,,,,,,,,
TX,48,Caldwell,48055,2013,,,,,,,,,,,,,,,
TX,48,Caldwell,48055,2014,,,,,,,,,,,,,,,
TX,48,Caldwell,48055,2015,,,,,,,,,,,,,,,
TX,48,Caldwell,48055,2016,,,,,,,,,,,,,,,
TX,48,Caldwell,48055,2017,,,,,,,,,,,,,,,
TX,48,Caldwell,48055,2018,,,,,,,,,,,,,,,
TX,48,Caldwell,48055,2019,,,,,,,,,,,,,,,
TX,48,Caldwell,48055,2020,,,,,,,,,,,,,,,
TX,48,Caldwell,48055,2021,,,,,,,,,,,,,,,
TX,48,Caldwell,48055,2022,,,,,,,,,,,,,,,
TX,48,Calhoun,48057,2000,,,,,,,,,,,,,,,
TX,48,Calhoun,48057,2001,,,,,,,,,,,,,,,
TX,48,Calhoun,48057,2002,3945104263.0,,,,,,,,,,,,,,
TX,48,Calhoun,48057,2003,,,,,,,,,,,,,,,
TX,48,Calhoun,48057,2004,,,,,,,,,,,,,,,
TX,48,Calhoun,48057,2005,,,,,,,,,,,,,,,
TX,48,Calhoun,48057,2006,,,,,,,,,,,,,,,
TX,48,Calhoun,48057,2007,,,,,,,,,,,,,,,
TX,48,Calhoun,48057,2008,,,,,,,,,,,,,,,
TX,48,Calhoun,48057,2009,,,,,,,,,,,,,,,
TX,48,Calhoun,48057,2010,,,,,,,,,,,,,,,
TX,48,Calhoun,48057,2011,,,,,,,,,,,,,,,
TX,48,Calhoun,48057,2012,,,,,,,,,,,,,,,
TX,48,Calhoun,48057,2013,,,,,,,,,,,,,,,
TX,48,Calhoun,48057,2014,,,,,,,,,,,,,,,
TX,48,Calhoun,48057,2015,,,,,,,,,,,,,,,
TX,48,Calhoun,48057,2016,,,,,,,,,,,,,,,
TX,48,Calhoun,48057,2017,,,,,,,,,,,,,,,
TX,48,Calhoun,48057,2018,,,,,,,,,,,,,,,
TX,48,Calhoun,48057,2019,,,,,,,,,,,,,,,
TX,48,Calhoun,48057,2020,,,,,,,,,,,,,,,
TX,48,Calhoun,48057,2021,,,,,,,,,,,,,,,
TX,48,Calhoun,48057,2022,,,,,,,,,,,,,,,
TX,48,Callahan,48059,2000,,,,,,,,,,,,,,,
TX,48,Callahan,48059,2001,,,,,,,,,,,,,,,
TX,48,Callahan,48059,2002,595552196.0,,,,,,,,,,,,,,
TX,48,Callahan,48059,2003,,,,,,,,,,,,,,,
TX,48,Callahan,48059,2004,,,,,,,,,,,,,,,
TX,48,Callahan,48059,2005,,,,,,,,,,,,,,,
TX,48,Callahan,48059,2006,,,,,,,,,,,,,,,
TX,48,Callahan,48059,2007,,,,,,,,,,,,,,,
TX,48,Callahan,48059,2008,,,,,,,,,,,,,,,
TX,48,Callahan,48059,2009,,,,,,,,,,,,,,,
TX,48,Callahan,48059,2010,,,,,,,,,,,,,,,
TX,48,Callahan,48059,2011,,,,,,,,,,,,,,,
TX,48,Callahan,48059,2012,,,,,,,,,,,,,,,
TX,48,Callahan,48059,2013,,,,,,,,,,,,,,,
TX,48,Callahan,48059,2014,,,,,,,,,,,,,,,
TX,48,Callahan,48059,2015,,,,,,,,,,,,,,,
TX,48,Callahan,48059,2016,,,,,,,,,,,,,,,
TX,48,Callahan,48059,2017,,,,,,,,,,,,,,,
TX,48,Callahan,48059,2018,,,,,,,,,,,,,,,
TX,48,Callahan,48059,2019,,,,,,,,,,,,,,,
TX,48,Callahan,48059,2020,,,,,,,,,,,,,,,
TX,48,Callahan,48059,2021,,,,,,,,,,,,,,,
TX,48,Callahan,48059,2022,,,,,,,,,,,,,,,
TX,48,Cameron,48061,2000,,,,,,,,,,,,,,,
TX,48,Cameron,48061,2001,,,,,,,,,,,,,,,
TX,48,Cameron,48061,2002,9917486101.0,,,,,,,,,,,,,,
TX,48,Cameron,48061,2003,,,,,,,,,,,,,,,
TX,48,Cameron,48061,2004,,,,,,,,,,,,,,,
TX,48,Cameron,48061,2005,,,,,,,,,,,,,,,
TX,48,Cameron,48061,2006,,,,,,,,,,,,,,,
TX,48,Cameron,48061,2007,,,,,,,,,,,,,,,
TX,48,Cameron,48061,2008,,,,,,,,,,,,,,,
TX,48,Cameron,48061,2009,,,,,,,,,,,,,,,
TX,48,Cameron,48061,2010,,,,,,,,,,,,,,,
TX,48,Cameron,48061,2011,,,,,,,,,,,,,,,
TX,48,Cameron,48061,2012,,,,,,,,,,,,,,,
TX,48,Cameron,48061,2013,,,,,,,,,,,,,,,
TX,48,Cameron,48061,2014,,,,,,,,,,,,,,,
TX,48,Cameron,48061,2015,,,,,,,,,,,,,,,
TX,48,Cameron,48061,2016,,,,,,,,,,,,,,,
TX,48,Cameron,48061,2017,,,,,,,,,,,,,,,
TX,48,Cameron,48061,2018,,,,,,,,,,,,,,,
TX,48,Cameron,48061,2019,,,,,,,,,,,,,,,
TX,48,Cameron,48061,2020,,,,,,,,,,,,,,,
TX,48,Cameron,48061,2021,,,,,,,,,,,,,,,
TX,48,Cameron,48061,2022,,,,,,,,,,,,,,,
TX,48,Camp,48063,2000,,,,,,,,,,,,,,,
TX,48,Camp,48063,2001,,,,,,,,,,,,,,,
TX,48,Camp,48063,2002,530240915.0,,,,,,,,,,,,,,
TX,48,Camp,48063,2003,,,,,,,,,,,,,,,
TX,48,Camp,48063,2004,,,,,,,,,,,,,,,
TX,48,Camp,48063,2005,,,,,,,,,,,,,,,
TX,48,Camp,48063,2006,,,,,,,,,,,,,,,
TX,48,Camp,48063,2007,,,,,,,,,,,,,,,
TX,48,Camp,48063,2008,,,,,,,,,,,,,,,
TX,48,Camp,48063,2009,,,,,,,,,,,,,,,
TX,48,Camp,48063,2010,,,,,,,,,,,,,,,
TX,48,Camp,48063,2011,,,,,,,,,,,,,,,
TX,48,Camp,48063,2012,,,,,,,,,,,,,,,
TX,48,Camp,48063,2013,,,,,,,,,,,,,,,
TX,48,Camp,48063,2014,,,,,,,,,,,,,,,
TX,48,Camp,48063,2015,,,,,,,,,,,,,,,
TX,48,Camp,48063,2016,,,,,,,,,,,,,,,
TX,48,Camp,48063,2017,,,,,,,,,,,,,,,
TX,48,Camp,48063,2018,,,,,,,,,,,,,,,
TX,48,Camp,48063,2019,,,,,,,,,,,,,,,
TX,48,Camp,48063,2020,,,,,,,,,,,,,,,
TX,48,Camp,48063,2021,,,,,,,,,,,,,,,
TX,48,Camp,48063,2022,,,,,,,,,,,,,,,
TX,48,Carson,48065,2000,,,,,,,,,,,,,,,
TX,48,Carson,48065,2001,,,,,,,,,,,,,,,
TX,48,Carson,48065,2002,736412692.0,,,,,,,,,,,,,,
TX,48,Carson,48065,2003,,,,,,,,,,,,,,,
TX,48,Carson,48065,2004,,,,,,,,,,,,,,,
TX,48,Carson,48065,2005,,,,,,,,,,,,,,,
TX,48,Carson,48065,2006,,,,,,,,,,,,,,,
TX,48,Carson,48065,2007,,,,,,,,,,,,,,,
TX,48,Carson,48065,2008,,,,,,,,,,,,,,,
TX,48,Carson,48065,2009,,,,,,,,,,,,,,,
TX,48,Carson,48065,2010,,,,,,,,,,,,,,,
TX,48,Carson,48065,2011,,,,,,,,,,,,,,,
TX,48,Carson,48065,2012,,,,,,,,,,,,,,,
TX,48,Carson,48065,2013,,,,,,,,,,,,,,,
TX,48,Carson,48065,2014,,,,,,,,,,,,,,,
TX,48,Carson,48065,2015,,,,,,,,,,,,,,,
TX,48,Carson,48065,2016,,,,,,,,,,,,,,,
TX,48,Carson,48065,2017,,,,,,,,,,,,,,,
TX,48,Carson,48065,2018,,,,,,,,,,,,,,,
TX,48,Carson,48065,2019,,,,,,,,,,,,,,,
TX,48,Carson,48065,2020,,,,,,,,,,,,,,,
TX,48,Carson,48065,2021,,,,,,,,,,,,,,,
TX,48,Carson,48065,2022,,,,,,,,,,,,,,,
TX,48,Cass,48067,2000,,,,,,,,,,,,,,,
TX,48,Cass,48067,2001,,,,,,,,,,,,,,,
TX,48,Cass,48067,2002,1351057500.0,,,,,,,,,,,,,,
TX,48,Cass,48067,2003,,,,,,,,,,,,,,,
TX,48,Cass,48067,2004,,,,,,,,,,,,,,,
TX,48,Cass,48067,2005,,,,,,,,,,,,,,,
TX,48,Cass,48067,2006,,,,,,,,,,,,,,,
TX,48,Cass,48067,2007,,,,,,,,,,,,,,,
TX,48,Cass,48067,2008,,,,,,,,,,,,,,,
TX,48,Cass,48067,2009,,,,,,,,,,,,,,,
TX,48,Cass,48067,2010,,,,,,,,,,,,,,,
TX,48,Cass,48067,2011,,,,,,,,,,,,,,,
TX,48,Cass,48067,2012,,,,,,,,,,,,,,,
TX,48,Cass,48067,2013,,,,,,,,,,,,,,,
TX,48,Cass,48067,2014,,,,,,,,,,,,,,,
TX,48,Cass,48067,2015,,,,,,,,,,,,,,,
TX,48,Cass,48067,2016,,,,,,,,,,,,,,,
TX,48,Cass,48067,2017,,,,,,,,,,,,,,,
TX,48,Cass,48067,2018,,,,,,,,,,,,,,,
TX,48,Cass,48067,2019,,,,,,,,,,,,,,,
TX,48,Cass,48067,2020,,,,,,,,,,,,,,,
TX,48,Cass,48067,2021,,,,,,,,,,,,,,,
TX,48,Cass,48067,2022,,,,,,,,,,,,,,,
TX,48,Castro,48069,2000,,,,,,,,,,,,,,,
TX,48,Castro,48069,2001,,,,,,,,,,,,,,,
TX,48,Castro,48069,2002,515962061.0,,,,,,,,,,,,,,
TX,48,Castro,48069,2003,,,,,,,,,,,,,,,
TX,48,Castro,48069,2004,,,,,,,,,,,,,,,
TX,48,Castro,48069,2005,,,,,,,,,,,,,,,
TX,48,Castro,48069,2006,,,,,,,,,,,,,,,
TX,48,Castro,48069,2007,,,,,,,,,,,,,,,
TX,48,Castro,48069,2008,,,,,,,,,,,,,,,
TX,48,Castro,48069,2009,,,,,,,,,,,,,,,
TX,48,Castro,48069,2010,,,,,,,,,,,,,,,
TX,48,Castro,48069,2011,,,,,,,,,,,,,,,
TX,48,Castro,48069,2012,,,,,,,,,,,,,,,
TX,48,Castro,48069,2013,,,,,,,,,,,,,,,
TX,48,Castro,48069,2014,,,,,,,,,,,,,,,
TX,48,Castro,48069,2015,,,,,,,,,,,,,,,
TX,48,Castro,48069,2016,,,,,,,,,,,,,,,
TX,48,Castro,48069,2017,,,,,,,,,,,,,,,
TX,48,Castro,48069,2018,,,,,,,,,,,,,,,
TX,48,Castro,48069,2019,,,,,,,,,,,,,,,
TX,48,Castro,48069,2020,,,,,,,,,,,,,,,
TX,48,Castro,48069,2021,,,,,,,,,,,,,,,
TX,48,Castro,48069,2022,,,,,,,,,,,,,,,
TX,48,Chambers,48071,2000,,,,,,,,,,,,,,,
TX,48,Chambers,48071,2001,,,,,,,,,,,,,,,
TX,48,Chambers,48071,2002,4674961510.0,,,,,,,,,,,,,,
TX,48,Chambers,48071,2003,,,,,,,,,,,,,,,
TX,48,Chambers,48071,2004,,,,,,,,,,,,,,,
TX,48,Chambers,48071,2005,,,,,,,,,,,,,,,
TX,48,Chambers,48071,2006,,,,,,,,,,,,,,,
TX,48,Chambers,48071,2007,,,,,,,,,,,,,,,
TX,48,Chambers,48071,2008,,,,,,,,,,,,,,,
TX,48,Chambers,48071,2009,,,,,,,,,,,,,,,
TX,48,Chambers,48071,2010,,,,,,,,,,,,,,,
TX,48,Chambers,48071,2011,,,,,,,,,,,,,,,
TX,48,Chambers,48071,2012,,,,,,,,,,,,,,,
TX,48,Chambers,48071,2013,,,,,,,,,,,,,,,
TX,48,Chambers,48071,2014,,,,,,,,,,,,,,,
TX,48,Chambers,48071,2015,,,,,,,,,,,,,,,
TX,48,Chambers,48071,2016,,,,,,,,,,,,,,,
TX,48,Chambers,48071,2017,,,,,,,,,,,,,,,
TX,48,Chambers,48071,2018,,,,,,,,,,,,,,,
TX,48,Chambers,48071,2019,,,,,,,,,,,,,,,
TX,48,Chambers,48071,2020,,,,,,,,,,,,,,,
TX,48,Chambers,48071,2021,,,,,,,,,,,,,,,
TX,48,Chambers,48071,2022,,,,,,,,,,,,,,,
TX,48,Cherokee,48073,2000,,,,,,,,,,,,,,,
TX,48,Cherokee,48073,2001,,,,,,,,,,,,,,,
TX,48,Cherokee,48073,2002,1785277159.0,,,,,,,,,,,,,,
TX,48,Cherokee,48073,2003,,,,,,,,,,,,,,,
TX,48,Cherokee,48073,2004,,,,,,,,,,,,,,,
TX,48,Cherokee,48073,2005,,,,,,,,,,,,,,,
TX,48,Cherokee,48073,2006,,,,,,,,,,,,,,,
TX,48,Cherokee,48073,2007,,,,,,,,,,,,,,,
TX,48,Cherokee,48073,2008,,,,,,,,,,,,,,,
TX,48,Cherokee,48073,2009,,,,,,,,,,,,,,,
TX,48,Cherokee,48073,2010,,,,,,,,,,,,,,,
TX,48,Cherokee,48073,2011,,,,,,,,,,,,,,,
TX,48,Cherokee,48073,2012,,,,,,,,,,,,,,,
TX,48,Cherokee,48073,2013,,,,,,,,,,,,,,,
TX,48,Cherokee,48073,2014,,,,,,,,,,,,,,,
TX,48,Cherokee,48073,2015,,,,,,,,,,,,,,,
TX,48,Cherokee,48073,2016,,,,,,,,,,,,,,,
TX,48,Cherokee,48073,2017,,,,,,,,,,,,,,,
TX,48,Cherokee,48073,2018,,,,,,,,,,,,,,,
TX,48,Cherokee,48073,2019,,,,,,,,,,,,,,,
TX,48,Cherokee,48073,2020,,,,,,,,,,,,,,,
TX,48,Cherokee,48073,2021,,,,,,,,,,,,,,,
TX,48,Cherokee,48073,2022,,,,,,,,,,,,,,,
TX,48,Childress,48075,2000,,,,,,,,,,,,,,,
TX,48,Childress,48075,2001,,,,,,,,,,,,,,,
TX,48,Childress,48075,2002,260380518.0,,,,,,,,,,,,,,
TX,48,Childress,48075,2003,,,,,,,,,,,,,,,
TX,48,Childress,48075,2004,,,,,,,,,,,,,,,
TX,48,Childress,48075,2005,,,,,,,,,,,,,,,
TX,48,Childress,48075,2006,,,,,,,,,,,,,,,
TX,48,Childress,48075,2007,,,,,,,,,,,,,,,
TX,48,Childress,48075,2008,,,,,,,,,,,,,,,
TX,48,Childress,48075,2009,,,,,,,,,,,,,,,
TX,48,Childress,48075,2010,,,,,,,,,,,,,,,
TX,48,Childress,48075,2011,,,,,,,,,,,,,,,
TX,48,Childress,48075,2012,,,,,,,,,,,,,,,
TX,48,Childress,48075,2013,,,,,,,,,,,,,,,
TX,48,Childress,48075,2014,,,,,,,,,,,,,,,
TX,48,Childress,48075,2015,,,,,,,,,,,,,,,
TX,48,Childress,48075,2016,,,,,,,,,,,,,,,
TX,48,Childress,48075,2017,,,,,,,,,,,,,,,
TX,48,Childress,48075,2018,,,,,,,,,,,,,,,
TX,48,Childress,48075,2019,,,,,,,,,,,,,,,
TX,48,Childress,48075,2020,,,,,,,,,,,,,,,
TX,48,Childress,48075,2021,,,,,,,,,,,,,,,
TX,48,Childress,48075,2022,,,,,,,,,,,,,,,
TX,48,Clay,48077,2000,,,,,,,,,,,,,,,
TX,48,Clay,48077,2001,,,,,,,,,,,,,,,
TX,48,Clay,48077,2002,738944791.0,,,,,,,,,,,,,,
TX,48,Clay,48077,2003,,,,,,,,,,,,,,,
TX,48,Clay,48077,2004,,,,,,,,,,,,,,,
TX,48,Clay,48077,2005,,,,,,,,,,,,,,,
TX,48,Clay,48077,2006,,,,,,,,,,,,,,,
TX,48,Clay,48077,2007,,,,,,,,,,,,,,,
TX,48,Clay,48077,2008,,,,,,,,,,,,,,,
TX,48,Clay,48077,2009,,,,,,,,,,,,,,,
TX,48,Clay,48077,2010,,,,,,,,,,,,,,,
TX,48,Clay,48077,2011,,,,,,,,,,,,,,,
TX,48,Clay,48077,2012,,,,,,,,,,,,,,,
TX,48,Clay,48077,2013,,,,,,,,,,,,,,,
TX,48,Clay,48077,2014,,,,,,,,,,,,,,,
TX,48,Clay,48077,2015,,,,,,,,,,,,,,,
TX,48,Clay,48077,2016,,,,,,,,,,,,,,,
TX,48,Clay,48077,2017,,,,,,,,,,,,,,,
TX,48,Clay,48077,2018,,,,,,,,,,,,,,,
TX,48,Clay,48077,2019,,,,,,,,,,,,,,,
TX,48,Clay,48077,2020,,,,,,,,,,,,,,,
TX,48,Clay,48077,2021,,,,,,,,,,,,,,,
TX,48,Clay,48077,2022,,,,,,,,,,,,,,,
TX,48,Cochran,48079,2000,,,,,,,,,,,,,,,
TX,48,Cochran,48079,2001,,,,,,,,,,,,,,,
TX,48,Cochran,48079,2002,351027150.0,,,,,,,,,,,,,,
TX,48,Cochran,48079,2003,,,,,,,,,,,,,,,
TX,48,Cochran,48079,2004,,,,,,,,,,,,,,,
TX,48,Cochran,48079,2005,,,,,,,,,,,,,,,
TX,48,Cochran,48079,2006,,,,,,,,,,,,,,,
TX,48,Cochran,48079,2007,,,,,,,,,,,,,,,
TX,48,Cochran,48079,2008,,,,,,,,,,,,,,,
TX,48,Cochran,48079,2009,,,,,,,,,,,,,,,
TX,48,Cochran,48079,2010,,,,,,,,,,,,,,,
TX,48,Cochran,48079,2011,,,,,,,,,,,,,,,
TX,48,Cochran,48079,2012,,,,,,,,,,,,,,,
TX,48,Cochran,48079,2013,,,,,,,,,,,,,,,
TX,48,Cochran,48079,2014,,,,,,,,,,,,,,,
TX,48,Cochran,48079,2015,,,,,,,,,,,,,,,
TX,48,Cochran,48079,2016,,,,,,,,,,,,,,,
TX,48,Cochran,48079,2017,,,,,,,,,,,,,,,
TX,48,Cochran,48079,2018,,,,,,,,,,,,,,,
TX,48,Cochran,48079,2019,,,,,,,,,,,,,,,
TX,48,Cochran,48079,2020,,,,,,,,,,,,,,,
TX,48,Cochran,48079,2021,,,,,,,,,,,,,,,
TX,48,Cochran,48079,2022,,,,,,,,,,,,,,,
TX,48,Coke,48081,2000,,,,,,,,,,,,,,,
TX,48,Coke,48081,2001,,,,,,,,,,,,,,,
TX,48,Coke,48081,2002,348300336.0,,,,,,,,,,,,,,
TX,48,Coke,48081,2003,,,,,,,,,,,,,,,
TX,48,Coke,48081,2004,,,,,,,,,,,,,,,
TX,48,Coke,48081,2005,,,,,,,,,,,,,,,
TX,48,Coke,48081,2006,,,,,,,,,,,,,,,
TX,48,Coke,48081,2007,,,,,,,,,,,,,,,
TX,48,Coke,48081,2008,,,,,,,,,,,,,,,
TX,48,Coke,48081,2009,,,,,,,,,,,,,,,
TX,48,Coke,48081,2010,,,,,,,,,,,,,,,
TX,48,Coke,48081,2011,,,,,,,,,,,,,,,
TX,48,Coke,48081,2012,,,,,,,,,,,,,,,
TX,48,Coke,48081,2013,,,,,,,,,,,,,,,
TX,48,Coke,48081,2014,,,,,,,,,,,,,,,
TX,48,Coke,48081,2015,,,,,,,,,,,,,,,
TX,48,Coke,48081,2016,,,,,,,,,,,,,,,
TX,48,Coke,48081,2017,,,,,,,,,,,,,,,
TX,48,Coke,48081,2018,,,,,,,,,,,,,,,
TX,48,Coke,48081,2019,,,,,,,,,,,,,,,
TX,48,Coke,48081,2020,,,,,,,,,,,,,,,
TX,48,Coke,48081,2021,,,,,,,,,,,,,,,
TX,48,Coke,48081,2022,,,,,,,,,,,,,,,
TX,48,Coleman,48083,2000,,,,,,,,,,,,,,,
TX,48,Coleman,48083,2001,,,,,,,,,,,,,,,
TX,48,Coleman,48083,2002,600264046.0,,,,,,,,,,,,,,
TX,48,Coleman,48083,2003,,,,,,,,,,,,,,,
TX,48,Coleman,48083,2004,,,,,,,,,,,,,,,
TX,48,Coleman,48083,2005,,,,,,,,,,,,,,,
TX,48,Coleman,48083,2006,,,,,,,,,,,,,,,
TX,48,Coleman,48083,2007,,,,,,,,,,,,,,,
TX,48,Coleman,48083,2008,,,,,,,,,,,,,,,
TX,48,Coleman,48083,2009,,,,,,,,,,,,,,,
TX,48,Coleman,48083,2010,,,,,,,,,,,,,,,
TX,48,Coleman,48083,2011,,,,,,,,,,,,,,,
TX,48,Coleman,48083,2012,,,,,,,,,,,,,,,
TX,48,Coleman,48083,2013,,,,,,,,,,,,,,,
TX,48,Coleman,48083,2014,,,,,,,,,,,,,,,
TX,48,Coleman,48083,2015,,,,,,,,,,,,,,,
TX,48,Coleman,48083,2016,,,,,,,,,,,,,,,
TX,48,Coleman,48083,2017,,,,,,,,,,,,,,,
TX,48,Coleman,48083,2018,,,,,,,,,,,,,,,
TX,48,Coleman,48083,2019,,,,,,,,,,,,,,,
TX,48,Coleman,48083,2020,,,,,,,,,,,,,,,
TX,48,Coleman,48083,2021,,,,,,,,,,,,,,,
TX,48,Coleman,48083,2022,,,,,,,,,,,,,,,
TX,48,Collin,48085,2000,,,,,,,,,,,,,,,
TX,48,Collin,48085,2001,,,,,,,,,,,,,,,
TX,48,Collin,48085,2002,52941922620.0,,,,,,,,,,,,,,
TX,48,Collin,48085,2003,,,,,,,,,,,,,,,
TX,48,Collin,48085,2004,,,,,,,,,,,,,,,
TX,48,Collin,48085,2005,,,,,,,,,,,,,,,
TX,48,Collin,48085,2006,,,,,,,,,,,,,,,
TX,48,Collin,48085,2007,,,,,,,,,,,,,,,
TX,48,Collin,48085,2008,,,,,,,,,,,,,,,
TX,48,Collin,48085,2009,,,,,,,,,,,,,,,
TX,48,Collin,48085,2010,,,,,,,,,,,,,,,
TX,48,Collin,48085,2011,,,,,,,,,,,,,,,
TX,48,Collin,48085,2012,,,,,,,,,,,,,,,
TX,48,Collin,48085,2013,,,,,,,,,,,,,,,
TX,48,Collin,48085,2014,,,,,,,,,,,,,,,
TX,48,Collin,48085,2015,,,,,,,,,,,,,,,
TX,48,Collin,48085,2016,,,,,,,,,,,,,,,
TX,48,Collin,48085,2017,,,,,,,,,,,,,,,
TX,48,Collin,48085,2018,,,,,,,,,,,,,,,
TX,48,Collin,48085,2019,,,,,,,,,,,,,,,
TX,48,Collin,48085,2020,,,,,,,,,,,,,,,
TX,48,Collin,48085,2021,,,,,,,,,,,,,,,
TX,48,Collin,48085,2022,,,,,,,,,,,,,,,
TX,48,Collingsworth,48087,2000,,,,,,,,,,,,,,,
TX,48,Collingsworth,48087,2001,,,,,,,,,,,,,,,
TX,48,Collingsworth,48087,2002,234438740.0,,,,,,,,,,,,,,
TX,48,Collingsworth,48087,2003,,,,,,,,,,,,,,,
TX,48,Collingsworth,48087,2004,,,,,,,,,,,,,,,
TX,48,Collingsworth,48087,2005,,,,,,,,,,,,,,,
TX,48,Collingsworth,48087,2006,,,,,,,,,,,,,,,
TX,48,Collingsworth,48087,2007,,,,,,,,,,,,,,,
TX,48,Collingsworth,48087,2008,,,,,,,,,,,,,,,
TX,48,Collingsworth,48087,2009,,,,,,,,,,,,,,,
TX,48,Collingsworth,48087,2010,,,,,,,,,,,,,,,
TX,48,Collingsworth,48087,2011,,,,,,,,,,,,,,,
TX,48,Collingsworth,48087,2012,,,,,,,,,,,,,,,
TX,48,Collingsworth,48087,2013,,,,,,,,,,,,,,,
TX,48,Collingsworth,48087,2014,,,,,,,,,,,,,,,
TX,48,Collingsworth,48087,2015,,,,,,,,,,,,,,,
TX,48,Collingsworth,48087,2016,,,,,,,,,,,,,,,
TX,48,Collingsworth,48087,2017,,,,,,,,,,,,,,,
TX,48,Collingsworth,48087,2018,,,,,,,,,,,,,,,
TX,48,Collingsworth,48087,2019,,,,,,,,,,,,,,,
TX,48,Collingsworth,48087,2020,,,,,,,,,,,,,,,
TX,48,Collingsworth,48087,2021,,,,,,,,,,,,,,,
TX,48,Collingsworth,48087,2022,,,,,,,,,,,,,,,
TX,48,Colorado,48089,2000,,,,,,,,,,,,,,,
TX,48,Colorado,48089,2001,,,,,,,,,,,,,,,
TX,48,Colorado,48089,2002,1817811688.0,,,,,,,,,,,,,,
TX,48,Colorado,48089,2003,,,,,,,,,,,,,,,
TX,48,Colorado,48089,2004,,,,,,,,,,,,,,,
TX,48,Colorado,48089,2005,,,,,,,,,,,,,,,
TX,48,Colorado,48089,2006,,,,,,,,,,,,,,,
TX,48,Colorado,48089,2007,,,,,,,,,,,,,,,
TX,48,Colorado,48089,2008,,,,,,,,,,,,,,,
TX,48,Colorado,48089,2009,,,,,,,,,,,,,,,
TX,48,Colorado,48089,2010,,,,,,,,,,,,,,,
TX,48,Colorado,48089,2011,,,,,,,,,,,,,,,
TX,48,Colorado,48089,2012,,,,,,,,,,,,,,,
TX,48,Colorado,48089,2013,,,,,,,,,,,,,,,
TX,48,Colorado,48089,2014,,,,,,,,,,,,,,,
TX,48,Colorado,48089,2015,,,,,,,,,,,,,,,
TX,48,Colorado,48089,2016,,,,,,,,,,,,,,,
TX,48,Colorado,48089,2017,,,,,,,,,,,,,,,
TX,48,Colorado,48089,2018,,,,,,,,,,,,,,,
TX,48,Colorado,48089,2019,,,,,,,,,,,,,,,
TX,48,Colorado,48089,2020,,,,,,,,,,,,,,,
TX,48,Colorado,48089,2021,,,,,,,,,,,,,,,
TX,48,Colorado,48089,2022,,,,,,,,,,,,,,,
TX,48,Comal,48091,2000,,,,,,,,,,,,,,,
TX,48,Comal,48091,2001,,,,,,,,,,,,,,,
TX,48,Comal,48091,2002,6278593069.0,,,,,,,,,,,,,,
TX,48,Comal,48091,2003,,,,,,,,,,,,,,,
TX,48,Comal,48091,2004,,,,,,,,,,,,,,,
TX,48,Comal,48091,2005,,,,,,,,,,,,,,,
TX,48,Comal,48091,2006,,,,,,,,,,,,,,,
TX,48,Comal,48091,2007,,,,,,,,,,,,,,,
TX,48,Comal,48091,2008,,,,,,,,,,,,,,,
TX,48,Comal,48091,2009,,,,,,,,,,,,,,,
TX,48,Comal,48091,2010,,,,,,,,,,,,,,,
TX,48,Comal,48091,2011,,,,,,,,,,,,,,,
TX,48,Comal,48091,2012,,,,,,,,,,,,,,,
TX,48,Comal,48091,2013,,,,,,,,,,,,,,,
TX,48,Comal,48091,2014,,,,,,,,,,,,,,,
TX,48,Comal,48091,2015,,,,,,,,,,,,,,,
TX,48,Comal,48091,2016,,,,,,,,,,,,,,,
TX,48,Comal,48091,2017,,,,,,,,,,,,,,,
TX,48,Comal,48091,2018,,,,,,,,,,,,,,,
TX,48,Comal,48091,2019,,,,,,,,,,,,,,,
TX,48,Comal,48091,2020,,,,,,,,,,,,,,,
TX,48,Comal,48091,2021,,,,,,,,,,,,,,,
TX,48,Comal,48091,2022,,,,,,,,,,,,,,,
TX,48,Comanche,48093,2000,,,,,,,,,,,,,,,
TX,48,Comanche,48093,2001,,,,,,,,,,,,,,,
TX,48,Comanche,48093,2002,855357813.0,,,,,,,,,,,,,,
TX,48,Comanche,48093,2003,,,,,,,,,,,,,,,
TX,48,Comanche,48093,2004,,,,,,,,,,,,,,,
TX,48,Comanche,48093,2005,,,,,,,,,,,,,,,
TX,48,Comanche,48093,2006,,,,,,,,,,,,,,,
TX,48,Comanche,48093,2007,,,,,,,,,,,,,,,
TX,48,Comanche,48093,2008,,,,,,,,,,,,,,,
TX,48,Comanche,48093,2009,,,,,,,,,,,,,,,
TX,48,Comanche,48093,2010,,,,,,,,,,,,,,,
TX,48,Comanche,48093,2011,,,,,,,,,,,,,,,
TX,48,Comanche,48093,2012,,,,,,,,,,,,,,,
TX,48,Comanche,48093,2013,,,,,,,,,,,,,,,
TX,48,Comanche,48093,2014,,,,,,,,,,,,,,,
TX,48,Comanche,48093,2015,,,,,,,,,,,,,,,
TX,48,Comanche,48093,2016,,,,,,,,,,,,,,,
TX,48,Comanche,48093,2017,,,,,,,,,,,,,,,
TX,48,Comanche,48093,2018,,,,,,,,,,,,,,,
TX,48,Comanche,48093,2019,,,,,,,,,,,,,,,
TX,48,Comanche,48093,2020,,,,,,,,,,,,,,,
TX,48,Comanche,48093,2021,,,,,,,,,,,,,,,
TX,48,Comanche,48093,2022,,,,,,,,,,,,,,,
TX,48,Concho,48095,2000,,,,,,,,,,,,,,,
TX,48,Concho,48095,2001,,,,,,,,,,,,,,,
TX,48,Concho,48095,2002,383026140.0,,,,,,,,,,,,,,
TX,48,Concho,48095,2003,,,,,,,,,,,,,,,
TX,48,Concho,48095,2004,,,,,,,,,,,,,,,
TX,48,Concho,48095,2005,,,,,,,,,,,,,,,
TX,48,Concho,48095,2006,,,,,,,,,,,,,,,
TX,48,Concho,48095,2007,,,,,,,,,,,,,,,
TX,48,Concho,48095,2008,,,,,,,,,,,,,,,
TX,48,Concho,48095,2009,,,,,,,,,,,,,,,
TX,48,Concho,48095,2010,,,,,,,,,,,,,,,
TX,48,Concho,48095,2011,,,,,,,,,,,,,,,
TX,48,Concho,48095,2012,,,,,,,,,,,,,,,
TX,48,Concho,48095,2013,,,,,,,,,,,,,,,
TX,48,Concho,48095,2014,,,,,,,,,,,,,,,
TX,48,Concho,48095,2015,,,,,,,,,,,,,,,
TX,48,Concho,48095,2016,,,,,,,,,,,,,,,
TX,48,Concho,48095,2017,,,,,,,,,,,,,,,
TX,48,Concho,48095,2018,,,,,,,,,,,,,,,
TX,48,Concho,48095,2019,,,,,,,,,,,,,,,
TX,48,Concho,48095,2020,,,,,,,,,,,,,,,
TX,48,Concho,48095,2021,,,,,,,,,,,,,,,
TX,48,Concho,48095,2022,,,,,,,,,,,,,,,
TX,48,Cooke,48097,2000,,,,,,,,,,,,,,,
TX,48,Cooke,48097,2001,,,,,,,,,,,,,,,
TX,48,Cooke,48097,2002,2352777729.0,,,,,,,,,,,,,,
TX,48,Cooke,48097,2003,,,,,,,,,,,,,,,
TX,48,Cooke,48097,2004,,,,,,,,,,,,,,,
TX,48,Cooke,48097,2005,,,,,,,,,,,,,,,
TX,48,Cooke,48097,2006,,,,,,,,,,,,,,,
TX,48,Cooke,48097,2007,,,,,,,,,,,,,,,
TX,48,Cooke,48097,2008,,,,,,,,,,,,,,,
TX,48,Cooke,48097,2009,,,,,,,,,,,,,,,
TX,48,Cooke,48097,2010,,,,,,,,,,,,,,,
TX,48,Cooke,48097,2011,,,,,,,,,,,,,,,
TX,48,Cooke,48097,2012,,,,,,,,,,,,,,,
TX,48,Cooke,48097,2013,,,,,,,,,,,,,,,
TX,48,Cooke,48097,2014,,,,,,,,,,,,,,,
TX,48,Cooke,48097,2015,,,,,,,,,,,,,,,
TX,48,Cooke,48097,2016,,,,,,,,,,,,,,,
TX,48,Cooke,48097,2017,,,,,,,,,,,,,,,
TX,48,Cooke,48097,2018,,,,,,,,,,,,,,,
TX,48,Cooke,48097,2019,,,,,,,,,,,,,,,
TX,48,Cooke,48097,2020,,,,,,,,,,,,,,,
TX,48,Cooke,48097,2021,,,,,,,,,,,,,,,
TX,48,Cooke,48097,2022,,,,,,,,,,,,,,,
TX,48,Coryell,48099,2000,,,,,,,,,,,,,,,
TX,48,Coryell,48099,2001,,,,,,,,,,,,,,,
TX,48,Coryell,48099,2002,1572488777.0,,,,,,,,,,,,,,
TX,48,Coryell,48099,2003,,,,,,,,,,,,,,,
TX,48,Coryell,48099,2004,,,,,,,,,,,,,,,
TX,48,Coryell,48099,2005,,,,,,,,,,,,,,,
TX,48,Coryell,48099,2006,,,,,,,,,,,,,,,
TX,48,Coryell,48099,2007,,,,,,,,,,,,,,,
TX,48,Coryell,48099,2008,,,,,,,,,,,,,,,
TX,48,Coryell,48099,2009,,,,,,,,,,,,,,,
TX,48,Coryell,48099,2010,,,,,,,,,,,,,,,
TX,48,Coryell,48099,2011,,,,,,,,,,,,,,,
TX,48,Coryell,48099,2012,,,,,,,,,,,,,,,
TX,48,Coryell,48099,2013,,,,,,,,,,,,,,,
TX,48,Coryell,48099,2014,,,,,,,,,,,,,,,
TX,48,Coryell,48099,2015,,,,,,,,,,,,,,,
TX,48,Coryell,48099,2016,,,,,,,,,,,,,,,
TX,48,Coryell,48099,2017,,,,,,,,,,,,,,,
TX,48,Coryell,48099,2018,,,,,,,,,,,,,,,
TX,48,Coryell,48099,2019,,,,,,,,,,,,,,,
TX,48,Coryell,48099,2020,,,,,,,,,,,,,,,
TX,48,Coryell,48099,2021,,,,,,,,,,,,,,,
TX,48,Coryell,48099,2022,,,,,,,,,,,,,,,
TX,48,Cottle,48101,2000,,,,,,,,,,,,,,,
TX,48,Cottle,48101,2001,,,,,,,,,,,,,,,
TX,48,Cottle,48101,2002,156359740.0,,,,,,,,,,,,,,
TX,48,Cottle,48101,2003,,,,,,,,,,,,,,,
TX,48,Cottle,48101,2004,,,,,,,,,,,,,,,
TX,48,Cottle,48101,2005,,,,,,,,,,,,,,,
TX,48,Cottle,48101,2006,,,,,,,,,,,,,,,
TX,48,Cottle,48101,2007,,,,,,,,,,,,,,,
TX,48,Cottle,48101,2008,,,,,,,,,,,,,,,
TX,48,Cottle,48101,2009,,,,,,,,,,,,,,,
TX,48,Cottle,48101,2010,,,,,,,,,,,,,,,
TX,48,Cottle,48101,2011,,,,,,,,,,,,,,,
TX,48,Cottle,48101,2012,,,,,,,,,,,,,,,
TX,48,Cottle,48101,2013,,,,,,,,,,,,,,,
TX,48,Cottle,48101,2014,,,,,,,,,,,,,,,
TX,48,Cottle,48101,2015,,,,,,,,,,,,,,,
TX,48,Cottle,48101,2016,,,,,,,,,,,,,,,
TX,48,Cottle,48101,2017,,,,,,,,,,,,,,,
TX,48,Cottle,48101,2018,,,,,,,,,,,,,,,
TX,48,Cottle,48101,2019,,,,,,,,,,,,,,,
TX,48,Cottle,48101,2020,,,,,,,,,,,,,,,
TX,48,Cottle,48101,2021,,,,,,,,,,,,,,,
TX,48,Cottle,48101,2022,,,,,,,,,,,,,,,
TX,48,Crane,48103,2000,,,,,,,,,,,,,,,
TX,48,Crane,48103,2001,,,,,,,,,,,,,,,
TX,48,Crane,48103,2002,935996850.0,,,,,,,,,,,,,,
TX,48,Crane,48103,2003,,,,,,,,,,,,,,,
TX,48,Crane,48103,2004,,,,,,,,,,,,,,,
TX,48,Crane,48103,2005,,,,,,,,,,,,,,,
TX,48,Crane,48103,2006,,,,,,,,,,,,,,,
TX,48,Crane,48103,2007,,,,,,,,,,,,,,,
TX,48,Crane,48103,2008,,,,,,,,,,,,,,,
TX,48,Crane,48103,2009,,,,,,,,,,,,,,,
TX,48,Crane,48103,2010,,,,,,,,,,,,,,,
TX,48,Crane,48103,2011,,,,,,,,,,,,,,,
TX,48,Crane,48103,2012,,,,,,,,,,,,,,,
TX,48,Crane,48103,2013,,,,,,,,,,,,,,,
TX,48,Crane,48103,2014,,,,,,,,,,,,,,,
TX,48,Crane,48103,2015,,,,,,,,,,,,,,,
TX,48,Crane,48103,2016,,,,,,,,,,,,,,,
TX,48,Crane,48103,2017,,,,,,,,,,,,,,,
TX,48,Crane,48103,2018,,,,,,,,,,,,,,,
TX,48,Crane,48103,2019,,,,,,,,,,,,,,,
TX,48,Crane,48103,2020,,,,,,,,,,,,,,,
TX,48,Crane,48103,2021,,,,,,,,,,,,,,,
TX,48,Crane,48103,2022,,,,,,,,,,,,,,,
TX,48,Crockett,48105,2000,,,,,,,,,,,,,,,
TX,48,Crockett,48105,2001,,,,,,,,,,,,,,,
TX,48,Crockett,48105,2002,1359904830.0,,,,,,,,,,,,,,
TX,48,Crockett,48105,2003,,,,,,,,,,,,,,,
TX,48,Crockett,48105,2004,,,,,,,,,,,,,,,
TX,48,Crockett,48105,2005,,,,,,,,,,,,,,,
TX,48,Crockett,48105,2006,,,,,,,,,,,,,,,
TX,48,Crockett,48105,2007,,,,,,,,,,,,,,,
TX,48,Crockett,48105,2008,,,,,,,,,,,,,,,
TX,48,Crockett,48105,2009,,,,,,,,,,,,,,,
TX,48,Crockett,48105,2010,,,,,,,,,,,,,,,
TX,48,Crockett,48105,2011,,,,,,,,,,,,,,,
TX,48,Crockett,48105,2012,,,,,,,,,,,,,,,
TX,48,Crockett,48105,2013,,,,,,,,,,,,,,,
TX,48,Crockett,48105,2014,,,,,,,,,,,,,,,
TX,48,Crockett,48105,2015,,,,,,,,,,,,,,,
TX,48,Crockett,48105,2016,,,,,,,,,,,,,,,
TX,48,Crockett,48105,2017,,,,,,,,,,,,,,,
TX,48,Crockett,48105,2018,,,,,,,,,,,,,,,
TX,48,Crockett,48105,2019,,,,,,,,,,,,,,,
TX,48,Crockett,48105,2020,,,,,,,,,,,,,,,
TX,48,Crockett,48105,2021,,,,,,,,,,,,,,,
TX,48,Crockett,48105,2022,,,,,,,,,,,,,,,
TX,48,Crosby,48107,2000,,,,,,,,,,,,,,,
TX,48,Crosby,48107,2001,,,,,,,,,,,,,,,
TX,48,Crosby,48107,2002,318927790.0,,,,,,,,,,,,,,
TX,48,Crosby,48107,2003,,,,,,,,,,,,,,,
TX,48,Crosby,48107,2004,,,,,,,,,,,,,,,
TX,48,Crosby,48107,2005,,,,,,,,,,,,,,,
TX,48,Crosby,48107,2006,,,,,,,,,,,,,,,
TX,48,Crosby,48107,2007,,,,,,,,,,,,,,,
TX,48,Crosby,48107,2008,,,,,,,,,,,,,,,
TX,48,Crosby,48107,2009,,,,,,,,,,,,,,,
TX,48,Crosby,48107,2010,,,,,,,,,,,,,,,
TX,48,Crosby,48107,2011,,,,,,,,,,,,,,,
TX,48,Crosby,48107,2012,,,,,,,,,,,,,,,
TX,48,Crosby,48107,2013,,,,,,,,,,,,,,,
TX,48,Crosby,48107,2014,,,,,,,,,,,,,,,
TX,48,Crosby,48107,2015,,,,,,,,,,,,,,,
TX,48,Crosby,48107,2016,,,,,,,,,,,,,,,
TX,48,Crosby,48107,2017,,,,,,,,,,,,,,,
TX,48,Crosby,48107,2018,,,,,,,,,,,,,,,
TX,48,Crosby,48107,2019,,,,,,,,,,,,,,,
TX,48,Crosby,48107,2020,,,,,,,,,,,,,,,
TX,48,Crosby,48107,2021,,,,,,,,,,,,,,,
TX,48,Crosby,48107,2022,,,,,,,,,,,,,,,
TX,48,Culberson,48109,2000,,,,,,,,,,,,,,,
TX,48,Culberson,48109,2001,,,,,,,,,,,,,,,
TX,48,Culberson,48109,2002,264413740.0,,,,,,,,,,,,,,
TX,48,Culberson,48109,2003,,,,,,,,,,,,,,,
TX,48,Culberson,48109,2004,,,,,,,,,,,,,,,
TX,48,Culberson,48109,2005,,,,,,,,,,,,,,,
TX,48,Culberson,48109,2006,,,,,,,,,,,,,,,
TX,48,Culberson,48109,2007,,,,,,,,,,,,,,,
TX,48,Culberson,48109,2008,,,,,,,,,,,,,,,
TX,48,Culberson,48109,2009,,,,,,,,,,,,,,,
TX,48,Culberson,48109,2010,,,,,,,,,,,,,,,
TX,48,Culberson,48109,2011,,,,,,,,,,,,,,,
TX,48,Culberson,48109,2012,,,,,,,,,,,,,,,
TX,48,Culberson,48109,2013,,,,,,,,,,,,,,,
TX,48,Culberson,48109,2014,,,,,,,,,,,,,,,
TX,48,Culberson,48109,2015,,,,,,,,,,,,,,,
TX,48,Culberson,48109,2016,,,,,,,,,,,,,,,
TX,48,Culberson,48109,2017,,,,,,,,,,,,,,,
TX,48,Culberson,48109,2018,,,,,,,,,,,,,,,
TX,48,Culberson,48109,2019,,,,,,,,,,,,,,,
TX,48,Culberson,48109,2020,,,,,,,,,,,,,,,
TX,48,Culberson,48109,2021,,,,,,,,,,,,,,,
TX,48,Culberson,48109,2022,,,,,,,,,,,,,,,
TX,48,Dallam,48111,2000,,,,,,,,,,,,,,,
TX,48,Dallam,48111,2001,,,,,,,,,,,,,,,
TX,48,Dallam,48111,2002,469558957.0,,,,,,,,,,,,,,
TX,48,Dallam,48111,2003,,,,,,,,,,,,,,,
TX,48,Dallam,48111,2004,,,,,,,,,,,,,,,
TX,48,Dallam,48111,2005,,,,,,,,,,,,,,,
TX,48,Dallam,48111,2006,,,,,,,,,,,,,,,
TX,48,Dallam,48111,2007,,,,,,,,,,,,,,,
TX,48,Dallam,48111,2008,,,,,,,,,,,,,,,
TX,48,Dallam,48111,2009,,,,,,,,,,,,,,,
TX,48,Dallam,48111,2010,,,,,,,,,,,,,,,
TX,48,Dallam,48111,2011,,,,,,,,,,,,,,,
TX,48,Dallam,48111,2012,,,,,,,,,,,,,,,
TX,48,Dallam,48111,2013,,,,,,,,,,,,,,,
TX,48,Dallam,48111,2014,,,,,,,,,,,,,,,
TX,48,Dallam,48111,2015,,,,,,,,,,,,,,,
TX,48,Dallam,48111,2016,,,,,,,,,,,,,,,
TX,48,Dallam,48111,2017,,,,,,,,,,,,,,,
TX,48,Dallam,48111,2018,,,,,,,,,,,,,,,
TX,48,Dallam,48111,2019,,,,,,,,,,,,,,,
TX,48,Dallam,48111,2020,,,,,,,,,,,,,,,
TX,48,Dallam,48111,2021,,,,,,,,,,,,,,,
TX,48,Dallam,48111,2022,,,,,,,,,,,,,,,
TX,48,Dallas,48113,2000,,,,,,,,,,,,,,,
TX,48,Dallas,48113,2001,,,,,,,,,,,,,,,
TX,48,Dallas,48113,2002,151776480500.0,,,,,,,,,,,,,,
TX,48,Dallas,48113,2003,,,,,,,,,,,,,,,
TX,48,Dallas,48113,2004,,,,,,,,,,,,,,,
TX,48,Dallas,48113,2005,,,,,,,,,,,,,,,
TX,48,Dallas,48113,2006,,,,,,,,,,,,,,,
TX,48,Dallas,48113,2007,,,,,,,,,,,,,,,
TX,48,Dallas,48113,2008,,,,,,,,,,,,,,,
TX,48,Dallas,48113,2009,,,,,,,,,,,,,,,
TX,48,Dallas,48113,2010,,,,,,,,,,,,,,,
TX,48,Dallas,48113,2011,,,,,,,,,,,,,,,
TX,48,Dallas,48113,2012,,,,,,,,,,,,,,,
TX,48,Dallas,48113,2013,,,,,,,,,,,,,,,
TX,48,Dallas,48113,2014,,,,,,,,,,,,,,,
TX,48,Dallas,48113,2015,,,,,,,,,,,,,,,
TX,48,Dallas,48113,2016,,,,,,,,,,,,,,,
TX,48,Dallas,48113,2017,,,,,,,,,,,,,,,
TX,48,Dallas,48113,2018,,,,,,,,,,,,,,,
TX,48,Dallas,48113,2019,,,,,,,,,,,,,,,
TX,48,Dallas,48113,2020,,,,,,,,,,,,,,,
TX,48,Dallas,48113,2021,,,,,,,,,,,,,,,
TX,48,Dallas,48113,2022,,,,,,,,,,,,,,,
TX,48,Dawson,48115,2000,,,,,,,,,,,,,,,
TX,48,Dawson,48115,2001,,,,,,,,,,,,,,,
TX,48,Dawson,48115,2002,769324533.0,,,,,,,,,,,,,,
TX,48,Dawson,48115,2003,,,,,,,,,,,,,,,
TX,48,Dawson,48115,2004,,,,,,,,,,,,,,,
TX,48,Dawson,48115,2005,,,,,,,,,,,,,,,
TX,48,Dawson,48115,2006,,,,,,,,,,,,,,,
TX,48,Dawson,48115,2007,,,,,,,,,,,,,,,
TX,48,Dawson,48115,2008,,,,,,,,,,,,,,,
TX,48,Dawson,48115,2009,,,,,,,,,,,,,,,
TX,48,Dawson,48115,2010,,,,,,,,,,,,,,,
TX,48,Dawson,48115,2011,,,,,,,,,,,,,,,
TX,48,Dawson,48115,2012,,,,,,,,,,,,,,,
TX,48,Dawson,48115,2013,,,,,,,,,,,,,,,
TX,48,Dawson,48115,2014,,,,,,,,,,,,,,,
TX,48,Dawson,48115,2015,,,,,,,,,,,,,,,
TX,48,Dawson,48115,2016,,,,,,,,,,,,,,,
TX,48,Dawson,48115,2017,,,,,,,,,,,,,,,
TX,48,Dawson,48115,2018,,,,,,,,,,,,,,,
TX,48,Dawson,48115,2019,,,,,,,,,,,,,,,
TX,48,Dawson,48115,2020,,,,,,,,,,,,,,,
TX,48,Dawson,48115,2021,,,,,,,,,,,,,,,
TX,48,Dawson,48115,2022,,,,,,,,,,,,,,,
TX,48,Deaf Smith,48117,2000,,,,,,,,,,,,,,,
TX,48,Deaf Smith,48117,2001,,,,,,,,,,,,,,,
TX,48,Deaf Smith,48117,2002,795729770.0,,,,,,,,,,,,,,
TX,48,Deaf Smith,48117,2003,,,,,,,,,,,,,,,
TX,48,Deaf Smith,48117,2004,,,,,,,,,,,,,,,
TX,48,Deaf Smith,48117,2005,,,,,,,,,,,,,,,
TX,48,Deaf Smith,48117,2006,,,,,,,,,,,,,,,
TX,48,Deaf Smith,48117,2007,,,,,,,,,,,,,,,
TX,48,Deaf Smith,48117,2008,,,,,,,,,,,,,,,
TX,48,Deaf Smith,48117,2009,,,,,,,,,,,,,,,
TX,48,Deaf Smith,48117,2010,,,,,,,,,,,,,,,
TX,48,Deaf Smith,48117,2011,,,,,,,,,,,,,,,
TX,48,Deaf Smith,48117,2012,,,,,,,,,,,,,,,
TX,48,Deaf Smith,48117,2013,,,,,,,,,,,,,,,
TX,48,Deaf Smith,48117,2014,,,,,,,,,,,,,,,
TX,48,Deaf Smith,48117,2015,,,,,,,,,,,,,,,
TX,48,Deaf Smith,48117,2016,,,,,,,,,,,,,,,
TX,48,Deaf Smith,48117,2017,,,,,,,,,,,,,,,
TX,48,Deaf Smith,48117,2018,,,,,,,,,,,,,,,
TX,48,Deaf Smith,48117,2019,,,,,,,,,,,,,,,
TX,48,Deaf Smith,48117,2020,,,,,,,,,,,,,,,
TX,48,Deaf Smith,48117,2021,,,,,,,,,,,,,,,
TX,48,Deaf Smith,48117,2022,,,,,,,,,,,,,,,
TX,48,Delta,48119,2000,,,,,,,,,,,,,,,
TX,48,Delta,48119,2001,,,,,,,,,,,,,,,
TX,48,Delta,48119,2002,193545241.0,,,,,,,,,,,,,,
TX,48,Delta,48119,2003,,,,,,,,,,,,,,,
TX,48,Delta,48119,2004,,,,,,,,,,,,,,,
TX,48,Delta,48119,2005,,,,,,,,,,,,,,,
TX,48,Delta,48119,2006,,,,,,,,,,,,,,,
TX,48,Delta,48119,2007,,,,,,,,,,,,,,,
TX,48,Delta,48119,2008,,,,,,,,,,,,,,,
TX,48,Delta,48119,2009,,,,,,,,,,,,,,,
TX,48,Delta,48119,2010,,,,,,,,,,,,,,,
TX,48,Delta,48119,2011,,,,,,,,,,,,,,,
TX,48,Delta,48119,2012,,,,,,,,,,,,,,,
TX,48,Delta,48119,2013,,,,,,,,,,,,,,,
TX,48,Delta,48119,2014,,,,,,,,,,,,,,,
TX,48,Delta,48119,2015,,,,,,,,,,,,,,,
TX,48,Delta,48119,2016,,,,,,,,,,,,,,,
TX,48,Delta,48119,2017,,,,,,,,,,,,,,,
TX,48,Delta,48119,2018,,,,,,,,,,,,,,,
TX,48,Delta,48119,2019,,,,,,,,,,,,,,,
TX,48,Delta,48119,2020,,,,,,,,,,,,,,,
TX,48,Delta,48119,2021,,,,,,,,,,,,,,,
TX,48,Delta,48119,2022,,,,,,,,,,,,,,,
TX,48,Denton,48121,2000,,,,,,,,,,,,,,,
TX,48,Denton,48121,2001,,,,,,,,,,,,,,,
TX,48,Denton,48121,2002,34279755322.0,,,,,,,,,,,,,,
TX,48,Denton,48121,2003,,,,,,,,,,,,,,,
TX,48,Denton,48121,2004,,,,,,,,,,,,,,,
TX,48,Denton,48121,2005,,,,,,,,,,,,,,,
TX,48,Denton,48121,2006,,,,,,,,,,,,,,,
TX,48,Denton,48121,2007,,,,,,,,,,,,,,,
TX,48,Denton,48121,2008,,,,,,,,,,,,,,,
TX,48,Denton,48121,2009,,,,,,,,,,,,,,,
TX,48,Denton,48121,2010,,,,,,,,,,,,,,,
TX,48,Denton,48121,2011,,,,,,,,,,,,,,,
TX,48,Denton,48121,2012,,,,,,,,,,,,,,,
TX,48,Denton,48121,2013,,,,,,,,,,,,,,,
TX,48,Denton,48121,2014,,,,,,,,,,,,,,,
TX,48,Denton,48121,2015,,,,,,,,,,,,,,,
TX,48,Denton,48121,2016,,,,,,,,,,,,,,,
TX,48,Denton,48121,2017,,,,,,,,,,,,,,,
TX,48,Denton,48121,2018,,,,,,,,,,,,,,,
TX,48,Denton,48121,2019,,,,,,,,,,,,,,,
TX,48,Denton,48121,2020,,,,,,,,,,,,,,,
TX,48,Denton,48121,2021,,,,,,,,,,,,,,,
TX,48,Denton,48121,2022,,,,,,,,,,,,,,,
TX,48,DeWitt,48123,2000,,,,,,,,,,,,,,,
TX,48,DeWitt,48123,2001,,,,,,,,,,,,,,,
TX,48,DeWitt,48123,2002,1077135400.0,,,,,,,,,,,,,,
TX,48,DeWitt,48123,2003,,,,,,,,,,,,,,,
TX,48,DeWitt,48123,2004,,,,,,,,,,,,,,,
TX,48,DeWitt,48123,2005,,,,,,,,,,,,,,,
TX,48,DeWitt,48123,2006,,,,,,,,,,,,,,,
TX,48,DeWitt,48123,2007,,,,,,,,,,,,,,,
TX,48,DeWitt,48123,2008,,,,,,,,,,,,,,,
TX,48,DeWitt,48123,2009,,,,,,,,,,,,,,,
TX,48,DeWitt,48123,2010,,,,,,,,,,,,,,,
TX,48,DeWitt,48123,2011,,,,,,,,,,,,,,,
TX,48,DeWitt,48123,2012,,,,,,,,,,,,,,,
TX,48,DeWitt,48123,2013,,,,,,,,,,,,,,,
TX,48,DeWitt,48123,2014,,,,,,,,,,,,,,,
TX,48,DeWitt,48123,2015,,,,,,,,,,,,,,,
TX,48,DeWitt,48123,2016,,,,,,,,,,,,,,,
TX,48,DeWitt,48123,2017,,,,,,,,,,,,,,,
TX,48,DeWitt,48123,2018,,,,,,,,,,,,,,,
TX,48,DeWitt,48123,2019,,,,,,,,,,,,,,,
TX,48,DeWitt,48123,2020,,,,,,,,,,,,,,,
TX,48,DeWitt,48123,2021,,,,,,,,,,,,,,,
TX,48,DeWitt,48123,2022,,,,,,,,,,,,,,,
TX,48,Dickens,48125,2000,,,,,,,,,,,,,,,
TX,48,Dickens,48125,2001,,,,,,,,,,,,,,,
TX,48,Dickens,48125,2002,185214790.0,,,,,,,,,,,,,,
TX,48,Dickens,48125,2003,,,,,,,,,,,,,,,
TX,48,Dickens,48125,2004,,,,,,,,,,,,,,,
TX,48,Dickens,48125,2005,,,,,,,,,,,,,,,
TX,48,Dickens,48125,2006,,,,,,,,,,,,,,,
TX,48,Dickens,48125,2007,,,,,,,,,,,,,,,
TX,48,Dickens,48125,2008,,,,,,,,,,,,,,,
TX,48,Dickens,48125,2009,,,,,,,,,,,,,,,
TX,48,Dickens,48125,2010,,,,,,,,,,,,,,,
TX,48,Dickens,48125,2011,,,,,,,,,,,,,,,
TX,48,Dickens,48125,2012,,,,,,,,,,,,,,,
TX,48,Dickens,48125,2013,,,,,,,,,,,,,,,
TX,48,Dickens,48125,2014,,,,,,,,,,,,,,,
TX,48,Dickens,48125,2015,,,,,,,,,,,,,,,
TX,48,Dickens,48125,2016,,,,,,,,,,,,,,,
TX,48,Dickens,48125,2017,,,,,,,,,,,,,,,
TX,48,Dickens,48125,2018,,,,,,,,,,,,,,,
TX,48,Dickens,48125,2019,,,,,,,,,,,,,,,
TX,48,Dickens,48125,2020,,,,,,,,,,,,,,,
TX,48,Dickens,48125,2021,,,,,,,,,,,,,,,
TX,48,Dickens,48125,2022,,,,,,,,,,,,,,,
TX,48,Dimmit,48127,2000,,,,,,,,,,,,,,,
TX,48,Dimmit,48127,2001,,,,,,,,,,,,,,,
TX,48,Dimmit,48127,2002,730591285.0,,,,,,,,,,,,,,
TX,48,Dimmit,48127,2003,,,,,,,,,,,,,,,
TX,48,Dimmit,48127,2004,,,,,,,,,,,,,,,
TX,48,Dimmit,48127,2005,,,,,,,,,,,,,,,
TX,48,Dimmit,48127,2006,,,,,,,,,,,,,,,
TX,48,Dimmit,48127,2007,,,,,,,,,,,,,,,
TX,48,Dimmit,48127,2008,,,,,,,,,,,,,,,
TX,48,Dimmit,48127,2009,,,,,,,,,,,,,,,
TX,48,Dimmit,48127,2010,,,,,,,,,,,,,,,
TX,48,Dimmit,48127,2011,,,,,,,,,,,,,,,
TX,48,Dimmit,48127,2012,,,,,,,,,,,,,,,
TX,48,Dimmit,48127,2013,,,,,,,,,,,,,,,
TX,48,Dimmit,48127,2014,,,,,,,,,,,,,,,
TX,48,Dimmit,48127,2015,,,,,,,,,,,,,,,
TX,48,Dimmit,48127,2016,,,,,,,,,,,,,,,
TX,48,Dimmit,48127,2017,,,,,,,,,,,,,,,
TX,48,Dimmit,48127,2018,,,,,,,,,,,,,,,
TX,48,Dimmit,48127,2019,,,,,,,,,,,,,,,
TX,48,Dimmit,48127,2020,,,,,,,,,,,,,,,
TX,48,Dimmit,48127,2021,,,,,,,,,,,,,,,
TX,48,Dimmit,48127,2022,,,,,,,,,,,,,,,
TX,48,Donley,48129,2000,,,,,,,,,,,,,,,
TX,48,Donley,48129,2001,,,,,,,,,,,,,,,
TX,48,Donley,48129,2002,254317064.0,,,,,,,,,,,,,,
TX,48,Donley,48129,2003,,,,,,,,,,,,,,,
TX,48,Donley,48129,2004,,,,,,,,,,,,,,,
TX,48,Donley,48129,2005,,,,,,,,,,,,,,,
TX,48,Donley,48129,2006,,,,,,,,,,,,,,,
TX,48,Donley,48129,2007,,,,,,,,,,,,,,,
TX,48,Donley,48129,2008,,,,,,,,,,,,,,,
TX,48,Donley,48129,2009,,,,,,,,,,,,,,,
TX,48,Donley,48129,2010,,,,,,,,,,,,,,,
TX,48,Donley,48129,2011,,,,,,,,,,,,,,,
TX,48,Donley,48129,2012,,,,,,,,,,,,,,,
TX,48,Donley,48129,2013,,,,,,,,,,,,,,,
TX,48,Donley,48129,2014,,,,,,,,,,,,,,,
TX,48,Donley,48129,2015,,,,,,,,,,,,,,,
TX,48,Donley,48129,2016,,,,,,,,,,,,,,,
TX,48,Donley,48129,2017,,,,,,,,,,,,,,,
TX,48,Donley,48129,2018,,,,,,,,,,,,,,,
TX,48,Donley,48129,2019,,,,,,,,,,,,,,,
TX,48,Donley,48129,2020,,,,,,,,,,,,,,,
TX,48,Donley,48129,2021,,,,,,,,,,,,,,,
TX,48,Donley,48129,2022,,,,,,,,,,,,,,,
TX,48,Duval,48131,2000,,,,,,,,,,,,,,,
TX,48,Duval,48131,2001,,,,,,,,,,,,,,,
TX,48,Duval,48131,2002,979716799.0,,,,,,,,,,,,,,
TX,48,Duval,48131,2003,,,,,,,,,,,,,,,
TX,48,Duval,48131,2004,,,,,,,,,,,,,,,
TX,48,Duval,48131,2005,,,,,,,,,,,,,,,
TX,48,Duval,48131,2006,,,,,,,,,,,,,,,
TX,48,Duval,48131,2007,,,,,,,,,,,,,,,
TX,48,Duval,48131,2008,,,,,,,,,,,,,,,
TX,48,Duval,48131,2009,,,,,,,,,,,,,,,
TX,48,Duval,48131,2010,,,,,,,,,,,,,,,
TX,48,Duval,48131,2011,,,,,,,,,,,,,,,
TX,48,Duval,48131,2012,,,,,,,,,,,,,,,
TX,48,Duval,48131,2013,,,,,,,,,,,,,,,
TX,48,Duval,48131,2014,,,,,,,,,,,,,,,
TX,48,Duval,48131,2015,,,,,,,,,,,,,,,
TX,48,Duval,48131,2016,,,,,,,,,,,,,,,
TX,48,Duval,48131,2017,,,,,,,,,,,,,,,
TX,48,Duval,48131,2018,,,,,,,,,,,,,,,
TX,48,Duval,48131,2019,,,,,,,,,,,,,,,
TX,48,Duval,48131,2020,,,,,,,,,,,,,,,
TX,48,Duval,48131,2021,,,,,,,,,,,,,,,
TX,48,Duval,48131,2022,,,,,,,,,,,,,,,
TX,48,Eastland,48133,2000,,,,,,,,,,,,,,,
TX,48,Eastland,48133,2001,,,,,,,,,,,,,,,
TX,48,Eastland,48133,2002,777350730.0,,,,,,,,,,,,,,
TX,48,Eastland,48133,2003,,,,,,,,,,,,,,,
TX,48,Eastland,48133,2004,,,,,,,,,,,,,,,
TX,48,Eastland,48133,2005,,,,,,,,,,,,,,,
TX,48,Eastland,48133,2006,,,,,,,,,,,,,,,
TX,48,Eastland,48133,2007,,,,,,,,,,,,,,,
TX,48,Eastland,48133,2008,,,,,,,,,,,,,,,
TX,48,Eastland,48133,2009,,,,,,,,,,,,,,,
TX,48,Eastland,48133,2010,,,,,,,,,,,,,,,
TX,48,Eastland,48133,2011,,,,,,,,,,,,,,,
TX,48,Eastland,48133,2012,,,,,,,,,,,,,,,
TX,48,Eastland,48133,2013,,,,,,,,,,,,,,,
TX,48,Eastland,48133,2014,,,,,,,,,,,,,,,
TX,48,Eastland,48133,2015,,,,,,,,,,,,,,,
TX,48,Eastland,48133,2016,,,,,,,,,,,,,,,
TX,48,Eastland,48133,2017,,,,,,,,,,,,,,,
TX,48,Eastland,48133,2018,,,,,,,,,,,,,,,
TX,48,Eastland,48133,2019,,,,,,,,,,,,,,,
TX,48,Eastland,48133,2020,,,,,,,,,,,,,,,
TX,48,Eastland,48133,2021,,,,,,,,,,,,,,,
TX,48,Eastland,48133,2022,,,,,,,,,,,,,,,
TX,48,Ector,48135,2000,,,,,,,,,,,,,,,
TX,48,Ector,48135,2001,,,,,,,,,,,,,,,
TX,48,Ector,48135,2002,5230180309.0,,,,,,,,,,,,,,
TX,48,Ector,48135,2003,,,,,,,,,,,,,,,
TX,48,Ector,48135,2004,,,,,,,,,,,,,,,
TX,48,Ector,48135,2005,,,,,,,,,,,,,,,
TX,48,Ector,48135,2006,,,,,,,,,,,,,,,
TX,48,Ector,48135,2007,,,,,,,,,,,,,,,
TX,48,Ector,48135,2008,,,,,,,,,,,,,,,
TX,48,Ector,48135,2009,,,,,,,,,,,,,,,
TX,48,Ector,48135,2010,,,,,,,,,,,,,,,
TX,48,Ector,48135,2011,,,,,,,,,,,,,,,
TX,48,Ector,48135,2012,,,,,,,,,,,,,,,
TX,48,Ector,48135,2013,,,,,,,,,,,,,,,
TX,48,Ector,48135,2014,,,,,,,,,,,,,,,
TX,48,Ector,48135,2015,,,,,,,,,,,,,,,
TX,48,Ector,48135,2016,,,,,,,,,,,,,,,
TX,48,Ector,48135,2017,,,,,,,,,,,,,,,
TX,48,Ector,48135,2018,,,,,,,,,,,,,,,
TX,48,Ector,48135,2019,,,,,,,,,,,,,,,
TX,48,Ector,48135,2020,,,,,,,,,,,,,,,
TX,48,Ector,48135,2021,,,,,,,,,,,,,,,
TX,48,Ector,48135,2022,,,,,,,,,,,,,,,
TX,48,Edwards,48137,2000,,,,,,,,,,,,,,,
TX,48,Edwards,48137,2001,,,,,,,,,,,,,,,
TX,48,Edwards,48137,2002,485186833.0,,,,,,,,,,,,,,
TX,48,Edwards,48137,2003,,,,,,,,,,,,,,,
TX,48,Edwards,48137,2004,,,,,,,,,,,,,,,
TX,48,Edwards,48137,2005,,,,,,,,,,,,,,,
TX,48,Edwards,48137,2006,,,,,,,,,,,,,,,
TX,48,Edwards,48137,2007,,,,,,,,,,,,,,,
TX,48,Edwards,48137,2008,,,,,,,,,,,,,,,
TX,48,Edwards,48137,2009,,,,,,,,,,,,,,,
TX,48,Edwards,48137,2010,,,,,,,,,,,,,,,
TX,48,Edwards,48137,2011,,,,,,,,,,,,,,,
TX,48,Edwards,48137,2012,,,,,,,,,,,,,,,
TX,48,Edwards,48137,2013,,,,,,,,,,,,,,,
TX,48,Edwards,48137,2014,,,,,,,,,,,,,,,
TX,48,Edwards,48137,2015,,,,,,,,,,,,,,,
TX,48,Edwards,48137,2016,,,,,,,,,,,,,,,
TX,48,Edwards,48137,2017,,,,,,,,,,,,,,,
TX,48,Edwards,48137,2018,,,,,,,,,,,,,,,
TX,48,Edwards,48137,2019,,,,,,,,,,,,,,,
TX,48,Edwards,48137,2020,,,,,,,,,,,,,,,
TX,48,Edwards,48137,2021,,,,,,,,,,,,,,,
TX,48,Edwards,48137,2022,,,,,,,,,,,,,,,
TX,48,Ellis,48139,2000,,,,,,,,,,,,,,,
TX,48,Ellis,48139,2001,,,,,,,,,,,,,,,
TX,48,Ellis,48139,2002,7915671241.0,,,,,,,,,,,,,,
TX,48,Ellis,48139,2003,,,,,,,,,,,,,,,
TX,48,Ellis,48139,2004,,,,,,,,,,,,,,,
TX,48,Ellis,48139,2005,,,,,,,,,,,,,,,
TX,48,Ellis,48139,2006,,,,,,,,,,,,,,,
TX,48,Ellis,48139,2007,,,,,,,,,,,,,,,
TX,48,Ellis,48139,2008,,,,,,,,,,,,,,,
TX,48,Ellis,48139,2009,,,,,,,,,,,,,,,
TX,48,Ellis,48139,2010,,,,,,,,,,,,,,,
TX,48,Ellis,48139,2011,,,,,,,,,,,,,,,
TX,48,Ellis,48139,2012,,,,,,,,,,,,,,,
TX,48,Ellis,48139,2013,,,,,,,,,,,,,,,
TX,48,Ellis,48139,2014,,,,,,,,,,,,,,,
TX,48,Ellis,48139,2015,,,,,,,,,,,,,,,
TX,48,Ellis,48139,2016,,,,,,,,,,,,,,,
TX,48,Ellis,48139,2017,,,,,,,,,,,,,,,
TX,48,Ellis,48139,2018,,,,,,,,,,,,,,,
TX,48,Ellis,48139,2019,,,,,,,,,,,,,,,
TX,48,Ellis,48139,2020,,,,,,,,,,,,,,,
TX,48,Ellis,48139,2021,,,,,,,,,,,,,,,
TX,48,Ellis,48139,2022,,,,,,,,,,,,,,,
TX,48,El Paso,48141,2000,,,,,,,,,,,,,,,
TX,48,El Paso,48141,2001,,,,,,,,,,,,,,,
TX,48,El Paso,48141,2002,21846482751.0,,,,,,,,,,,,,,
TX,48,El Paso,48141,2003,,,,,,,,,,,,,,,
TX,48,El Paso,48141,2004,,,,,,,,,,,,,,,
TX,48,El Paso,48141,2005,,,,,,,,,,,,,,,
TX,48,El Paso,48141,2006,,,,,,,,,,,,,,,
TX,48,El Paso,48141,2007,,,,,,,,,,,,,,,
TX,48,El Paso,48141,2008,,,,,,,,,,,,,,,
TX,48,El Paso,48141,2009,,,,,,,,,,,,,,,
TX,48,El Paso,48141,2010,,,,,,,,,,,,,,,
TX,48,El Paso,48141,2011,,,,,,,,,,,,,,,
TX,48,El Paso,48141,2012,,,,,,,,,,,,,,,
TX,48,El Paso,48141,2013,,,,,,,,,,,,,,,
TX,48,El Paso,48141,2014,,,,,,,,,,,,,,,
TX,48,El Paso,48141,2015,,,,,,,,,,,,,,,
TX,48,El Paso,48141,2016,,,,,,,,,,,,,,,
TX,48,El Paso,48141,2017,,,,,,,,,,,,,,,
TX,48,El Paso,48141,2018,,,,,,,,,,,,,,,
TX,48,El Paso,48141,2019,,,,,,,,,,,,,,,
TX,48,El Paso,48141,2020,,,,,,,,,,,,,,,
TX,48,El Paso,48141,2021,,,,,,,,,,,,,,,
TX,48,El Paso,48141,2022,,,,,,,,,,,,,,,
TX,48,Erath,48143,2000,,,,,,,,,,,,,,,
TX,48,Erath,48143,2001,,,,,,,,,,,,,,,
TX,48,Erath,48143,2002,1720359866.0,,,,,,,,,,,,,,
TX,48,Erath,48143,2003,,,,,,,,,,,,,,,
TX,48,Erath,48143,2004,,,,,,,,,,,,,,,
TX,48,Erath,48143,2005,,,,,,,,,,,,,,,
TX,48,Erath,48143,2006,,,,,,,,,,,,,,,
TX,48,Erath,48143,2007,,,,,,,,,,,,,,,
TX,48,Erath,48143,2008,,,,,,,,,,,,,,,
TX,48,Erath,48143,2009,,,,,,,,,,,,,,,
TX,48,Erath,48143,2010,,,,,,,,,,,,,,,
TX,48,Erath,48143,2011,,,,,,,,,,,,,,,
TX,48,Erath,48143,2012,,,,,,,,,,,,,,,
TX,48,Erath,48143,2013,,,,,,,,,,,,,,,
TX,48,Erath,48143,2014,,,,,,,,,,,,,,,
TX,48,Erath,48143,2015,,,,,,,,,,,,,,,
TX,48,Erath,48143,2016,,,,,,,,,,,,,,,
TX,48,Erath,48143,2017,,,,,,,,,,,,,,,
TX,48,Erath,48143,2018,,,,,,,,,,,,,,,
TX,48,Erath,48143,2019,,,,,,,,,,,,,,,
TX,48,Erath,48143,2020,,,,,,,,,,,,,,,
TX,48,Erath,48143,2021,,,,,,,,,,,,,,,
TX,48,Erath,48143,2022,,,,,,,,,,,,,,,
TX,48,Falls,48145,2000,,,,,,,,,,,,,,,
TX,48,Falls,48145,2001,,,,,,,,,,,,,,,
TX,48,Falls,48145,2002,616565960.0,,,,,,,,,,,,,,
TX,48,Falls,48145,2003,,,,,,,,,,,,,,,
TX,48,Falls,48145,2004,,,,,,,,,,,,,,,
TX,48,Falls,48145,2005,,,,,,,,,,,,,,,
TX,48,Falls,48145,2006,,,,,,,,,,,,,,,
TX,48,Falls,48145,2007,,,,,,,,,,,,,,,
TX,48,Falls,48145,2008,,,,,,,,,,,,,,,
TX,48,Falls,48145,2009,,,,,,,,,,,,,,,
TX,48,Falls,48145,2010,,,,,,,,,,,,,,,
TX,48,Falls,48145,2011,,,,,,,,,,,,,,,
TX,48,Falls,48145,2012,,,,,,,,,,,,,,,
TX,48,Falls,48145,2013,,,,,,,,,,,,,,,
TX,48,Falls,48145,2014,,,,,,,,,,,,,,,
TX,48,Falls,48145,2015,,,,,,,,,,,,,,,
TX,48,Falls,48145,2016,,,,,,,,,,,,,,,
TX,48,Falls,48145,2017,,,,,,,,,,,,,,,
TX,48,Falls,48145,2018,,,,,,,,,,,,,,,
TX,48,Falls,48145,2019,,,,,,,,,,,,,,,
TX,48,Falls,48145,2020,,,,,,,,,,,,,,,
TX,48,Falls,48145,2021,,,,,,,,,,,,,,,
TX,48,Falls,48145,2022,,,,,,,,,,,,,,,
TX,48,Fannin,48147,2000,,,,,,,,,,,,,,,
TX,48,Fannin,48147,2001,,,,,,,,,,,,,,,
TX,48,Fannin,48147,2002,1149866615.0,,,,,,,,,,,,,,
TX,48,Fannin,48147,2003,,,,,,,,,,,,,,,
TX,48,Fannin,48147,2004,,,,,,,,,,,,,,,
TX,48,Fannin,48147,2005,,,,,,,,,,,,,,,
TX,48,Fannin,48147,2006,,,,,,,,,,,,,,,
TX,48,Fannin,48147,2007,,,,,,,,,,,,,,,
TX,48,Fannin,48147,2008,,,,,,,,,,,,,,,
TX,48,Fannin,48147,2009,,,,,,,,,,,,,,,
TX,48,Fannin,48147,2010,,,,,,,,,,,,,,,
TX,48,Fannin,48147,2011,,,,,,,,,,,,,,,
TX,48,Fannin,48147,2012,,,,,,,,,,,,,,,
TX,48,Fannin,48147,2013,,,,,,,,,,,,,,,
TX,48,Fannin,48147,2014,,,,,,,,,,,,,,,
TX,48,Fannin,48147,2015,,,,,,,,,,,,,,,
TX,48,Fannin,48147,2016,,,,,,,,,,,,,,,
TX,48,Fannin,48147,2017,,,,,,,,,,,,,,,
TX,48,Fannin,48147,2018,,,,,,,,,,,,,,,
TX,48,Fannin,48147,2019,,,,,,,,,,,,,,,
TX,48,Fannin,48147,2020,,,,,,,,,,,,,,,
TX,48,Fannin,48147,2021,,,,,,,,,,,,,,,
TX,48,Fannin,48147,2022,,,,,,,,,,,,,,,
TX,48,Fayette,48149,2000,,,,,,,,,,,,,,,
TX,48,Fayette,48149,2001,,,,,,,,,,,,,,,
TX,48,Fayette,48149,2002,2319537563.0,,,,,,,,,,,,,,
TX,48,Fayette,48149,2003,,,,,,,,,,,,,,,
TX,48,Fayette,48149,2004,,,,,,,,,,,,,,,
TX,48,Fayette,48149,2005,,,,,,,,,,,,,,,
TX,48,Fayette,48149,2006,,,,,,,,,,,,,,,
TX,48,Fayette,48149,2007,,,,,,,,,,,,,,,
TX,48,Fayette,48149,2008,,,,,,,,,,,,,,,
TX,48,Fayette,48149,2009,,,,,,,,,,,,,,,
TX,48,Fayette,48149,2010,,,,,,,,,,,,,,,
TX,48,Fayette,48149,2011,,,,,,,,,,,,,,,
TX,48,Fayette,48149,2012,,,,,,,,,,,,,,,
TX,48,Fayette,48149,2013,,,,,,,,,,,,,,,
TX,48,Fayette,48149,2014,,,,,,,,,,,,,,,
TX,48,Fayette,48149,2015,,,,,,,,,,,,,,,
TX,48,Fayette,48149,2016,,,,,,,,,,,,,,,
TX,48,Fayette,48149,2017,,,,,,,,,,,,,,,
TX,48,Fayette,48149,2018,,,,,,,,,,,,,,,
TX,48,Fayette,48149,2019,,,,,,,,,,,,,,,
TX,48,Fayette,48149,2020,,,,,,,,,,,,,,,
TX,48,Fayette,48149,2021,,,,,,,,,,,,,,,
TX,48,Fayette,48149,2022,,,,,,,,,,,,,,,
TX,48,Fisher,48151,2000,,,,,,,,,,,,,,,
TX,48,Fisher,48151,2001,,,,,,,,,,,,,,,
TX,48,Fisher,48151,2002,295069338.0,,,,,,,,,,,,,,
TX,48,Fisher,48151,2003,,,,,,,,,,,,,,,
TX,48,Fisher,48151,2004,,,,,,,,,,,,,,,
TX,48,Fisher,48151,2005,,,,,,,,,,,,,,,
TX,48,Fisher,48151,2006,,,,,,,,,,,,,,,
TX,48,Fisher,48151,2007,,,,,,,,,,,,,,,
TX,48,Fisher,48151,2008,,,,,,,,,,,,,,,
TX,48,Fisher,48151,2009,,,,,,,,,,,,,,,
TX,48,Fisher,48151,2010,,,,,,,,,,,,,,,
TX,48,Fisher,48151,2011,,,,,,,,,,,,,,,
TX,48,Fisher,48151,2012,,,,,,,,,,,,,,,
TX,48,Fisher,48151,2013,,,,,,,,,,,,,,,
TX,48,Fisher,48151,2014,,,,,,,,,,,,,,,
TX,48,Fisher,48151,2015,,,,,,,,,,,,,,,
TX,48,Fisher,48151,2016,,,,,,,,,,,,,,,
TX,48,Fisher,48151,2017,,,,,,,,,,,,,,,
TX,48,Fisher,48151,2018,,,,,,,,,,,,,,,
TX,48,Fisher,48151,2019,,,,,,,,,,,,,,,
TX,48,Fisher,48151,2020,,,,,,,,,,,,,,,
TX,48,Fisher,48151,2021,,,,,,,,,,,,,,,
TX,48,Fisher,48151,2022,,,,,,,,,,,,,,,
TX,48,Floyd,48153,2000,,,,,,,,,,,,,,,
TX,48,Floyd,48153,2001,,,,,,,,,,,,,,,
TX,48,Floyd,48153,2002,367883260.0,,,,,,,,,,,,,,
TX,48,Floyd,48153,2003,,,,,,,,,,,,,,,
TX,48,Floyd,48153,2004,,,,,,,,,,,,,,,
TX,48,Floyd,48153,2005,,,,,,,,,,,,,,,
TX,48,Floyd,48153,2006,,,,,,,,,,,,,,,
TX,48,Floyd,48153,2007,,,,,,,,,,,,,,,
TX,48,Floyd,48153,2008,,,,,,,,,,,,,,,
TX,48,Floyd,48153,2009,,,,,,,,,,,,,,,
TX,48,Floyd,48153,2010,,,,,,,,,,,,,,,
TX,48,Floyd,48153,2011,,,,,,,,,,,,,,,
TX,48,Floyd,48153,2012,,,,,,,,,,,,,,,
TX,48,Floyd,48153,2013,,,,,,,,,,,,,,,
TX,48,Floyd,48153,2014,,,,,,,,,,,,,,,
TX,48,Floyd,48153,2015,,,,,,,,,,,,,,,
TX,48,Floyd,48153,2016,,,,,,,,,,,,,,,
TX,48,Floyd,48153,2017,,,,,,,,,,,,,,,
TX,48,Floyd,48153,2018,,,,,,,,,,,,,,,
TX,48,Floyd,48153,2019,,,,,,,,,,,,,,,
TX,48,Floyd,48153,2020,,,,,,,,,,,,,,,
TX,48,Floyd,48153,2021,,,,,,,,,,,,,,,
TX,48,Floyd,48153,2022,,,,,,,,,,,,,,,
TX,48,Foard,48155,2000,,,,,,,,,,,,,,,
TX,48,Foard,48155,2001,,,,,,,,,,,,,,,
TX,48,Foard,48155,2002,98191687.0,,,,,,,,,,,,,,
TX,48,Foard,48155,2003,,,,,,,,,,,,,,,
TX,48,Foard,48155,2004,,,,,,,,,,,,,,,
TX,48,Foard,48155,2005,,,,,,,,,,,,,,,
TX,48,Foard,48155,2006,,,,,,,,,,,,,,,
TX,48,Foard,48155,2007,,,,,,,,,,,,,,,
TX,48,Foard,48155,2008,,,,,,,,,,,,,,,
TX,48,Foard,48155,2009,,,,,,,,,,,,,,,
TX,48,Foard,48155,2010,,,,,,,,,,,,,,,
TX,48,Foard,48155,2011,,,,,,,,,,,,,,,
TX,48,Foard,48155,2012,,,,,,,,,,,,,,,
TX,48,Foard,48155,2013,,,,,,,,,,,,,,,
TX,48,Foard,48155,2014,,,,,,,,,,,,,,,
TX,48,Foard,48155,2015,,,,,,,,,,,,,,,
TX,48,Foard,48155,2016,,,,,,,,,,,,,,,
TX,48,Foard,48155,2017,,,,,,,,,,,,,,,
TX,48,Foard,48155,2018,,,,,,,,,,,,,,,
TX,48,Foard,48155,2019,,,,,,,,,,,,,,,
TX,48,Foard,48155,2020,,,,,,,,,,,,,,,
TX,48,Foard,48155,2021,,,,,,,,,,,,,,,
TX,48,Foard,48155,2022,,,,,,,,,,,,,,,
TX,48,Fort Bend,48157,2000,,,,,,,,,,,,,,,
TX,48,Fort Bend,48157,2001,,,,,,,,,,,,,,,
TX,48,Fort Bend,48157,2002,23856729702.0,,,,,,,,,,,,,,
TX,48,Fort Bend,48157,2003,,,,,,,,,,,,,,,
TX,48,Fort Bend,48157,2004,,,,,,,,,,,,,,,
TX,48,Fort Bend,48157,2005,,,,,,,,,,,,,,,
TX,48,Fort Bend,48157,2006,,,,,,,,,,,,,,,
TX,48,Fort Bend,48157,2007,,,,,,,,,,,,,,,
TX,48,Fort Bend,48157,2008,,,,,,,,,,,,,,,
TX,48,Fort Bend,48157,2009,,,,,,,,,,,,,,,
TX,48,Fort Bend,48157,2010,,,,,,,,,,,,,,,
TX,48,Fort Bend,48157,2011,,,,,,,,,,,,,,,
TX,48,Fort Bend,48157,2012,,,,,,,,,,,,,,,
TX,48,Fort Bend,48157,2013,,,,,,,,,,,,,,,
TX,48,Fort Bend,48157,2014,,,,,,,,,,,,,,,
TX,48,Fort Bend,48157,2015,,,,,,,,,,,,,,,
TX,48,Fort Bend,48157,2016,,,,,,,,,,,,,,,
TX,48,Fort Bend,48157,2017,,,,,,,,,,,,,,,
TX,48,Fort Bend,48157,2018,,,,,,,,,,,,,,,
TX,48,Fort Bend,48157,2019,,,,,,,,,,,,,,,
TX,48,Fort Bend,48157,2020,,,,,,,,,,,,,,,
TX,48,Fort Bend,48157,2021,,,,,,,,,,,,,,,
TX,48,Fort Bend,48157,2022,,,,,,,,,,,,,,,
TX,48,Franklin,48159,2000,,,,,,,,,,,,,,,
TX,48,Franklin,48159,2001,,,,,,,,,,,,,,,
TX,48,Franklin,48159,2002,755866004.0,,,,,,,,,,,,,,
TX,48,Franklin,48159,2003,,,,,,,,,,,,,,,
TX,48,Franklin,48159,2004,,,,,,,,,,,,,,,
TX,48,Franklin,48159,2005,,,,,,,,,,,,,,,
TX,48,Franklin,48159,2006,,,,,,,,,,,,,,,
TX,48,Franklin,48159,2007,,,,,,,,,,,,,,,
TX,48,Franklin,48159,2008,,,,,,,,,,,,,,,
TX,48,Franklin,48159,2009,,,,,,,,,,,,,,,
TX,48,Franklin,48159,2010,,,,,,,,,,,,,,,
TX,48,Franklin,48159,2011,,,,,,,,,,,,,,,
TX,48,Franklin,48159,2012,,,,,,,,,,,,,,,
TX,48,Franklin,48159,2013,,,,,,,,,,,,,,,
TX,48,Franklin,48159,2014,,,,,,,,,,,,,,,
TX,48,Franklin,48159,2015,,,,,,,,,,,,,,,
TX,48,Franklin,48159,2016,,,,,,,,,,,,,,,
TX,48,Franklin,48159,2017,,,,,,,,,,,,,,,
TX,48,Franklin,48159,2018,,,,,,,,,,,,,,,
TX,48,Franklin,48159,2019,,,,,,,,,,,,,,,
TX,48,Franklin,48159,2020,,,,,,,,,,,,,,,
TX,48,Franklin,48159,2021,,,,,,,,,,,,,,,
TX,48,Franklin,48159,2022,,,,,,,,,,,,,,,
TX,48,Freestone,48161,2000,,,,,,,,,,,,,,,
TX,48,Freestone,48161,2001,,,,,,,,,,,,,,,
TX,48,Freestone,48161,2002,2819061030.0,,,,,,,,,,,,,,
TX,48,Freestone,48161,2003,,,,,,,,,,,,,,,
TX,48,Freestone,48161,2004,,,,,,,,,,,,,,,
TX,48,Freestone,48161,2005,,,,,,,,,,,,,,,
TX,48,Freestone,48161,2006,,,,,,,,,,,,,,,
TX,48,Freestone,48161,2007,,,,,,,,,,,,,,,
TX,48,Freestone,48161,2008,,,,,,,,,,,,,,,
TX,48,Freestone,48161,2009,,,,,,,,,,,,,,,
TX,48,Freestone,48161,2010,,,,,,,,,,,,,,,
TX,48,Freestone,48161,2011,,,,,,,,,,,,,,,
TX,48,Freestone,48161,2012,,,,,,,,,,,,,,,
TX,48,Freestone,48161,2013,,,,,,,,,,,,,,,
TX,48,Freestone,48161,2014,,,,,,,,,,,,,,,
TX,48,Freestone,48161,2015,,,,,,,,,,,,,,,
TX,48,Freestone,48161,2016,,,,,,,,,,,,,,,
TX,48,Freestone,48161,2017,,,,,,,,,,,,,,,
TX,48,Freestone,48161,2018,,,,,,,,,,,,,,,
TX,48,Freestone,48161,2019,,,,,,,,,,,,,,,
TX,48,Freestone,48161,2020,,,,,,,,,,,,,,,
TX,48,Freestone,48161,2021,,,,,,,,,,,,,,,
TX,48,Freestone,48161,2022,,,,,,,,,,,,,,,
TX,48,Frio,48163,2000,,,,,,,,,,,,,,,
TX,48,Frio,48163,2001,,,,,,,,,,,,,,,
TX,48,Frio,48163,2002,704519467.0,,,,,,,,,,,,,,
TX,48,Frio,48163,2003,,,,,,,,,,,,,,,
TX,48,Frio,48163,2004,,,,,,,,,,,,,,,
TX,48,Frio,48163,2005,,,,,,,,,,,,,,,
TX,48,Frio,48163,2006,,,,,,,,,,,,,,,
TX,48,Frio,48163,2007,,,,,,,,,,,,,,,
TX,48,Frio,48163,2008,,,,,,,,,,,,,,,
TX,48,Frio,48163,2009,,,,,,,,,,,,,,,
TX,48,Frio,48163,2010,,,,,,,,,,,,,,,
TX,48,Frio,48163,2011,,,,,,,,,,,,,,,
TX,48,Frio,48163,2012,,,,,,,,,,,,,,,
TX,48,Frio,48163,2013,,,,,,,,,,,,,,,
TX,48,Frio,48163,2014,,,,,,,,,,,,,,,
TX,48,Frio,48163,2015,,,,,,,,,,,,,,,
TX,48,Frio,48163,2016,,,,,,,,,,,,,,,
TX,48,Frio,48163,2017,,,,,,,,,,,,,,,
TX,48,Frio,48163,2018,,,,,,,,,,,,,,,
TX,48,Frio,48163,2019,,,,,,,,,,,,,,,
TX,48,Frio,48163,2020,,,,,,,,,,,,,,,
TX,48,Frio,48163,2021,,,,,,,,,,,,,,,
TX,48,Frio,48163,2022,,,,,,,,,,,,,,,
TX,48,Gaines,48165,2000,,,,,,,,,,,,,,,
TX,48,Gaines,48165,2001,,,,,,,,,,,,,,,
TX,48,Gaines,48165,2002,2374566485.0,,,,,,,,,,,,,,
TX,48,Gaines,48165,2003,,,,,,,,,,,,,,,
TX,48,Gaines,48165,2004,,,,,,,,,,,,,,,
TX,48,Gaines,48165,2005,,,,,,,,,,,,,,,
TX,48,Gaines,48165,2006,,,,,,,,,,,,,,,
TX,48,Gaines,48165,2007,,,,,,,,,,,,,,,
TX,48,Gaines,48165,2008,,,,,,,,,,,,,,,
TX,48,Gaines,48165,2009,,,,,,,,,,,,,,,
TX,48,Gaines,48165,2010,,,,,,,,,,,,,,,
TX,48,Gaines,48165,2011,,,,,,,,,,,,,,,
TX,48,Gaines,48165,2012,,,,,,,,,,,,,,,
TX,48,Gaines,48165,2013,,,,,,,,,,,,,,,
TX,48,Gaines,48165,2014,,,,,,,,,,,,,,,
TX,48,Gaines,48165,2015,,,,,,,,,,,,,,,
TX,48,Gaines,48165,2016,,,,,,,,,,,,,,,
TX,48,Gaines,48165,2017,,,,,,,,,,,,,,,
TX,48,Gaines,48165,2018,,,,,,,,,,,,,,,
TX,48,Gaines,48165,2019,,,,,,,,,,,,,,,
TX,48,Gaines,48165,2020,,,,,,,,,,,,,,,
TX,48,Gaines,48165,2021,,,,,,,,,,,,,,,
TX,48,Gaines,48165,2022,,,,,,,,,,,,,,,
TX,48,Galveston,48167,2000,,,,,,,,,,,,,,,
TX,48,Galveston,48167,2001,,,,,,,,,,,,,,,
TX,48,Galveston,48167,2002,14838869994.0,,,,,,,,,,,,,,
TX,48,Galveston,48167,2003,,,,,,,,,,,,,,,
TX,48,Galveston,48167,2004,,,,,,,,,,,,,,,
TX,48,Galveston,48167,2005,,,,,,,,,,,,,,,
TX,48,Galveston,48167,2006,,,,,,,,,,,,,,,
TX,48,Galveston,48167,2007,,,,,,,,,,,,,,,
TX,48,Galveston,48167,2008,,,,,,,,,,,,,,,
TX,48,Galveston,48167,2009,,,,,,,,,,,,,,,
TX,48,Galveston,48167,2010,,,,,,,,,,,,,,,
TX,48,Galveston,48167,2011,,,,,,,,,,,,,,,
TX,48,Galveston,48167,2012,,,,,,,,,,,,,,,
TX,48,Galveston,48167,2013,,,,,,,,,,,,,,,
TX,48,Galveston,48167,2014,,,,,,,,,,,,,,,
TX,48,Galveston,48167,2015,,,,,,,,,,,,,,,
TX,48,Galveston,48167,2016,,,,,,,,,,,,,,,
TX,48,Galveston,48167,2017,,,,,,,,,,,,,,,
TX,48,Galveston,48167,2018,,,,,,,,,,,,,,,
TX,48,Galveston,48167,2019,,,,,,,,,,,,,,,
TX,48,Galveston,48167,2020,,,,,,,,,,,,,,,
TX,48,Galveston,48167,2021,,,,,,,,,,,,,,,
TX,48,Galveston,48167,2022,,,,,,,,,,,,,,,
TX,48,Garza,48169,2000,,,,,,,,,,,,,,,
TX,48,Garza,48169,2001,,,,,,,,,,,,,,,
TX,48,Garza,48169,2002,482063560.0,,,,,,,,,,,,,,
TX,48,Garza,48169,2003,,,,,,,,,,,,,,,
TX,48,Garza,48169,2004,,,,,,,,,,,,,,,
TX,48,Garza,48169,2005,,,,,,,,,,,,,,,
TX,48,Garza,48169,2006,,,,,,,,,,,,,,,
TX,48,Garza,48169,2007,,,,,,,,,,,,,,,
TX,48,Garza,48169,2008,,,,,,,,,,,,,,,
TX,48,Garza,48169,2009,,,,,,,,,,,,,,,
TX,48,Garza,48169,2010,,,,,,,,,,,,,,,
TX,48,Garza,48169,2011,,,,,,,,,,,,,,,
TX,48,Garza,48169,2012,,,,,,,,,,,,,,,
TX,48,Garza,48169,2013,,,,,,,,,,,,,,,
TX,48,Garza,48169,2014,,,,,,,,,,,,,,,
TX,48,Garza,48169,2015,,,,,,,,,,,,,,,
TX,48,Garza,48169,2016,,,,,,,,,,,,,,,
TX,48,Garza,48169,2017,,,,,,,,,,,,,,,
TX,48,Garza,48169,2018,,,,,,,,,,,,,,,
TX,48,Garza,48169,2019,,,,,,,,,,,,,,,
TX,48,Garza,48169,2020,,,,,,,,,,,,,,,
TX,48,Garza,48169,2021,,,,,,,,,,,,,,,
TX,48,Garza,48169,2022,,,,,,,,,,,,,,,
TX,48,Gillespie,48171,2000,,,,,,,,,,,,,,,
TX,48,Gillespie,48171,2001,,,,,,,,,,,,,,,
TX,48,Gillespie,48171,2002,2830099212.0,,,,,,,,,,,,,,
TX,48,Gillespie,48171,2003,,,,,,,,,,,,,,,
TX,48,Gillespie,48171,2004,,,,,,,,,,,,,,,
TX,48,Gillespie,48171,2005,,,,,,,,,,,,,,,
TX,48,Gillespie,48171,2006,,,,,,,,,,,,,,,
TX,48,Gillespie,48171,2007,,,,,,,,,,,,,,,
TX,48,Gillespie,48171,2008,,,,,,,,,,,,,,,
TX,48,Gillespie,48171,2009,,,,,,,,,,,,,,,
TX,48,Gillespie,48171,2010,,,,,,,,,,,,,,,
TX,48,Gillespie,48171,2011,,,,,,,,,,,,,,,
TX,48,Gillespie,48171,2012,,,,,,,,,,,,,,,
TX,48,Gillespie,48171,2013,,,,,,,,,,,,,,,
TX,48,Gillespie,48171,2014,,,,,,,,,,,,,,,
TX,48,Gillespie,48171,2015,,,,,,,,,,,,,,,
TX,48,Gillespie,48171,2016,,,,,,,,,,,,,,,
TX,48,Gillespie,48171,2017,,,,,,,,,,,,,,,
TX,48,Gillespie,48171,2018,,,,,,,,,,,,,,,
TX,48,Gillespie,48171,2019,,,,,,,,,,,,,,,
TX,48,Gillespie,48171,2020,,,,,,,,,,,,,,,
TX,48,Gillespie,48171,2021,,,,,,,,,,,,,,,
TX,48,Gillespie,48171,2022,,,,,,,,,,,,,,,
TX,48,Glasscock,48173,2000,,,,,,,,,,,,,,,
TX,48,Glasscock,48173,2001,,,,,,,,,,,,,,,
TX,48,Glasscock,48173,2002,455389540.0,,,,,,,,,,,,,,
TX,48,Glasscock,48173,2003,,,,,,,,,,,,,,,
TX,48,Glasscock,48173,2004,,,,,,,,,,,,,,,
TX,48,Glasscock,48173,2005,,,,,,,,,,,,,,,
TX,48,Glasscock,48173,2006,,,,,,,,,,,,,,,
TX,48,Glasscock,48173,2007,,,,,,,,,,,,,,,
TX,48,Glasscock,48173,2008,,,,,,,,,,,,,,,
TX,48,Glasscock,48173,2009,,,,,,,,,,,,,,,
TX,48,Glasscock,48173,2010,,,,,,,,,,,,,,,
TX,48,Glasscock,48173,2011,,,,,,,,,,,,,,,
TX,48,Glasscock,48173,2012,,,,,,,,,,,,,,,
TX,48,Glasscock,48173,2013,,,,,,,,,,,,,,,
TX,48,Glasscock,48173,2014,,,,,,,,,,,,,,,
TX,48,Glasscock,48173,2015,,,,,,,,,,,,,,,
TX,48,Glasscock,48173,2016,,,,,,,,,,,,,,,
TX,48,Glasscock,48173,2017,,,,,,,,,,,,,,,
TX,48,Glasscock,48173,2018,,,,,,,,,,,,,,,
TX,48,Glasscock,48173,2019,,,,,,,,,,,,,,,
TX,48,Glasscock,48173,2020,,,,,,,,,,,,,,,
TX,48,Glasscock,48173,2021,,,,,,,,,,,,,,,
TX,48,Glasscock,48173,2022,,,,,,,,,,,,,,,
TX,48,Goliad,48175,2000,,,,,,,,,,,,,,,
TX,48,Goliad,48175,2001,,,,,,,,,,,,,,,
TX,48,Goliad,48175,2002,799073160.0,,,,,,,,,,,,,,
TX,48,Goliad,48175,2003,,,,,,,,,,,,,,,
TX,48,Goliad,48175,2004,,,,,,,,,,,,,,,
TX,48,Goliad,48175,2005,,,,,,,,,,,,,,,
TX,48,Goliad,48175,2006,,,,,,,,,,,,,,,
TX,48,Goliad,48175,2007,,,,,,,,,,,,,,,
TX,48,Goliad,48175,2008,,,,,,,,,,,,,,,
TX,48,Goliad,48175,2009,,,,,,,,,,,,,,,
TX,48,Goliad,48175,2010,,,,,,,,,,,,,,,
TX,48,Goliad,48175,2011,,,,,,,,,,,,,,,
TX,48,Goliad,48175,2012,,,,,,,,,,,,,,,
TX,48,Goliad,48175,2013,,,,,,,,,,,,,,,
TX,48,Goliad,48175,2014,,,,,,,,,,,,,,,
TX,48,Goliad,48175,2015,,,,,,,,,,,,,,,
TX,48,Goliad,48175,2016,,,,,,,,,,,,,,,
TX,48,Goliad,48175,2017,,,,,,,,,,,,,,,
TX,48,Goliad,48175,2018,,,,,,,,,,,,,,,
TX,48,Goliad,48175,2019,,,,,,,,,,,,,,,
TX,48,Goliad,48175,2020,,,,,,,,,,,,,,,
TX,48,Goliad,48175,2021,,,,,,,,,,,,,,,
TX,48,Goliad,48175,2022,,,,,,,,,,,,,,,
TX,48,Gonzales,48177,2000,,,,,,,,,,,,,,,
TX,48,Gonzales,48177,2001,,,,,,,,,,,,,,,
TX,48,Gonzales,48177,2002,1270600980.0,,,,,,,,,,,,,,
TX,48,Gonzales,48177,2003,,,,,,,,,,,,,,,
TX,48,Gonzales,48177,2004,,,,,,,,,,,,,,,
TX,48,Gonzales,48177,2005,,,,,,,,,,,,,,,
TX,48,Gonzales,48177,2006,,,,,,,,,,,,,,,
TX,48,Gonzales,48177,2007,,,,,,,,,,,,,,,
TX,48,Gonzales,48177,2008,,,,,,,,,,,,,,,
TX,48,Gonzales,48177,2009,,,,,,,,,,,,,,,
TX,48,Gonzales,48177,2010,,,,,,,,,,,,,,,
TX,48,Gonzales,48177,2011,,,,,,,,,,,,,,,
TX,48,Gonzales,48177,2012,,,,,,,,,,,,,,,
TX,48,Gonzales,48177,2013,,,,,,,,,,,,,,,
TX,48,Gonzales,48177,2014,,,,,,,,,,,,,,,
TX,48,Gonzales,48177,2015,,,,,,,,,,,,,,,
TX,48,Gonzales,48177,2016,,,,,,,,,,,,,,,
TX,48,Gonzales,48177,2017,,,,,,,,,,,,,,,
TX,48,Gonzales,48177,2018,,,,,,,,,,,,,,,
TX,48,Gonzales,48177,2019,,,,,,,,,,,,,,,
TX,48,Gonzales,48177,2020,,,,,,,,,,,,,,,
TX,48,Gonzales,48177,2021,,,,,,,,,,,,,,,
TX,48,Gonzales,48177,2022,,,,,,,,,,,,,,,
TX,48,Gray,48179,2000,,,,,,,,,,,,,,,
TX,48,Gray,48179,2001,,,,,,,,,,,,,,,
TX,48,Gray,48179,2002,1138128834.0,,,,,,,,,,,,,,
TX,48,Gray,48179,2003,,,,,,,,,,,,,,,
TX,48,Gray,48179,2004,,,,,,,,,,,,,,,
TX,48,Gray,48179,2005,,,,,,,,,,,,,,,
TX,48,Gray,48179,2006,,,,,,,,,,,,,,,
TX,48,Gray,48179,2007,,,,,,,,,,,,,,,
TX,48,Gray,48179,2008,,,,,,,,,,,,,,,
TX,48,Gray,48179,2009,,,,,,,,,,,,,,,
TX,48,Gray,48179,2010,,,,,,,,,,,,,,,
TX,48,Gray,48179,2011,,,,,,,,,,,,,,,
TX,48,Gray,48179,2012,,,,,,,,,,,,,,,
TX,48,Gray,48179,2013,,,,,,,,,,,,,,,
TX,48,Gray,48179,2014,,,,,,,,,,,,,,,
TX,48,Gray,48179,2015,,,,,,,,,,,,,,,
TX,48,Gray,48179,2016,,,,,,,,,,,,,,,
TX,48,Gray,48179,2017,,,,,,,,,,,,,,,
TX,48,Gray,48179,2018,,,,,,,,,,,,,,,
TX,48,Gray,48179,2019,,,,,,,,,,,,,,,
TX,48,Gray,48179,2020,,,,,,,,,,,,,,,
TX,48,Gray,48179,2021,,,,,,,,,,,,,,,
TX,48,Gray,48179,2022,,,,,,,,,,,,,,,
TX,48,Grayson,48181,2000,,,,,,,,,,,,,,,
TX,48,Grayson,48181,2001,,,,,,,,,,,,,,,
TX,48,Grayson,48181,2002,5253699711.0,,,,,,,,,,,,,,
TX,48,Grayson,48181,2003,,,,,,,,,,,,,,,
TX,48,Grayson,48181,2004,,,,,,,,,,,,,,,
TX,48,Grayson,48181,2005,,,,,,,,,,,,,,,
TX,48,Grayson,48181,2006,,,,,,,,,,,,,,,
TX,48,Grayson,48181,2007,,,,,,,,,,,,,,,
TX,48,Grayson,48181,2008,,,,,,,,,,,,,,,
TX,48,Grayson,48181,2009,,,,,,,,,,,,,,,
TX,48,Grayson,48181,2010,,,,,,,,,,,,,,,
TX,48,Grayson,48181,2011,,,,,,,,,,,,,,,
TX,48,Grayson,48181,2012,,,,,,,,,,,,,,,
TX,48,Grayson,48181,2013,,,,,,,,,,,,,,,
TX,48,Grayson,48181,2014,,,,,,,,,,,,,,,
TX,48,Grayson,48181,2015,,,,,,,,,,,,,,,
TX,48,Grayson,48181,2016,,,,,,,,,,,,,,,
TX,48,Grayson,48181,2017,,,,,,,,,,,,,,,
TX,48,Grayson,48181,2018,,,,,,,,,,,,,,,
TX,48,Grayson,48181,2019,,,,,,,,,,,,,,,
TX,48,Grayson,48181,2020,,,,,,,,,,,,,,,
TX,48,Grayson,48181,2021,,,,,,,,,,,,,,,
TX,48,Grayson,48181,2022,,,,,,,,,,,,,,,
TX,48,Gregg,48183,2000,,,,,,,,,,,,,,,
TX,48,Gregg,48183,2001,,,,,,,,,,,,,,,
TX,48,Gregg,48183,2002,5861256227.0,,,,,,,,,,,,,,
TX,48,Gregg,48183,2003,,,,,,,,,,,,,,,
TX,48,Gregg,48183,2004,,,,,,,,,,,,,,,
TX,48,Gregg,48183,2005,,,,,,,,,,,,,,,
TX,48,Gregg,48183,2006,,,,,,,,,,,,,,,
TX,48,Gregg,48183,2007,,,,,,,,,,,,,,,
TX,48,Gregg,48183,2008,,,,,,,,,,,,,,,
TX,48,Gregg,48183,2009,,,,,,,,,,,,,,,
TX,48,Gregg,48183,2010,,,,,,,,,,,,,,,
TX,48,Gregg,48183,2011,,,,,,,,,,,,,,,
TX,48,Gregg,48183,2012,,,,,,,,,,,,,,,
TX,48,Gregg,48183,2013,,,,,,,,,,,,,,,
TX,48,Gregg,48183,2014,,,,,,,,,,,,,,,
TX,48,Gregg,48183,2015,,,,,,,,,,,,,,,
TX,48,Gregg,48183,2016,,,,,,,,,,,,,,,
TX,48,Gregg,48183,2017,,,,,,,,,,,,,,,
TX,48,Gregg,48183,2018,,,,,,,,,,,,,,,
TX,48,Gregg,48183,2019,,,,,,,,,,,,,,,
TX,48,Gregg,48183,2020,,,,,,,,,,,,,,,
TX,48,Gregg,48183,2021,,,,,,,,,,,,,,,
TX,48,Gregg,48183,2022,,,,,,,,,,,,,,,
TX,48,Grimes,48185,2000,,,,,,,,,,,,,,,
TX,48,Grimes,48185,2001,,,,,,,,,,,,,,,
TX,48,Grimes,48185,2002,1851174036.0,,,,,,,,,,,,,,
TX,48,Grimes,48185,2003,,,,,,,,,,,,,,,
TX,48,Grimes,48185,2004,,,,,,,,,,,,,,,
TX,48,Grimes,48185,2005,,,,,,,,,,,,,,,
TX,48,Grimes,48185,2006,,,,,,,,,,,,,,,
TX,48,Grimes,48185,2007,,,,,,,,,,,,,,,
TX,48,Grimes,48185,2008,,,,,,,,,,,,,,,
TX,48,Grimes,48185,2009,,,,,,,,,,,,,,,
TX,48,Grimes,48185,2010,,,,,,,,,,,,,,,
TX,48,Grimes,48185,2011,,,,,,,,,,,,,,,
TX,48,Grimes,48185,2012,,,,,,,,,,,,,,,
TX,48,Grimes,48185,2013,,,,,,,,,,,,,,,
TX,48,Grimes,48185,2014,,,,,,,,,,,,,,,
TX,48,Grimes,48185,2015,,,,,,,,,,,,,,,
TX,48,Grimes,48185,2016,,,,,,,,,,,,,,,
TX,48,Grimes,48185,2017,,,,,,,,,,,,,,,
TX,48,Grimes,48185,2018,,,,,,,,,,,,,,,
TX,48,Grimes,48185,2019,,,,,,,,,,,,,,,
TX,48,Grimes,48185,2020,,,,,,,,,,,,,,,
TX,48,Grimes,48185,2021,,,,,,,,,,,,,,,
TX,48,Grimes,48185,2022,,,,,,,,,,,,,,,
TX,48,Guadalupe,48187,2000,,,,,,,,,,,,,,,
TX,48,Guadalupe,48187,2001,,,,,,,,,,,,,,,
TX,48,Guadalupe,48187,2002,4965281736.0,,,,,,,,,,,,,,
TX,48,Guadalupe,48187,2003,,,,,,,,,,,,,,,
TX,48,Guadalupe,48187,2004,,,,,,,,,,,,,,,
TX,48,Guadalupe,48187,2005,,,,,,,,,,,,,,,
TX,48,Guadalupe,48187,2006,,,,,,,,,,,,,,,
TX,48,Guadalupe,48187,2007,,,,,,,,,,,,,,,
TX,48,Guadalupe,48187,2008,,,,,,,,,,,,,,,
TX,48,Guadalupe,48187,2009,,,,,,,,,,,,,,,
TX,48,Guadalupe,48187,2010,,,,,,,,,,,,,,,
TX,48,Guadalupe,48187,2011,,,,,,,,,,,,,,,
TX,48,Guadalupe,48187,2012,,,,,,,,,,,,,,,
TX,48,Guadalupe,48187,2013,,,,,,,,,,,,,,,
TX,48,Guadalupe,48187,2014,,,,,,,,,,,,,,,
TX,48,Guadalupe,48187,2015,,,,,,,,,,,,,,,
TX,48,Guadalupe,48187,2016,,,,,,,,,,,,,,,
TX,48,Guadalupe,48187,2017,,,,,,,,,,,,,,,
TX,48,Guadalupe,48187,2018,,,,,,,,,,,,,,,
TX,48,Guadalupe,48187,2019,,,,,,,,,,,,,,,
TX,48,Guadalupe,48187,2020,,,,,,,,,,,,,,,
TX,48,Guadalupe,48187,2021,,,,,,,,,,,,,,,
TX,48,Guadalupe,48187,2022,,,,,,,,,,,,,,,
TX,48,Hale,48189,2000,,,,,,,,,,,,,,,
TX,48,Hale,48189,2001,,,,,,,,,,,,,,,
TX,48,Hale,48189,2002,1410065715.0,,,,,,,,,,,,,,
TX,48,Hale,48189,2003,,,,,,,,,,,,,,,
TX,48,Hale,48189,2004,,,,,,,,,,,,,,,
TX,48,Hale,48189,2005,,,,,,,,,,,,,,,
TX,48,Hale,48189,2006,,,,,,,,,,,,,,,
TX,48,Hale,48189,2007,,,,,,,,,,,,,,,
TX,48,Hale,48189,2008,,,,,,,,,,,,,,,
TX,48,Hale,48189,2009,,,,,,,,,,,,,,,
TX,48,Hale,48189,2010,,,,,,,,,,,,,,,
TX,48,Hale,48189,2011,,,,,,,,,,,,,,,
TX,48,Hale,48189,2012,,,,,,,,,,,,,,,
TX,48,Hale,48189,2013,,,,,,,,,,,,,,,
TX,48,Hale,48189,2014,,,,,,,,,,,,,,,
TX,48,Hale,48189,2015,,,,,,,,,,,,,,,
TX,48,Hale,48189,2016,,,,,,,,,,,,,,,
TX,48,Hale,48189,2017,,,,,,,,,,,,,,,
TX,48,Hale,48189,2018,,,,,,,,,,,,,,,
TX,48,Hale,48189,2019,,,,,,,,,,,,,,,
TX,48,Hale,48189,2020,,,,,,,,,,,,,,,
TX,48,Hale,48189,2021,,,,,,,,,,,,,,,
TX,48,Hale,48189,2022,,,,,,,,,,,,,,,
TX,48,Hall,48191,2000,,,,,,,,,,,,,,,
TX,48,Hall,48191,2001,,,,,,,,,,,,,,,
TX,48,Hall,48191,2002,224856019.0,,,,,,,,,,,,,,
TX,48,Hall,48191,2003,,,,,,,,,,,,,,,
TX,48,Hall,48191,2004,,,,,,,,,,,,,,,
TX,48,Hall,48191,2005,,,,,,,,,,,,,,,
TX,48,Hall,48191,2006,,,,,,,,,,,,,,,
TX,48,Hall,48191,2007,,,,,,,,,,,,,,,
TX,48,Hall,48191,2008,,,,,,,,,,,,,,,
TX,48,Hall,48191,2009,,,,,,,,,,,,,,,
TX,48,Hall,48191,2010,,,,,,,,,,,,,,,
TX,48,Hall,48191,2011,,,,,,,,,,,,,,,
TX,48,Hall,48191,2012,,,,,,,,,,,,,,,
TX,48,Hall,48191,2013,,,,,,,,,,,,,,,
TX,48,Hall,48191,2014,,,,,,,,,,,,,,,
TX,48,Hall,48191,2015,,,,,,,,,,,,,,,
TX,48,Hall,48191,2016,,,,,,,,,,,,,,,
TX,48,Hall,48191,2017,,,,,,,,,,,,,,,
TX,48,Hall,48191,2018,,,,,,,,,,,,,,,
TX,48,Hall,48191,2019,,,,,,,,,,,,,,,
TX,48,Hall,48191,2020,,,,,,,,,,,,,,,
TX,48,Hall,48191,2021,,,,,,,,,,,,,,,
TX,48,Hall,48191,2022,,,,,,,,,,,,,,,
TX,48,Hamilton,48193,2000,,,,,,,,,,,,,,,
TX,48,Hamilton,48193,2001,,,,,,,,,,,,,,,
TX,48,Hamilton,48193,2002,756371714.0,,,,,,,,,,,,,,
TX,48,Hamilton,48193,2003,,,,,,,,,,,,,,,
TX,48,Hamilton,48193,2004,,,,,,,,,,,,,,,
TX,48,Hamilton,48193,2005,,,,,,,,,,,,,,,
TX,48,Hamilton,48193,2006,,,,,,,,,,,,,,,
TX,48,Hamilton,48193,2007,,,,,,,,,,,,,,,
TX,48,Hamilton,48193,2008,,,,,,,,,,,,,,,
TX,48,Hamilton,48193,2009,,,,,,,,,,,,,,,
TX,48,Hamilton,48193,2010,,,,,,,,,,,,,,,
TX,48,Hamilton,48193,2011,,,,,,,,,,,,,,,
TX,48,Hamilton,48193,2012,,,,,,,,,,,,,,,
TX,48,Hamilton,48193,2013,,,,,,,,,,,,,,,
TX,48,Hamilton,48193,2014,,,,,,,,,,,,,,,
TX,48,Hamilton,48193,2015,,,,,,,,,,,,,,,
TX,48,Hamilton,48193,2016,,,,,,,,,,,,,,,
TX,48,Hamilton,48193,2017,,,,,,,,,,,,,,,
TX,48,Hamilton,48193,2018,,,,,,,,,,,,,,,
TX,48,Hamilton,48193,2019,,,,,,,,,,,,,,,
TX,48,Hamilton,48193,2020,,,,,,,,,,,,,,,
TX,48,Hamilton,48193,2021,,,,,,,,,,,,,,,
TX,48,Hamilton,48193,2022,,,,,,,,,,,,,,,
TX,48,Hansford,48195,2000,,,,,,,,,,,,,,,
TX,48,Hansford,48195,2001,,,,,,,,,,,,,,,
TX,48,Hansford,48195,2002,543920698.0,,,,,,,,,,,,,,
TX,48,Hansford,48195,2003,,,,,,,,,,,,,,,
TX,48,Hansford,48195,2004,,,,,,,,,,,,,,,
TX,48,Hansford,48195,2005,,,,,,,,,,,,,,,
TX,48,Hansford,48195,2006,,,,,,,,,,,,,,,
TX,48,Hansford,48195,2007,,,,,,,,,,,,,,,
TX,48,Hansford,48195,2008,,,,,,,,,,,,,,,
TX,48,Hansford,48195,2009,,,,,,,,,,,,,,,
TX,48,Hansford,48195,2010,,,,,,,,,,,,,,,
TX,48,Hansford,48195,2011,,,,,,,,,,,,,,,
TX,48,Hansford,48195,2012,,,,,,,,,,,,,,,
TX,48,Hansford,48195,2013,,,,,,,,,,,,,,,
TX,48,Hansford,48195,2014,,,,,,,,,,,,,,,
TX,48,Hansford,48195,2015,,,,,,,,,,,,,,,
TX,48,Hansford,48195,2016,,,,,,,,,,,,,,,
TX,48,Hansford,48195,2017,,,,,,,,,,,,,,,
TX,48,Hansford,48195,2018,,,,,,,,,,,,,,,
TX,48,Hansford,48195,2019,,,,,,,,,,,,,,,
TX,48,Hansford,48195,2020,,,,,,,,,,,,,,,
TX,48,Hansford,48195,2021,,,,,,,,,,,,,,,
TX,48,Hansford,48195,2022,,,,,,,,,,,,,,,
TX,48,Hardeman,48197,2000,,,,,,,,,,,,,,,
TX,48,Hardeman,48197,2001,,,,,,,,,,,,,,,
TX,48,Hardeman,48197,2002,306158570.0,,,,,,,,,,,,,,
TX,48,Hardeman,48197,2003,,,,,,,,,,,,,,,
TX,48,Hardeman,48197,2004,,,,,,,,,,,,,,,
TX,48,Hardeman,48197,2005,,,,,,,,,,,,,,,
TX,48,Hardeman,48197,2006,,,,,,,,,,,,,,,
TX,48,Hardeman,48197,2007,,,,,,,,,,,,,,,
TX,48,Hardeman,48197,2008,,,,,,,,,,,,,,,
TX,48,Hardeman,48197,2009,,,,,,,,,,,,,,,
TX,48,Hardeman,48197,2010,,,,,,,,,,,,,,,
TX,48,Hardeman,48197,2011,,,,,,,,,,,,,,,
TX,48,Hardeman,48197,2012,,,,,,,,,,,,,,,
TX,48,Hardeman,48197,2013,,,,,,,,,,,,,,,
TX,48,Hardeman,48197,2014,,,,,,,,,,,,,,,
TX,48,Hardeman,48197,2015,,,,,,,,,,,,,,,
TX,48,Hardeman,48197,2016,,,,,,,,,,,,,,,
TX,48,Hardeman,48197,2017,,,,,,,,,,,,,,,
TX,48,Hardeman,48197,2018,,,,,,,,,,,,,,,
TX,48,Hardeman,48197,2019,,,,,,,,,,,,,,,
TX,48,Hardeman,48197,2020,,,,,,,,,,,,,,,
TX,48,Hardeman,48197,2021,,,,,,,,,,,,,,,
TX,48,Hardeman,48197,2022,,,,,,,,,,,,,,,
TX,48,Hardin,48199,2000,,,,,,,,,,,,,,,
TX,48,Hardin,48199,2001,,,,,,,,,,,,,,,
TX,48,Hardin,48199,2002,1941759190.0,,,,,,,,,,,,,,
TX,48,Hardin,48199,2003,,,,,,,,,,,,,,,
TX,48,Hardin,48199,2004,,,,,,,,,,,,,,,
TX,48,Hardin,48199,2005,,,,,,,,,,,,,,,
TX,48,Hardin,48199,2006,,,,,,,,,,,,,,,
TX,48,Hardin,48199,2007,,,,,,,,,,,,,,,
TX,48,Hardin,48199,2008,,,,,,,,,,,,,,,
TX,48,Hardin,48199,2009,,,,,,,,,,,,,,,
TX,48,Hardin,48199,2010,,,,,,,,,,,,,,,
TX,48,Hardin,48199,2011,,,,,,,,,,,,,,,
TX,48,Hardin,48199,2012,,,,,,,,,,,,,,,
TX,48,Hardin,48199,2013,,,,,,,,,,,,,,,
TX,48,Hardin,48199,2014,,,,,,,,,,,,,,,
TX,48,Hardin,48199,2015,,,,,,,,,,,,,,,
TX,48,Hardin,48199,2016,,,,,,,,,,,,,,,
TX,48,Hardin,48199,2017,,,,,,,,,,,,,,,
TX,48,Hardin,48199,2018,,,,,,,,,,,,,,,
TX,48,Hardin,48199,2019,,,,,,,,,,,,,,,
TX,48,Hardin,48199,2020,,,,,,,,,,,,,,,
TX,48,Hardin,48199,2021,,,,,,,,,,,,,,,
TX,48,Hardin,48199,2022,,,,,,,,,,,,,,,
TX,48,Harris,48201,2000,,,,,,,,,,,,,,,
TX,48,Harris,48201,2001,,,,,,,,,,,,,,,
TX,48,Harris,48201,2002,205039931976.0,,,,,,,,,,,,,,
TX,48,Harris,48201,2003,,,,,,,,,,,,,,,
TX,48,Harris,48201,2004,,,,,,,,,,,,,,,
TX,48,Harris,48201,2005,,,,,,,,,,,,,,,
TX,48,Harris,48201,2006,,,,,,,,,,,,,,,
TX,48,Harris,48201,2007,,,,,,,,,,,,,,,
TX,48,Harris,48201,2008,,,,,,,,,,,,,,,
TX,48,Harris,48201,2009,,,,,,,,,,,,,,,
TX,48,Harris,48201,2010,,,,,,,,,,,,,,,
TX,48,Harris,48201,2011,,,,,,,,,,,,,,,
TX,48,Harris,48201,2012,,,,,,,,,,,,,,,
TX,48,Harris,48201,2013,,,,,,,,,,,,,,,
TX,48,Harris,48201,2014,,,,,,,,,,,,,,,
TX,48,Harris,48201,2015,,,,,,,,,,,,,,,
TX,48,Harris,48201,2016,,,,,,,,,,,,,,,
TX,48,Harris,48201,2017,,,,,,,,,,,,,,,
TX,48,Harris,48201,2018,,,,,,,,,,,,,,,
TX,48,Harris,48201,2019,,,,,,,,,,,,,,,
TX,48,Harris,48201,2020,,,,,,,,,,,,,,,
TX,48,Harris,48201,2021,,,,,,,,,,,,,,,
TX,48,Harris,48201,2022,,,,,,,,,,,,,,,
TX,48,Harrison,48203,2000,,,,,,,,,,,,,,,
TX,48,Harrison,48203,2001,,,,,,,,,,,,,,,
TX,48,Harrison,48203,2002,3946974299.0,,,,,,,,,,,,,,
TX,48,Harrison,48203,2003,,,,,,,,,,,,,,,
TX,48,Harrison,48203,2004,,,,,,,,,,,,,,,
TX,48,Harrison,48203,2005,,,,,,,,,,,,,,,
TX,48,Harrison,48203,2006,,,,,,,,,,,,,,,
TX,48,Harrison,48203,2007,,,,,,,,,,,,,,,
TX,48,Harrison,48203,2008,,,,,,,,,,,,,,,
TX,48,Harrison,48203,2009,,,,,,,,,,,,,,,
TX,48,Harrison,48203,2010,,,,,,,,,,,,,,,
TX,48,Harrison,48203,2011,,,,,,,,,,,,,,,
TX,48,Harrison,48203,2012,,,,,,,,,,,,,,,
TX,48,Harrison,48203,2013,,,,,,,,,,,,,,,
TX,48,Harrison,48203,2014,,,,,,,,,,,,,,,
TX,48,Harrison,48203,2015,,,,,,,,,,,,,,,
TX,48,Harrison,48203,2016,,,,,,,,,,,,,,,
TX,48,Harrison,48203,2017,,,,,,,,,,,,,,,
TX,48,Harrison,48203,2018,,,,,,,,,,,,,,,
TX,48,Harrison,48203,2019,,,,,,,,,,,,,,,
TX,48,Harrison,48203,2020,,,,,,,,,,,,,,,
TX,48,Harrison,48203,2021,,,,,,,,,,,,,,,
TX,48,Harrison,48203,2022,,,,,,,,,,,,,,,
TX,48,Hartley,48205,2000,,,,,,,,,,,,,,,
TX,48,Hartley,48205,2001,,,,,,,,,,,,,,,
TX,48,Hartley,48205,2002,526172931.0,,,,,,,,,,,,,,
TX,48,Hartley,48205,2003,,,,,,,,,,,,,,,
TX,48,Hartley,48205,2004,,,,,,,,,,,,,,,
TX,48,Hartley,48205,2005,,,,,,,,,,,,,,,
TX,48,Hartley,48205,2006,,,,,,,,,,,,,,,
TX,48,Hartley,48205,2007,,,,,,,,,,,,,,,
TX,48,Hartley,48205,2008,,,,,,,,,,,,,,,
TX,48,Hartley,48205,2009,,,,,,,,,,,,,,,
TX,48,Hartley,48205,2010,,,,,,,,,,,,,,,
TX,48,Hartley,48205,2011,,,,,,,,,,,,,,,
TX,48,Hartley,48205,2012,,,,,,,,,,,,,,,
TX,48,Hartley,48205,2013,,,,,,,,,,,,,,,
TX,48,Hartley,48205,2014,,,,,,,,,,,,,,,
TX,48,Hartley,48205,2015,,,,,,,,,,,,,,,
TX,48,Hartley,48205,2016,,,,,,,,,,,,,,,
TX,48,Hartley,48205,2017,,,,,,,,,,,,,,,
TX,48,Hartley,48205,2018,,,,,,,,,,,,,,,
TX,48,Hartley,48205,2019,,,,,,,,,,,,,,,
TX,48,Hartley,48205,2020,,,,,,,,,,,,,,,
TX,48,Hartley,48205,2021,,,,,,,,,,,,,,,
TX,48,Hartley,48205,2022,,,,,,,,,,,,,,,
TX,48,Haskell,48207,2000,,,,,,,,,,,,,,,
TX,48,Haskell,48207,2001,,,,,,,,,,,,,,,
TX,48,Haskell,48207,2002,335199121.0,,,,,,,,,,,,,,
TX,48,Haskell,48207,2003,,,,,,,,,,,,,,,
TX,48,Haskell,48207,2004,,,,,,,,,,,,,,,
TX,48,Haskell,48207,2005,,,,,,,,,,,,,,,
TX,48,Haskell,48207,2006,,,,,,,,,,,,,,,
TX,48,Haskell,48207,2007,,,,,,,,,,,,,,,
TX,48,Haskell,48207,2008,,,,,,,,,,,,,,,
TX,48,Haskell,48207,2009,,,,,,,,,,,,,,,
TX,48,Haskell,48207,2010,,,,,,,,,,,,,,,
TX,48,Haskell,48207,2011,,,,,,,,,,,,,,,
TX,48,Haskell,48207,2012,,,,,,,,,,,,,,,
TX,48,Haskell,48207,2013,,,,,,,,,,,,,,,
TX,48,Haskell,48207,2014,,,,,,,,,,,,,,,
TX,48,Haskell,48207,2015,,,,,,,,,,,,,,,
TX,48,Haskell,48207,2016,,,,,,,,,,,,,,,
TX,48,Haskell,48207,2017,,,,,,,,,,,,,,,
TX,48,Haskell,48207,2018,,,,,,,,,,,,,,,
TX,48,Haskell,48207,2019,,,,,,,,,,,,,,,
TX,48,Haskell,48207,2020,,,,,,,,,,,,,,,
TX,48,Haskell,48207,2021,,,,,,,,,,,,,,,
TX,48,Haskell,48207,2022,,,,,,,,,,,,,,,
TX,48,Hays,48209,2000,,,,,,,,,,,,,,,
TX,48,Hays,48209,2001,,,,,,,,,,,,,,,
TX,48,Hays,48209,2002,7390643747.0,,,,,,,,,,,,,,
TX,48,Hays,48209,2003,,,,,,,,,,,,,,,
TX,48,Hays,48209,2004,,,,,,,,,,,,,,,
TX,48,Hays,48209,2005,,,,,,,,,,,,,,,
TX,48,Hays,48209,2006,,,,,,,,,,,,,,,
TX,48,Hays,48209,2007,,,,,,,,,,,,,,,
TX,48,Hays,48209,2008,,,,,,,,,,,,,,,
TX,48,Hays,48209,2009,,,,,,,,,,,,,,,
TX,48,Hays,48209,2010,,,,,,,,,,,,,,,
TX,48,Hays,48209,2011,,,,,,,,,,,,,,,
TX,48,Hays,48209,2012,,,,,,,,,,,,,,,
TX,48,Hays,48209,2013,,,,,,,,,,,,,,,
TX,48,Hays,48209,2014,,,,,,,,,,,,,,,
TX,48,Hays,48209,2015,,,,,,,,,,,,,,,
TX,48,Hays,48209,2016,,,,,,,,,,,,,,,
TX,48,Hays,48209,2017,,,,,,,,,,,,,,,
TX,48,Hays,48209,2018,,,,,,,,,,,,,,,
TX,48,Hays,48209,2019,,,,,,,,,,,,,,,
TX,48,Hays,48209,2020,,,,,,,,,,,,,,,
TX,48,Hays,48209,2021,,,,,,,,,,,,,,,
TX,48,Hays,48209,2022,,,,,,,,,,,,,,,
TX,48,Hemphill,48211,2000,,,,,,,,,,,,,,,
TX,48,Hemphill,48211,2001,,,,,,,,,,,,,,,
TX,48,Hemphill,48211,2002,964925810.0,,,,,,,,,,,,,,
TX,48,Hemphill,48211,2003,,,,,,,,,,,,,,,
TX,48,Hemphill,48211,2004,,,,,,,,,,,,,,,
TX,48,Hemphill,48211,2005,,,,,,,,,,,,,,,
TX,48,Hemphill,48211,2006,,,,,,,,,,,,,,,
TX,48,Hemphill,48211,2007,,,,,,,,,,,,,,,
TX,48,Hemphill,48211,2008,,,,,,,,,,,,,,,
TX,48,Hemphill,48211,2009,,,,,,,,,,,,,,,
TX,48,Hemphill,48211,2010,,,,,,,,,,,,,,,
TX,48,Hemphill,48211,2011,,,,,,,,,,,,,,,
TX,48,Hemphill,48211,2012,,,,,,,,,,,,,,,
TX,48,Hemphill,48211,2013,,,,,,,,,,,,,,,
TX,48,Hemphill,48211,2014,,,,,,,,,,,,,,,
TX,48,Hemphill,48211,2015,,,,,,,,,,,,,,,
TX,48,Hemphill,48211,2016,,,,,,,,,,,,,,,
TX,48,Hemphill,48211,2017,,,,,,,,,,,,,,,
TX,48,Hemphill,48211,2018,,,,,,,,,,,,,,,
TX,48,Hemphill,48211,2019,,,,,,,,,,,,,,,
TX,48,Hemphill,48211,2020,,,,,,,,,,,,,,,
TX,48,Hemphill,48211,2021,,,,,,,,,,,,,,,
TX,48,Hemphill,48211,2022,,,,,,,,,,,,,,,
TX,48,Henderson,48213,2000,,,,,,,,,,,,,,,
TX,48,Henderson,48213,2001,,,,,,,,,,,,,,,
TX,48,Henderson,48213,2002,3891127030.0,,,,,,,,,,,,,,
TX,48,Henderson,48213,2003,,,,,,,,,,,,,,,
TX,48,Henderson,48213,2004,,,,,,,,,,,,,,,
TX,48,Henderson,48213,2005,,,,,,,,,,,,,,,
TX,48,Henderson,48213,2006,,,,,,,,,,,,,,,
TX,48,Henderson,48213,2007,,,,,,,,,,,,,,,
TX,48,Henderson,48213,2008,,,,,,,,,,,,,,,
TX,48,Henderson,48213,2009,,,,,,,,,,,,,,,
TX,48,Henderson,48213,2010,,,,,,,,,,,,,,,
TX,48,Henderson,48213,2011,,,,,,,,,,,,,,,
TX,48,Henderson,48213,2012,,,,,,,,,,,,,,,
TX,48,Henderson,48213,2013,,,,,,,,,,,,,,,
TX,48,Henderson,48213,2014,,,,,,,,,,,,,,,
TX,48,Henderson,48213,2015,,,,,,,,,,,,,,,
TX,48,Henderson,48213,2016,,,,,,,,,,,,,,,
TX,48,Henderson,48213,2017,,,,,,,,,,,,,,,
TX,48,Henderson,48213,2018,,,,,,,,,,,,,,,
TX,48,Henderson,48213,2019,,,,,,,,,,,,,,,
TX,48,Henderson,48213,2020,,,,,,,,,,,,,,,
TX,48,Henderson,48213,2021,,,,,,,,,,,,,,,
TX,48,Henderson,48213,2022,,,,,,,,,,,,,,,
TX,48,Hidalgo,48215,2000,,,,,,,,,,,,,,,
TX,48,Hidalgo,48215,2001,,,,,,,,,,,,,,,
TX,48,Hidalgo,48215,2002,16667473978.0,,,,,,,,,,,,,,
TX,48,Hidalgo,48215,2003,,,,,,,,,,,,,,,
TX,48,Hidalgo,48215,2004,,,,,,,,,,,,,,,
TX,48,Hidalgo,48215,2005,,,,,,,,,,,,,,,
TX,48,Hidalgo,48215,2006,,,,,,,,,,,,,,,
TX,48,Hidalgo,48215,2007,,,,,,,,,,,,,,,
TX,48,Hidalgo,48215,2008,,,,,,,,,,,,,,,
TX,48,Hidalgo,48215,2009,,,,,,,,,,,,,,,
TX,48,Hidalgo,48215,2010,,,,,,,,,,,,,,,
TX,48,Hidalgo,48215,2011,,,,,,,,,,,,,,,
TX,48,Hidalgo,48215,2012,,,,,,,,,,,,,,,
TX,48,Hidalgo,48215,2013,,,,,,,,,,,,,,,
TX,48,Hidalgo,48215,2014,,,,,,,,,,,,,,,
TX,48,Hidalgo,48215,2015,,,,,,,,,,,,,,,
TX,48,Hidalgo,48215,2016,,,,,,,,,,,,,,,
TX,48,Hidalgo,48215,2017,,,,,,,,,,,,,,,
TX,48,Hidalgo,48215,2018,,,,,,,,,,,,,,,
TX,48,Hidalgo,48215,2019,,,,,,,,,,,,,,,
TX,48,Hidalgo,48215,2020,,,,,,,,,,,,,,,
TX,48,Hidalgo,48215,2021,,,,,,,,,,,,,,,
TX,48,Hidalgo,48215,2022,,,,,,,,,,,,,,,
TX,48,Hill,48217,2000,,,,,,,,,,,,,,,
TX,48,Hill,48217,2001,,,,,,,,,,,,,,,
TX,48,Hill,48217,2002,1704436521.0,,,,,,,,,,,,,,
TX,48,Hill,48217,2003,,,,,,,,,,,,,,,
TX,48,Hill,48217,2004,,,,,,,,,,,,,,,
TX,48,Hill,48217,2005,,,,,,,,,,,,,,,
TX,48,Hill,48217,2006,,,,,,,,,,,,,,,
TX,48,Hill,48217,2007,,,,,,,,,,,,,,,
TX,48,Hill,48217,2008,,,,,,,,,,,,,,,
TX,48,Hill,48217,2009,,,,,,,,,,,,,,,
TX,48,Hill,48217,2010,,,,,,,,,,,,,,,
TX,48,Hill,48217,2011,,,,,,,,,,,,,,,
TX,48,Hill,48217,2012,,,,,,,,,,,,,,,
TX,48,Hill,48217,2013,,,,,,,,,,,,,,,
TX,48,Hill,48217,2014,,,,,,,,,,,,,,,
TX,48,Hill,48217,2015,,,,,,,,,,,,,,,
TX,48,Hill,48217,2016,,,,,,,,,,,,,,,
TX,48,Hill,48217,2017,,,,,,,,,,,,,,,
TX,48,Hill,48217,2018,,,,,,,,,,,,,,,
TX,48,Hill,48217,2019,,,,,,,,,,,,,,,
TX,48,Hill,48217,2020,,,,,,,,,,,,,,,
TX,48,Hill,48217,2021,,,,,,,,,,,,,,,
TX,48,Hill,48217,2022,,,,,,,,,,,,,,,
TX,48,Hockley,48219,2000,,,,,,,,,,,,,,,
TX,48,Hockley,48219,2001,,,,,,,,,,,,,,,
TX,48,Hockley,48219,2002,1845136386.0,,,,,,,,,,,,,,
TX,48,Hockley,48219,2003,,,,,,,,,,,,,,,
TX,48,Hockley,48219,2004,,,,,,,,,,,,,,,
TX,48,Hockley,48219,2005,,,,,,,,,,,,,,,
TX,48,Hockley,48219,2006,,,,,,,,,,,,,,,
TX,48,Hockley,48219,2007,,,,,,,,,,,,,,,
TX,48,Hockley,48219,2008,,,,,,,,,,,,,,,
TX,48,Hockley,48219,2009,,,,,,,,,,,,,,,
TX,48,Hockley,48219,2010,,,,,,,,,,,,,,,
TX,48,Hockley,48219,2011,,,,,,,,,,,,,,,
TX,48,Hockley,48219,2012,,,,,,,,,,,,,,,
TX,48,Hockley,48219,2013,,,,,,,,,,,,,,,
TX,48,Hockley,48219,2014,,,,,,,,,,,,,,,
TX,48,Hockley,48219,2015,,,,,,,,,,,,,,,
TX,48,Hockley,48219,2016,,,,,,,,,,,,,,,
TX,48,Hockley,48219,2017,,,,,,,,,,,,,,,
TX,48,Hockley,48219,2018,,,,,,,,,,,,,,,
TX,48,Hockley,48219,2019,,,,,,,,,,,,,,,
TX,48,Hockley,48219,2020,,,,,,,,,,,,,,,
TX,48,Hockley,48219,2021,,,,,,,,,,,,,,,
TX,48,Hockley,48219,2022,,,,,,,,,,,,,,,
TX,48,Hood,48221,2000,,,,,,,,,,,,,,,
TX,48,Hood,48221,2001,,,,,,,,,,,,,,,
TX,48,Hood,48221,2002,2651227780.0,,,,,,,,,,,,,,
TX,48,Hood,48221,2003,,,,,,,,,,,,,,,
TX,48,Hood,48221,2004,,,,,,,,,,,,,,,
TX,48,Hood,48221,2005,,,,,,,,,,,,,,,
TX,48,Hood,48221,2006,,,,,,,,,,,,,,,
TX,48,Hood,48221,2007,,,,,,,,,,,,,,,
TX,48,Hood,48221,2008,,,,,,,,,,,,,,,
TX,48,Hood,48221,2009,,,,,,,,,,,,,,,
TX,48,Hood,48221,2010,,,,,,,,,,,,,,,
TX,48,Hood,48221,2011,,,,,,,,,,,,,,,
TX,48,Hood,48221,2012,,,,,,,,,,,,,,,
TX,48,Hood,48221,2013,,,,,,,,,,,,,,,
TX,48,Hood,48221,2014,,,,,,,,,,,,,,,
TX,48,Hood,48221,2015,,,,,,,,,,,,,,,
TX,48,Hood,48221,2016,,,,,,,,,,,,,,,
TX,48,Hood,48221,2017,,,,,,,,,,,,,,,
TX,48,Hood,48221,2018,,,,,,,,,,,,,,,
TX,48,Hood,48221,2019,,,,,,,,,,,,,,,
TX,48,Hood,48221,2020,,,,,,,,,,,,,,,
TX,48,Hood,48221,2021,,,,,,,,,,,,,,,
TX,48,Hood,48221,2022,,,,,,,,,,,,,,,
TX,48,Hopkins,48223,2000,,,,,,,,,,,,,,,
TX,48,Hopkins,48223,2001,,,,,,,,,,,,,,,
TX,48,Hopkins,48223,2002,1534815052.0,,,,,,,,,,,,,,
TX,48,Hopkins,48223,2003,,,,,,,,,,,,,,,
TX,48,Hopkins,48223,2004,,,,,,,,,,,,,,,
TX,48,Hopkins,48223,2005,,,,,,,,,,,,,,,
TX,48,Hopkins,48223,2006,,,,,,,,,,,,,,,
TX,48,Hopkins,48223,2007,,,,,,,,,,,,,,,
TX,48,Hopkins,48223,2008,,,,,,,,,,,,,,,
TX,48,Hopkins,48223,2009,,,,,,,,,,,,,,,
TX,48,Hopkins,48223,2010,,,,,,,,,,,,,,,
TX,48,Hopkins,48223,2011,,,,,,,,,,,,,,,
TX,48,Hopkins,48223,2012,,,,,,,,,,,,,,,
TX,48,Hopkins,48223,2013,,,,,,,,,,,,,,,
TX,48,Hopkins,48223,2014,,,,,,,,,,,,,,,
TX,48,Hopkins,48223,2015,,,,,,,,,,,,,,,
TX,48,Hopkins,48223,2016,,,,,,,,,,,,,,,
TX,48,Hopkins,48223,2017,,,,,,,,,,,,,,,
TX,48,Hopkins,48223,2018,,,,,,,,,,,,,,,
TX,48,Hopkins,48223,2019,,,,,,,,,,,,,,,
TX,48,Hopkins,48223,2020,,,,,,,,,,,,,,,
TX,48,Hopkins,48223,2021,,,,,,,,,,,,,,,
TX,48,Hopkins,48223,2022,,,,,,,,,,,,,,,
TX,48,Houston,48225,2000,,,,,,,,,,,,,,,
TX,48,Houston,48225,2001,,,,,,,,,,,,,,,
TX,48,Houston,48225,2002,1201326190.0,,,,,,,,,,,,,,
TX,48,Houston,48225,2003,,,,,,,,,,,,,,,
TX,48,Houston,48225,2004,,,,,,,,,,,,,,,
TX,48,Houston,48225,2005,,,,,,,,,,,,,,,
TX,48,Houston,48225,2006,,,,,,,,,,,,,,,
TX,48,Houston,48225,2007,,,,,,,,,,,,,,,
TX,48,Houston,48225,2008,,,,,,,,,,,,,,,
TX,48,Houston,48225,2009,,,,,,,,,,,,,,,
TX,48,Houston,48225,2010,,,,,,,,,,,,,,,
TX,48,Houston,48225,2011,,,,,,,,,,,,,,,
TX,48,Houston,48225,2012,,,,,,,,,,,,,,,
TX,48,Houston,48225,2013,,,,,,,,,,,,,,,
TX,48,Houston,48225,2014,,,,,,,,,,,,,,,
TX,48,Houston,48225,2015,,,,,,,,,,,,,,,
TX,48,Houston,48225,2016,,,,,,,,,,,,,,,
TX,48,Houston,48225,2017,,,,,,,,,,,,,,,
TX,48,Houston,48225,2018,,,,,,,,,,,,,,,
TX,48,Houston,48225,2019,,,,,,,,,,,,,,,
TX,48,Houston,48225,2020,,,,,,,,,,,,,,,
TX,48,Houston,48225,2021,,,,,,,,,,,,,,,
TX,48,Houston,48225,2022,,,,,,,,,,,,,,,
TX,48,Howard,48227,2000,,,,,,,,,,,,,,,
TX,48,Howard,48227,2001,,,,,,,,,,,,,,,
TX,48,Howard,48227,2002,1351234162.0,,,,,,,,,,,,,,
TX,48,Howard,48227,2003,,,,,,,,,,,,,,,
TX,48,Howard,48227,2004,,,,,,,,,,,,,,,
TX,48,Howard,48227,2005,,,,,,,,,,,,,,,
TX,48,Howard,48227,2006,,,,,,,,,,,,,,,
TX,48,Howard,48227,2007,,,,,,,,,,,,,,,
TX,48,Howard,48227,2008,,,,,,,,,,,,,,,
TX,48,Howard,48227,2009,,,,,,,,,,,,,,,
TX,48,Howard,48227,2010,,,,,,,,,,,,,,,
TX,48,Howard,48227,2011,,,,,,,,,,,,,,,
TX,48,Howard,48227,2012,,,,,,,,,,,,,,,
TX,48,Howard,48227,2013,,,,,,,,,,,,,,,
TX,48,Howard,48227,2014,,,,,,,,,,,,,,,
TX,48,Howard,48227,2015,,,,,,,,,,,,,,,
TX,48,Howard,48227,2016,,,,,,,,,,,,,,,
TX,48,Howard,48227,2017,,,,,,,,,,,,,,,
TX,48,Howard,48227,2018,,,,,,,,,,,,,,,
TX,48,Howard,48227,2019,,,,,,,,,,,,,,,
TX,48,Howard,48227,2020,,,,,,,,,,,,,,,
TX,48,Howard,48227,2021,,,,,,,,,,,,,,,
TX,48,Howard,48227,2022,,,,,,,,,,,,,,,
TX,48,Hudspeth,48229,2000,,,,,,,,,,,,,,,
TX,48,Hudspeth,48229,2001,,,,,,,,,,,,,,,
TX,48,Hudspeth,48229,2002,341225226.0,,,,,,,,,,,,,,
TX,48,Hudspeth,48229,2003,,,,,,,,,,,,,,,
TX,48,Hudspeth,48229,2004,,,,,,,,,,,,,,,
TX,48,Hudspeth,48229,2005,,,,,,,,,,,,,,,
TX,48,Hudspeth,48229,2006,,,,,,,,,,,,,,,
TX,48,Hudspeth,48229,2007,,,,,,,,,,,,,,,
TX,48,Hudspeth,48229,2008,,,,,,,,,,,,,,,
TX,48,Hudspeth,48229,2009,,,,,,,,,,,,,,,
TX,48,Hudspeth,48229,2010,,,,,,,,,,,,,,,
TX,48,Hudspeth,48229,2011,,,,,,,,,,,,,,,
TX,48,Hudspeth,48229,2012,,,,,,,,,,,,,,,
TX,48,Hudspeth,48229,2013,,,,,,,,,,,,,,,
TX,48,Hudspeth,48229,2014,,,,,,,,,,,,,,,
TX,48,Hudspeth,48229,2015,,,,,,,,,,,,,,,
TX,48,Hudspeth,48229,2016,,,,,,,,,,,,,,,
TX,48,Hudspeth,48229,2017,,,,,,,,,,,,,,,
TX,48,Hudspeth,48229,2018,,,,,,,,,,,,,,,
TX,48,Hudspeth,48229,2019,,,,,,,,,,,,,,,
TX,48,Hudspeth,48229,2020,,,,,,,,,,,,,,,
TX,48,Hudspeth,48229,2021,,,,,,,,,,,,,,,
TX,48,Hudspeth,48229,2022,,,,,,,,,,,,,,,
TX,48,Hunt,48231,2000,,,,,,,,,,,,,,,
TX,48,Hunt,48231,2001,,,,,,,,,,,,,,,
TX,48,Hunt,48231,2002,2862810627.0,,,,,,,,,,,,,,
TX,48,Hunt,48231,2003,,,,,,,,,,,,,,,
TX,48,Hunt,48231,2004,,,,,,,,,,,,,,,
TX,48,Hunt,48231,2005,,,,,,,,,,,,,,,
TX,48,Hunt,48231,2006,,,,,,,,,,,,,,,
TX,48,Hunt,48231,2007,,,,,,,,,,,,,,,
TX,48,Hunt,48231,2008,,,,,,,,,,,,,,,
TX,48,Hunt,48231,2009,,,,,,,,,,,,,,,
TX,48,Hunt,48231,2010,,,,,,,,,,,,,,,
TX,48,Hunt,48231,2011,,,,,,,,,,,,,,,
TX,48,Hunt,48231,2012,,,,,,,,,,,,,,,
TX,48,Hunt,48231,2013,,,,,,,,,,,,,,,
TX,48,Hunt,48231,2014,,,,,,,,,,,,,,,
TX,48,Hunt,48231,2015,,,,,,,,,,,,,,,
TX,48,Hunt,48231,2016,,,,,,,,,,,,,,,
TX,48,Hunt,48231,2017,,,,,,,,,,,,,,,
TX,48,Hunt,48231,2018,,,,,,,,,,,,,,,
TX,48,Hunt,48231,2019,,,,,,,,,,,,,,,
TX,48,Hunt,48231,2020,,,,,,,,,,,,,,,
TX,48,Hunt,48231,2021,,,,,,,,,,,,,,,
TX,48,Hunt,48231,2022,,,,,,,,,,,,,,,
TX,48,Hutchinson,48233,2000,,,,,,,,,,,,,,,
TX,48,Hutchinson,48233,2001,,,,,,,,,,,,,,,
TX,48,Hutchinson,48233,2002,1789594790.0,,,,,,,,,,,,,,
TX,48,Hutchinson,48233,2003,,,,,,,,,,,,,,,
TX,48,Hutchinson,48233,2004,,,,,,,,,,,,,,,
TX,48,Hutchinson,48233,2005,,,,,,,,,,,,,,,
TX,48,Hutchinson,48233,2006,,,,,,,,,,,,,,,
TX,48,Hutchinson,48233,2007,,,,,,,,,,,,,,,
TX,48,Hutchinson,48233,2008,,,,,,,,,,,,,,,
TX,48,Hutchinson,48233,2009,,,,,,,,,,,,,,,
TX,48,Hutchinson,48233,2010,,,,,,,,,,,,,,,
TX,48,Hutchinson,48233,2011,,,,,,,,,,,,,,,
TX,48,Hutchinson,48233,2012,,,,,,,,,,,,,,,
TX,48,Hutchinson,48233,2013,,,,,,,,,,,,,,,
TX,48,Hutchinson,48233,2014,,,,,,,,,,,,,,,
TX,48,Hutchinson,48233,2015,,,,,,,,,,,,,,,
TX,48,Hutchinson,48233,2016,,,,,,,,,,,,,,,
TX,48,Hutchinson,48233,2017,,,,,,,,,,,,,,,
TX,48,Hutchinson,48233,2018,,,,,,,,,,,,,,,
TX,48,Hutchinson,48233,2019,,,,,,,,,,,,,,,
TX,48,Hutchinson,48233,2020,,,,,,,,,,,,,,,
TX,48,Hutchinson,48233,2021,,,,,,,,,,,,,,,
TX,48,Hutchinson,48233,2022,,,,,,,,,,,,,,,
TX,48,Irion,48235,2000,,,,,,,,,,,,,,,
TX,48,Irion,48235,2001,,,,,,,,,,,,,,,
TX,48,Irion,48235,2002,322723990.0,,,,,,,,,,,,,,
TX,48,Irion,48235,2003,,,,,,,,,,,,,,,
TX,48,Irion,48235,2004,,,,,,,,,,,,,,,
TX,48,Irion,48235,2005,,,,,,,,,,,,,,,
TX,48,Irion,48235,2006,,,,,,,,,,,,,,,
TX,48,Irion,48235,2007,,,,,,,,,,,,,,,
TX,48,Irion,48235,2008,,,,,,,,,,,,,,,
TX,48,Irion,48235,2009,,,,,,,,,,,,,,,
TX,48,Irion,48235,2010,,,,,,,,,,,,,,,
TX,48,Irion,48235,2011,,,,,,,,,,,,,,,
TX,48,Irion,48235,2012,,,,,,,,,,,,,,,
TX,48,Irion,48235,2013,,,,,,,,,,,,,,,
TX,48,Irion,48235,2014,,,,,,,,,,,,,,,
TX,48,Irion,48235,2015,,,,,,,,,,,,,,,
TX,48,Irion,48235,2016,,,,,,,,,,,,,,,
TX,48,Irion,48235,2017,,,,,,,,,,,,,,,
TX,48,Irion,48235,2018,,,,,,,,,,,,,,,
TX,48,Irion,48235,2019,,,,,,,,,,,,,,,
TX,48,Irion,48235,2020,,,,,,,,,,,,,,,
TX,48,Irion,48235,2021,,,,,,,,,,,,,,,
TX,48,Irion,48235,2022,,,,,,,,,,,,,,,
TX,48,Jack,48237,2000,,,,,,,,,,,,,,,
TX,48,Jack,48237,2001,,,,,,,,,,,,,,,
TX,48,Jack,48237,2002,766161460.0,,,,,,,,,,,,,,
TX,48,Jack,48237,2003,,,,,,,,,,,,,,,
TX,48,Jack,48237,2004,,,,,,,,,,,,,,,
TX,48,Jack,48237,2005,,,,,,,,,,,,,,,
TX,48,Jack,48237,2006,,,,,,,,,,,,,,,
TX,48,Jack,48237,2007,,,,,,,,,,,,,,,
TX,48,Jack,48237,2008,,,,,,,,,,,,,,,
TX,48,Jack,48237,2009,,,,,,,,,,,,,,,
TX,48,Jack,48237,2010,,,,,,,,,,,,,,,
TX,48,Jack,48237,2011,,,,,,,,,,,,,,,
TX,48,Jack,48237,2012,,,,,,,,,,,,,,,
TX,48,Jack,48237,2013,,,,,,,,,,,,,,,
TX,48,Jack,48237,2014,,,,,,,,,,,,,,,
TX,48,Jack,48237,2015,,,,,,,,,,,,,,,
TX,48,Jack,48237,2016,,,,,,,,,,,,,,,
TX,48,Jack,48237,2017,,,,,,,,,,,,,,,
TX,48,Jack,48237,2018,,,,,,,,,,,,,,,
TX,48,Jack,48237,2019,,,,,,,,,,,,,,,
TX,48,Jack,48237,2020,,,,,,,,,,,,,,,
TX,48,Jack,48237,2021,,,,,,,,,,,,,,,
TX,48,Jack,48237,2022,,,,,,,,,,,,,,,
TX,48,Jackson,48239,2000,,,,,,,,,,,,,,,
TX,48,Jackson,48239,2001,,,,,,,,,,,,,,,
TX,48,Jackson,48239,2002,1207493949.0,,,,,,,,,,,,,,
TX,48,Jackson,48239,2003,,,,,,,,,,,,,,,
TX,48,Jackson,48239,2004,,,,,,,,,,,,,,,
TX,48,Jackson,48239,2005,,,,,,,,,,,,,,,
TX,48,Jackson,48239,2006,,,,,,,,,,,,,,,
TX,48,Jackson,48239,2007,,,,,,,,,,,,,,,
TX,48,Jackson,48239,2008,,,,,,,,,,,,,,,
TX,48,Jackson,48239,2009,,,,,,,,,,,,,,,
TX,48,Jackson,48239,2010,,,,,,,,,,,,,,,
TX,48,Jackson,48239,2011,,,,,,,,,,,,,,,
TX,48,Jackson,48239,2012,,,,,,,,,,,,,,,
TX,48,Jackson,48239,2013,,,,,,,,,,,,,,,
TX,48,Jackson,48239,2014,,,,,,,,,,,,,,,
TX,48,Jackson,48239,2015,,,,,,,,,,,,,,,
TX,48,Jackson,48239,2016,,,,,,,,,,,,,,,
TX,48,Jackson,48239,2017,,,,,,,,,,,,,,,
TX,48,Jackson,48239,2018,,,,,,,,,,,,,,,
TX,48,Jackson,48239,2019,,,,,,,,,,,,,,,
TX,48,Jackson,48239,2020,,,,,,,,,,,,,,,
TX,48,Jackson,48239,2021,,,,,,,,,,,,,,,
TX,48,Jackson,48239,2022,,,,,,,,,,,,,,,
TX,48,Jasper,48241,2000,,,,,,,,,,,,,,,
TX,48,Jasper,48241,2001,,,,,,,,,,,,,,,
TX,48,Jasper,48241,2002,2038610313.0,,,,,,,,,,,,,,
TX,48,Jasper,48241,2003,,,,,,,,,,,,,,,
TX,48,Jasper,48241,2004,,,,,,,,,,,,,,,
TX,48,Jasper,48241,2005,,,,,,,,,,,,,,,
TX,48,Jasper,48241,2006,,,,,,,,,,,,,,,
TX,48,Jasper,48241,2007,,,,,,,,,,,,,,,
TX,48,Jasper,48241,2008,,,,,,,,,,,,,,,
TX,48,Jasper,48241,2009,,,,,,,,,,,,,,,
TX,48,Jasper,48241,2010,,,,,,,,,,,,,,,
TX,48,Jasper,48241,2011,,,,,,,,,,,,,,,
TX,48,Jasper,48241,2012,,,,,,,,,,,,,,,
TX,48,Jasper,48241,2013,,,,,,,,,,,,,,,
TX,48,Jasper,48241,2014,,,,,,,,,,,,,,,
TX,48,Jasper,48241,2015,,,,,,,,,,,,,,,
TX,48,Jasper,48241,2016,,,,,,,,,,,,,,,
TX,48,Jasper,48241,2017,,,,,,,,,,,,,,,
TX,48,Jasper,48241,2018,,,,,,,,,,,,,,,
TX,48,Jasper,48241,2019,,,,,,,,,,,,,,,
TX,48,Jasper,48241,2020,,,,,,,,,,,,,,,
TX,48,Jasper,48241,2021,,,,,,,,,,,,,,,
TX,48,Jasper,48241,2022,,,,,,,,,,,,,,,
TX,48,Jeff Davis,48243,2000,,,,,,,,,,,,,,,
TX,48,Jeff Davis,48243,2001,,,,,,,,,,,,,,,
TX,48,Jeff Davis,48243,2002,306956705.0,,,,,,,,,,,,,,
TX,48,Jeff Davis,48243,2003,,,,,,,,,,,,,,,
TX,48,Jeff Davis,48243,2004,,,,,,,,,,,,,,,
TX,48,Jeff Davis,48243,2005,,,,,,,,,,,,,,,
TX,48,Jeff Davis,48243,2006,,,,,,,,,,,,,,,
TX,48,Jeff Davis,48243,2007,,,,,,,,,,,,,,,
TX,48,Jeff Davis,48243,2008,,,,,,,,,,,,,,,
TX,48,Jeff Davis,48243,2009,,,,,,,,,,,,,,,
TX,48,Jeff Davis,48243,2010,,,,,,,,,,,,,,,
TX,48,Jeff Davis,48243,2011,,,,,,,,,,,,,,,
TX,48,Jeff Davis,48243,2012,,,,,,,,,,,,,,,
TX,48,Jeff Davis,48243,2013,,,,,,,,,,,,,,,
TX,48,Jeff Davis,48243,2014,,,,,,,,,,,,,,,
TX,48,Jeff Davis,48243,2015,,,,,,,,,,,,,,,
TX,48,Jeff Davis,48243,2016,,,,,,,,,,,,,,,
TX,48,Jeff Davis,48243,2017,,,,,,,,,,,,,,,
TX,48,Jeff Davis,48243,2018,,,,,,,,,,,,,,,
TX,48,Jeff Davis,48243,2019,,,,,,,,,,,,,,,
TX,48,Jeff Davis,48243,2020,,,,,,,,,,,,,,,
TX,48,Jeff Davis,48243,2021,,,,,,,,,,,,,,,
TX,48,Jeff Davis,48243,2022,,,,,,,,,,,,,,,
TX,48,Jefferson,48245,2000,,,,,,,,,,,,,,,
TX,48,Jefferson,48245,2001,,,,,,,,,,,,,,,
TX,48,Jefferson,48245,2002,15306548750.0,,,,,,,,,,,,,,
TX,48,Jefferson,48245,2003,,,,,,,,,,,,,,,
TX,48,Jefferson,48245,2004,,,,,,,,,,,,,,,
TX,48,Jefferson,48245,2005,,,,,,,,,,,,,,,
TX,48,Jefferson,48245,2006,,,,,,,,,,,,,,,
TX,48,Jefferson,48245,2007,,,,,,,,,,,,,,,
TX,48,Jefferson,48245,2008,,,,,,,,,,,,,,,
TX,48,Jefferson,48245,2009,,,,,,,,,,,,,,,
TX,48,Jefferson,48245,2010,,,,,,,,,,,,,,,
TX,48,Jefferson,48245,2011,,,,,,,,,,,,,,,
TX,48,Jefferson,48245,2012,,,,,,,,,,,,,,,
TX,48,Jefferson,48245,2013,,,,,,,,,,,,,,,
TX,48,Jefferson,48245,2014,,,,,,,,,,,,,,,
TX,48,Jefferson,48245,2015,,,,,,,,,,,,,,,
TX,48,Jefferson,48245,2016,,,,,,,,,,,,,,,
TX,48,Jefferson,48245,2017,,,,,,,,,,,,,,,
TX,48,Jefferson,48245,2018,,,,,,,,,,,,,,,
TX,48,Jefferson,48245,2019,,,,,,,,,,,,,,,
TX,48,Jefferson,48245,2020,,,,,,,,,,,,,,,
TX,48,Jefferson,48245,2021,,,,,,,,,,,,,,,
TX,48,Jefferson,48245,2022,,,,,,,,,,,,,,,
TX,48,Jim Hogg,48247,2000,,,,,,,,,,,,,,,
TX,48,Jim Hogg,48247,2001,,,,,,,,,,,,,,,
TX,48,Jim Hogg,48247,2002,591114111.0,,,,,,,,,,,,,,
TX,48,Jim Hogg,48247,2003,,,,,,,,,,,,,,,
TX,48,Jim Hogg,48247,2004,,,,,,,,,,,,,,,
TX,48,Jim Hogg,48247,2005,,,,,,,,,,,,,,,
TX,48,Jim Hogg,48247,2006,,,,,,,,,,,,,,,
TX,48,Jim Hogg,48247,2007,,,,,,,,,,,,,,,
TX,48,Jim Hogg,48247,2008,,,,,,,,,,,,,,,
TX,48,Jim Hogg,48247,2009,,,,,,,,,,,,,,,
TX,48,Jim Hogg,48247,2010,,,,,,,,,,,,,,,
TX,48,Jim Hogg,48247,2011,,,,,,,,,,,,,,,
TX,48,Jim Hogg,48247,2012,,,,,,,,,,,,,,,
TX,48,Jim Hogg,48247,2013,,,,,,,,,,,,,,,
TX,48,Jim Hogg,48247,2014,,,,,,,,,,,,,,,
TX,48,Jim Hogg,48247,2015,,,,,,,,,,,,,,,
TX,48,Jim Hogg,48247,2016,,,,,,,,,,,,,,,
TX,48,Jim Hogg,48247,2017,,,,,,,,,,,,,,,
TX,48,Jim Hogg,48247,2018,,,,,,,,,,,,,,,
TX,48,Jim Hogg,48247,2019,,,,,,,,,,,,,,,
TX,48,Jim Hogg,48247,2020,,,,,,,,,,,,,,,
TX,48,Jim Hogg,48247,2021,,,,,,,,,,,,,,,
TX,48,Jim Hogg,48247,2022,,,,,,,,,,,,,,,
TX,48,Jim Wells,48249,2000,,,,,,,,,,,,,,,
TX,48,Jim Wells,48249,2001,,,,,,,,,,,,,,,
TX,48,Jim Wells,48249,2002,1227368408.0,,,,,,,,,,,,,,
TX,48,Jim Wells,48249,2003,,,,,,,,,,,,,,,
TX,48,Jim Wells,48249,2004,,,,,,,,,,,,,,,
TX,48,Jim Wells,48249,2005,,,,,,,,,,,,,,,
TX,48,Jim Wells,48249,2006,,,,,,,,,,,,,,,
TX,48,Jim Wells,48249,2007,,,,,,,,,,,,,,,
TX,48,Jim Wells,48249,2008,,,,,,,,,,,,,,,
TX,48,Jim Wells,48249,2009,,,,,,,,,,,,,,,
TX,48,Jim Wells,48249,2010,,,,,,,,,,,,,,,
TX,48,Jim Wells,48249,2011,,,,,,,,,,,,,,,
TX,48,Jim Wells,48249,2012,,,,,,,,,,,,,,,
TX,48,Jim Wells,48249,2013,,,,,,,,,,,,,,,
TX,48,Jim Wells,48249,2014,,,,,,,,,,,,,,,
TX,48,Jim Wells,48249,2015,,,,,,,,,,,,,,,
TX,48,Jim Wells,48249,2016,,,,,,,,,,,,,,,
TX,48,Jim Wells,48249,2017,,,,,,,,,,,,,,,
TX,48,Jim Wells,48249,2018,,,,,,,,,,,,,,,
TX,48,Jim Wells,48249,2019,,,,,,,,,,,,,,,
TX,48,Jim Wells,48249,2020,,,,,,,,,,,,,,,
TX,48,Jim Wells,48249,2021,,,,,,,,,,,,,,,
TX,48,Jim Wells,48249,2022,,,,,,,,,,,,,,,
TX,48,Johnson,48251,2000,,,,,,,,,,,,,,,
TX,48,Johnson,48251,2001,,,,,,,,,,,,,,,
TX,48,Johnson,48251,2002,5550919789.0,,,,,,,,,,,,,,
TX,48,Johnson,48251,2003,,,,,,,,,,,,,,,
TX,48,Johnson,48251,2004,,,,,,,,,,,,,,,
TX,48,Johnson,48251,2005,,,,,,,,,,,,,,,
TX,48,Johnson,48251,2006,,,,,,,,,,,,,,,
TX,48,Johnson,48251,2007,,,,,,,,,,,,,,,
TX,48,Johnson,48251,2008,,,,,,,,,,,,,,,
TX,48,Johnson,48251,2009,,,,,,,,,,,,,,,
TX,48,Johnson,48251,2010,,,,,,,,,,,,,,,
TX,48,Johnson,48251,2011,,,,,,,,,,,,,,,
TX,48,Johnson,48251,2012,,,,,,,,,,,,,,,
TX,48,Johnson,48251,2013,,,,,,,,,,,,,,,
TX,48,Johnson,48251,2014,,,,,,,,,,,,,,,
TX,48,Johnson,48251,2015,,,,,,,,,,,,,,,
TX,48,Johnson,48251,2016,,,,,,,,,,,,,,,
TX,48,Johnson,48251,2017,,,,,,,,,,,,,,,
TX,48,Johnson,48251,2018,,,,,,,,,,,,,,,
TX,48,Johnson,48251,2019,,,,,,,,,,,,,,,
TX,48,Johnson,48251,2020,,,,,,,,,,,,,,,
TX,48,Johnson,48251,2021,,,,,,,,,,,,,,,
TX,48,Johnson,48251,2022,,,,,,,,,,,,,,,
TX,48,Jones,48253,2000,,,,,,,,,,,,,,,
TX,48,Jones,48253,2001,,,,,,,,,,,,,,,
TX,48,Jones,48253,2002,529929029.0,,,,,,,,,,,,,,
TX,48,Jones,48253,2003,,,,,,,,,,,,,,,
TX,48,Jones,48253,2004,,,,,,,,,,,,,,,
TX,48,Jones,48253,2005,,,,,,,,,,,,,,,
TX,48,Jones,48253,2006,,,,,,,,,,,,,,,
TX,48,Jones,48253,2007,,,,,,,,,,,,,,,
TX,48,Jones,48253,2008,,,,,,,,,,,,,,,
TX,48,Jones,48253,2009,,,,,,,,,,,,,,,
TX,48,Jones,48253,2010,,,,,,,,,,,,,,,
TX,48,Jones,48253,2011,,,,,,,,,,,,,,,
TX,48,Jones,48253,2012,,,,,,,,,,,,,,,
TX,48,Jones,48253,2013,,,,,,,,,,,,,,,
TX,48,Jones,48253,2014,,,,,,,,,,,,,,,
TX,48,Jones,48253,2015,,,,,,,,,,,,,,,
TX,48,Jones,48253,2016,,,,,,,,,,,,,,,
TX,48,Jones,48253,2017,,,,,,,,,,,,,,,
TX,48,Jones,48253,2018,,,,,,,,,,,,,,,
TX,48,Jones,48253,2019,,,,,,,,,,,,,,,
TX,48,Jones,48253,2020,,,,,,,,,,,,,,,
TX,48,Jones,48253,2021,,,,,,,,,,,,,,,
TX,48,Jones,48253,2022,,,,,,,,,,,,,,,
TX,48,Karnes,48255,2000,,,,,,,,,,,,,,,
TX,48,Karnes,48255,2001,,,,,,,,,,,,,,,
TX,48,Karnes,48255,2002,588647217.0,,,,,,,,,,,,,,
TX,48,Karnes,48255,2003,,,,,,,,,,,,,,,
TX,48,Karnes,48255,2004,,,,,,,,,,,,,,,
TX,48,Karnes,48255,2005,,,,,,,,,,,,,,,
TX,48,Karnes,48255,2006,,,,,,,,,,,,,,,
TX,48,Karnes,48255,2007,,,,,,,,,,,,,,,
TX,48,Karnes,48255,2008,,,,,,,,,,,,,,,
TX,48,Karnes,48255,2009,,,,,,,,,,,,,,,
TX,48,Karnes,48255,2010,,,,,,,,,,,,,,,
TX,48,Karnes,48255,2011,,,,,,,,,,,,,,,
TX,48,Karnes,48255,2012,,,,,,,,,,,,,,,
TX,48,Karnes,48255,2013,,,,,,,,,,,,,,,
TX,48,Karnes,48255,2014,,,,,,,,,,,,,,,
TX,48,Karnes,48255,2015,,,,,,,,,,,,,,,
TX,48,Karnes,48255,2016,,,,,,,,,,,,,,,
TX,48,Karnes,48255,2017,,,,,,,,,,,,,,,
TX,48,Karnes,48255,2018,,,,,,,,,,,,,,,
TX,48,Karnes,48255,2019,,,,,,,,,,,,,,,
TX,48,Karnes,48255,2020,,,,,,,,,,,,,,,
TX,48,Karnes,48255,2021,,,,,,,,,,,,,,,
TX,48,Karnes,48255,2022,,,,,,,,,,,,,,,
TX,48,Kaufman,48257,2000,,,,,,,,,,,,,,,
TX,48,Kaufman,48257,2001,,,,,,,,,,,,,,,
TX,48,Kaufman,48257,2002,3921293193.0,,,,,,,,,,,,,,
TX,48,Kaufman,48257,2003,,,,,,,,,,,,,,,
TX,48,Kaufman,48257,2004,,,,,,,,,,,,,,,
TX,48,Kaufman,48257,2005,,,,,,,,,,,,,,,
TX,48,Kaufman,48257,2006,,,,,,,,,,,,,,,
TX,48,Kaufman,48257,2007,,,,,,,,,,,,,,,
TX,48,Kaufman,48257,2008,,,,,,,,,,,,,,,
TX,48,Kaufman,48257,2009,,,,,,,,,,,,,,,
TX,48,Kaufman,48257,2010,,,,,,,,,,,,,,,
TX,48,Kaufman,48257,2011,,,,,,,,,,,,,,,
TX,48,Kaufman,48257,2012,,,,,,,,,,,,,,,
TX,48,Kaufman,48257,2013,,,,,,,,,,,,,,,
TX,48,Kaufman,48257,2014,,,,,,,,,,,,,,,
TX,48,Kaufman,48257,2015,,,,,,,,,,,,,,,
TX,48,Kaufman,48257,2016,,,,,,,,,,,,,,,
TX,48,Kaufman,48257,2017,,,,,,,,,,,,,,,
TX,48,Kaufman,48257,2018,,,,,,,,,,,,,,,
TX,48,Kaufman,48257,2019,,,,,,,,,,,,,,,
TX,48,Kaufman,48257,2020,,,,,,,,,,,,,,,
TX,48,Kaufman,48257,2021,,,,,,,,,,,,,,,
TX,48,Kaufman,48257,2022,,,,,,,,,,,,,,,
TX,48,Kendall,48259,2000,,,,,,,,,,,,,,,
TX,48,Kendall,48259,2001,,,,,,,,,,,,,,,
TX,48,Kendall,48259,2002,2651375176.0,,,,,,,,,,,,,,
TX,48,Kendall,48259,2003,,,,,,,,,,,,,,,
TX,48,Kendall,48259,2004,,,,,,,,,,,,,,,
TX,48,Kendall,48259,2005,,,,,,,,,,,,,,,
TX,48,Kendall,48259,2006,,,,,,,,,,,,,,,
TX,48,Kendall,48259,2007,,,,,,,,,,,,,,,
TX,48,Kendall,48259,2008,,,,,,,,,,,,,,,
TX,48,Kendall,48259,2009,,,,,,,,,,,,,,,
TX,48,Kendall,48259,2010,,,,,,,,,,,,,,,
TX,48,Kendall,48259,2011,,,,,,,,,,,,,,,
TX,48,Kendall,48259,2012,,,,,,,,,,,,,,,
TX,48,Kendall,48259,2013,,,,,,,,,,,,,,,
TX,48,Kendall,48259,2014,,,,,,,,,,,,,,,
TX,48,Kendall,48259,2015,,,,,,,,,,,,,,,
TX,48,Kendall,48259,2016,,,,,,,,,,,,,,,
TX,48,Kendall,48259,2017,,,,,,,,,,,,,,,
TX,48,Kendall,48259,2018,,,,,,,,,,,,,,,
TX,48,Kendall,48259,2019,,,,,,,,,,,,,,,
TX,48,Kendall,48259,2020,,,,,,,,,,,,,,,
TX,48,Kendall,48259,2021,,,,,,,,,,,,,,,
TX,48,Kendall,48259,2022,,,,,,,,,,,,,,,
TX,48,Kenedy,48261,2000,,,,,,,,,,,,,,,
TX,48,Kenedy,48261,2001,,,,,,,,,,,,,,,
TX,48,Kenedy,48261,2002,559584670.0,,,,,,,,,,,,,,
TX,48,Kenedy,48261,2003,,,,,,,,,,,,,,,
TX,48,Kenedy,48261,2004,,,,,,,,,,,,,,,
TX,48,Kenedy,48261,2005,,,,,,,,,,,,,,,
TX,48,Kenedy,48261,2006,,,,,,,,,,,,,,,
TX,48,Kenedy,48261,2007,,,,,,,,,,,,,,,
TX,48,Kenedy,48261,2008,,,,,,,,,,,,,,,
TX,48,Kenedy,48261,2009,,,,,,,,,,,,,,,
TX,48,Kenedy,48261,2010,,,,,,,,,,,,,,,
TX,48,Kenedy,48261,2011,,,,,,,,,,,,,,,
TX,48,Kenedy,48261,2012,,,,,,,,,,,,,,,
TX,48,Kenedy,48261,2013,,,,,,,,,,,,,,,
TX,48,Kenedy,48261,2014,,,,,,,,,,,,,,,
TX,48,Kenedy,48261,2015,,,,,,,,,,,,,,,
TX,48,Kenedy,48261,2016,,,,,,,,,,,,,,,
TX,48,Kenedy,48261,2017,,,,,,,,,,,,,,,
TX,48,Kenedy,48261,2018,,,,,,,,,,,,,,,
TX,48,Kenedy,48261,2019,,,,,,,,,,,,,,,
TX,48,Kenedy,48261,2020,,,,,,,,,,,,,,,
TX,48,Kenedy,48261,2021,,,,,,,,,,,,,,,
TX,48,Kenedy,48261,2022,,,,,,,,,,,,,,,
TX,48,Kent,48263,2000,,,,,,,,,,,,,,,
TX,48,Kent,48263,2001,,,,,,,,,,,,,,,
TX,48,Kent,48263,2002,371633813.0,,,,,,,,,,,,,,
TX,48,Kent,48263,2003,,,,,,,,,,,,,,,
TX,48,Kent,48263,2004,,,,,,,,,,,,,,,
TX,48,Kent,48263,2005,,,,,,,,,,,,,,,
TX,48,Kent,48263,2006,,,,,,,,,,,,,,,
TX,48,Kent,48263,2007,,,,,,,,,,,,,,,
TX,48,Kent,48263,2008,,,,,,,,,,,,,,,
TX,48,Kent,48263,2009,,,,,,,,,,,,,,,
TX,48,Kent,48263,2010,,,,,,,,,,,,,,,
TX,48,Kent,48263,2011,,,,,,,,,,,,,,,
TX,48,Kent,48263,2012,,,,,,,,,,,,,,,
TX,48,Kent,48263,2013,,,,,,,,,,,,,,,
TX,48,Kent,48263,2014,,,,,,,,,,,,,,,
TX,48,Kent,48263,2015,,,,,,,,,,,,,,,
TX,48,Kent,48263,2016,,,,,,,,,,,,,,,
TX,48,Kent,48263,2017,,,,,,,,,,,,,,,
TX,48,Kent,48263,2018,,,,,,,,,,,,,,,
TX,48,Kent,48263,2019,,,,,,,,,,,,,,,
TX,48,Kent,48263,2020,,,,,,,,,,,,,,,
TX,48,Kent,48263,2021,,,,,,,,,,,,,,,
TX,48,Kent,48263,2022,,,,,,,,,,,,,,,
TX,48,Kerr,48265,2000,,,,,,,,,,,,,,,
TX,48,Kerr,48265,2001,,,,,,,,,,,,,,,
TX,48,Kerr,48265,2002,2970059627.0,,,,,,,,,,,,,,
TX,48,Kerr,48265,2003,,,,,,,,,,,,,,,
TX,48,Kerr,48265,2004,,,,,,,,,,,,,,,
TX,48,Kerr,48265,2005,,,,,,,,,,,,,,,
TX,48,Kerr,48265,2006,,,,,,,,,,,,,,,
TX,48,Kerr,48265,2007,,,,,,,,,,,,,,,
TX,48,Kerr,48265,2008,,,,,,,,,,,,,,,
TX,48,Kerr,48265,2009,,,,,,,,,,,,,,,
TX,48,Kerr,48265,2010,,,,,,,,,,,,,,,
TX,48,Kerr,48265,2011,,,,,,,,,,,,,,,
TX,48,Kerr,48265,2012,,,,,,,,,,,,,,,
TX,48,Kerr,48265,2013,,,,,,,,,,,,,,,
TX,48,Kerr,48265,2014,,,,,,,,,,,,,,,
TX,48,Kerr,48265,2015,,,,,,,,,,,,,,,
TX,48,Kerr,48265,2016,,,,,,,,,,,,,,,
TX,48,Kerr,48265,2017,,,,,,,,,,,,,,,
TX,48,Kerr,48265,2018,,,,,,,,,,,,,,,
TX,48,Kerr,48265,2019,,,,,,,,,,,,,,,
TX,48,Kerr,48265,2020,,,,,,,,,,,,,,,
TX,48,Kerr,48265,2021,,,,,,,,,,,,,,,
TX,48,Kerr,48265,2022,,,,,,,,,,,,,,,
TX,48,Kimble,48267,2000,,,,,,,,,,,,,,,
TX,48,Kimble,48267,2001,,,,,,,,,,,,,,,
TX,48,Kimble,48267,2002,703279595.0,,,,,,,,,,,,,,
TX,48,Kimble,48267,2003,,,,,,,,,,,,,,,
TX,48,Kimble,48267,2004,,,,,,,,,,,,,,,
TX,48,Kimble,48267,2005,,,,,,,,,,,,,,,
TX,48,Kimble,48267,2006,,,,,,,,,,,,,,,
TX,48,Kimble,48267,2007,,,,,,,,,,,,,,,
TX,48,Kimble,48267,2008,,,,,,,,,,,,,,,
TX,48,Kimble,48267,2009,,,,,,,,,,,,,,,
TX,48,Kimble,48267,2010,,,,,,,,,,,,,,,
TX,48,Kimble,48267,2011,,,,,,,,,,,,,,,
TX,48,Kimble,48267,2012,,,,,,,,,,,,,,,
TX,48,Kimble,48267,2013,,,,,,,,,,,,,,,
TX,48,Kimble,48267,2014,,,,,,,,,,,,,,,
TX,48,Kimble,48267,2015,,,,,,,,,,,,,,,
TX,48,Kimble,48267,2016,,,,,,,,,,,,,,,
TX,48,Kimble,48267,2017,,,,,,,,,,,,,,,
TX,48,Kimble,48267,2018,,,,,,,,,,,,,,,
TX,48,Kimble,48267,2019,,,,,,,,,,,,,,,
TX,48,Kimble,48267,2020,,,,,,,,,,,,,,,
TX,48,Kimble,48267,2021,,,,,,,,,,,,,,,
TX,48,Kimble,48267,2022,,,,,,,,,,,,,,,
TX,48,King,48269,2000,,,,,,,,,,,,,,,
TX,48,King,48269,2001,,,,,,,,,,,,,,,
TX,48,King,48269,2002,212177578.0,,,,,,,,,,,,,,
TX,48,King,48269,2003,,,,,,,,,,,,,,,
TX,48,King,48269,2004,,,,,,,,,,,,,,,
TX,48,King,48269,2005,,,,,,,,,,,,,,,
TX,48,King,48269,2006,,,,,,,,,,,,,,,
TX,48,King,48269,2007,,,,,,,,,,,,,,,
TX,48,King,48269,2008,,,,,,,,,,,,,,,
TX,48,King,48269,2009,,,,,,,,,,,,,,,
TX,48,King,48269,2010,,,,,,,,,,,,,,,
TX,48,King,48269,2011,,,,,,,,,,,,,,,
TX,48,King,48269,2012,,,,,,,,,,,,,,,
TX,48,King,48269,2013,,,,,,,,,,,,,,,
TX,48,King,48269,2014,,,,,,,,,,,,,,,
TX,48,King,48269,2015,,,,,,,,,,,,,,,
TX,48,King,48269,2016,,,,,,,,,,,,,,,
TX,48,King,48269,2017,,,,,,,,,,,,,,,
TX,48,King,48269,2018,,,,,,,,,,,,,,,
TX,48,King,48269,2019,,,,,,,,,,,,,,,
TX,48,King,48269,2020,,,,,,,,,,,,,,,
TX,48,King,48269,2021,,,,,,,,,,,,,,,
TX,48,King,48269,2022,,,,,,,,,,,,,,,
TX,48,Kinney,48271,2000,,,,,,,,,,,,,,,
TX,48,Kinney,48271,2001,,,,,,,,,,,,,,,
TX,48,Kinney,48271,2002,477981125.0,,,,,,,,,,,,,,
TX,48,Kinney,48271,2003,,,,,,,,,,,,,,,
TX,48,Kinney,48271,2004,,,,,,,,,,,,,,,
TX,48,Kinney,48271,2005,,,,,,,,,,,,,,,
TX,48,Kinney,48271,2006,,,,,,,,,,,,,,,
TX,48,Kinney,48271,2007,,,,,,,,,,,,,,,
TX,48,Kinney,48271,2008,,,,,,,,,,,,,,,
TX,48,Kinney,48271,2009,,,,,,,,,,,,,,,
TX,48,Kinney,48271,2010,,,,,,,,,,,,,,,
TX,48,Kinney,48271,2011,,,,,,,,,,,,,,,
TX,48,Kinney,48271,2012,,,,,,,,,,,,,,,
TX,48,Kinney,48271,2013,,,,,,,,,,,,,,,
TX,48,Kinney,48271,2014,,,,,,,,,,,,,,,
TX,48,Kinney,48271,2015,,,,,,,,,,,,,,,
TX,48,Kinney,48271,2016,,,,,,,,,,,,,,,
TX,48,Kinney,48271,2017,,,,,,,,,,,,,,,
TX,48,Kinney,48271,2018,,,,,,,,,,,,,,,
TX,48,Kinney,48271,2019,,,,,,,,,,,,,,,
TX,48,Kinney,48271,2020,,,,,,,,,,,,,,,
TX,48,Kinney,48271,2021,,,,,,,,,,,,,,,
TX,48,Kinney,48271,2022,,,,,,,,,,,,,,,
TX,48,Kleberg,48273,2000,,,,,,,,,,,,,,,
TX,48,Kleberg,48273,2001,,,,,,,,,,,,,,,
TX,48,Kleberg,48273,2002,1373335780.0,,,,,,,,,,,,,,
TX,48,Kleberg,48273,2003,,,,,,,,,,,,,,,
TX,48,Kleberg,48273,2004,,,,,,,,,,,,,,,
TX,48,Kleberg,48273,2005,,,,,,,,,,,,,,,
TX,48,Kleberg,48273,2006,,,,,,,,,,,,,,,
TX,48,Kleberg,48273,2007,,,,,,,,,,,,,,,
TX,48,Kleberg,48273,2008,,,,,,,,,,,,,,,
TX,48,Kleberg,48273,2009,,,,,,,,,,,,,,,
TX,48,Kleberg,48273,2010,,,,,,,,,,,,,,,
TX,48,Kleberg,48273,2011,,,,,,,,,,,,,,,
TX,48,Kleberg,48273,2012,,,,,,,,,,,,,,,
TX,48,Kleberg,48273,2013,,,,,,,,,,,,,,,
TX,48,Kleberg,48273,2014,,,,,,,,,,,,,,,
TX,48,Kleberg,48273,2015,,,,,,,,,,,,,,,
TX,48,Kleberg,48273,2016,,,,,,,,,,,,,,,
TX,48,Kleberg,48273,2017,,,,,,,,,,,,,,,
TX,48,Kleberg,48273,2018,,,,,,,,,,,,,,,
TX,48,Kleberg,48273,2019,,,,,,,,,,,,,,,
TX,48,Kleberg,48273,2020,,,,,,,,,,,,,,,
TX,48,Kleberg,48273,2021,,,,,,,,,,,,,,,
TX,48,Kleberg,48273,2022,,,,,,,,,,,,,,,
TX,48,Knox,48275,2000,,,,,,,,,,,,,,,
TX,48,Knox,48275,2001,,,,,,,,,,,,,,,
TX,48,Knox,48275,2002,202173765.0,,,,,,,,,,,,,,
TX,48,Knox,48275,2003,,,,,,,,,,,,,,,
TX,48,Knox,48275,2004,,,,,,,,,,,,,,,
TX,48,Knox,48275,2005,,,,,,,,,,,,,,,
TX,48,Knox,48275,2006,,,,,,,,,,,,,,,
TX,48,Knox,48275,2007,,,,,,,,,,,,,,,
TX,48,Knox,48275,2008,,,,,,,,,,,,,,,
TX,48,Knox,48275,2009,,,,,,,,,,,,,,,
TX,48,Knox,48275,2010,,,,,,,,,,,,,,,
TX,48,Knox,48275,2011,,,,,,,,,,,,,,,
TX,48,Knox,48275,2012,,,,,,,,,,,,,,,
TX,48,Knox,48275,2013,,,,,,,,,,,,,,,
TX,48,Knox,48275,2014,,,,,,,,,,,,,,,
TX,48,Knox,48275,2015,,,,,,,,,,,,,,,
TX,48,Knox,48275,2016,,,,,,,,,,,,,,,
TX,48,Knox,48275,2017,,,,,,,,,,,,,,,
TX,48,Knox,48275,2018,,,,,,,,,,,,,,,
TX,48,Knox,48275,2019,,,,,,,,,,,,,,,
TX,48,Knox,48275,2020,,,,,,,,,,,,,,,
TX,48,Knox,48275,2021,,,,,,,,,,,,,,,
TX,48,Knox,48275,2022,,,,,,,,,,,,,,,
TX,48,Lamar,48277,2000,,,,,,,,,,,,,,,
TX,48,Lamar,48277,2001,,,,,,,,,,,,,,,
TX,48,Lamar,48277,2002,2358490612.0,,,,,,,,,,,,,,
TX,48,Lamar,48277,2003,,,,,,,,,,,,,,,
TX,48,Lamar,48277,2004,,,,,,,,,,,,,,,
TX,48,Lamar,48277,2005,,,,,,,,,,,,,,,
TX,48,Lamar,48277,2006,,,,,,,,,,,,,,,
TX,48,Lamar,48277,2007,,,,,,,,,,,,,,,
TX,48,Lamar,48277,2008,,,,,,,,,,,,,,,
TX,48,Lamar,48277,2009,,,,,,,,,,,,,,,
TX,48,Lamar,48277,2010,,,,,,,,,,,,,,,
TX,48,Lamar,48277,2011,,,,,,,,,,,,,,,
TX,48,Lamar,48277,2012,,,,,,,,,,,,,,,
TX,48,Lamar,48277,2013,,,,,,,,,,,,,,,
TX,48,Lamar,48277,2014,,,,,,,,,,,,,,,
TX,48,Lamar,48277,2015,,,,,,,,,,,,,,,
TX,48,Lamar,48277,2016,,,,,,,,,,,,,,,
TX,48,Lamar,48277,2017,,,,,,,,,,,,,,,
TX,48,Lamar,48277,2018,,,,,,,,,,,,,,,
TX,48,Lamar,48277,2019,,,,,,,,,,,,,,,
TX,48,Lamar,48277,2020,,,,,,,,,,,,,,,
TX,48,Lamar,48277,2021,,,,,,,,,,,,,,,
TX,48,Lamar,48277,2022,,,,,,,,,,,,,,,
TX,48,Lamb,48279,2000,,,,,,,,,,,,,,,
TX,48,Lamb,48279,2001,,,,,,,,,,,,,,,
TX,48,Lamb,48279,2002,990134968.0,,,,,,,,,,,,,,
TX,48,Lamb,48279,2003,,,,,,,,,,,,,,,
TX,48,Lamb,48279,2004,,,,,,,,,,,,,,,
TX,48,Lamb,48279,2005,,,,,,,,,,,,,,,
TX,48,Lamb,48279,2006,,,,,,,,,,,,,,,
TX,48,Lamb,48279,2007,,,,,,,,,,,,,,,
TX,48,Lamb,48279,2008,,,,,,,,,,,,,,,
TX,48,Lamb,48279,2009,,,,,,,,,,,,,,,
TX,48,Lamb,48279,2010,,,,,,,,,,,,,,,
TX,48,Lamb,48279,2011,,,,,,,,,,,,,,,
TX,48,Lamb,48279,2012,,,,,,,,,,,,,,,
TX,48,Lamb,48279,2013,,,,,,,,,,,,,,,
TX,48,Lamb,48279,2014,,,,,,,,,,,,,,,
TX,48,Lamb,48279,2015,,,,,,,,,,,,,,,
TX,48,Lamb,48279,2016,,,,,,,,,,,,,,,
TX,48,Lamb,48279,2017,,,,,,,,,,,,,,,
TX,48,Lamb,48279,2018,,,,,,,,,,,,,,,
TX,48,Lamb,48279,2019,,,,,,,,,,,,,,,
TX,48,Lamb,48279,2020,,,,,,,,,,,,,,,
TX,48,Lamb,48279,2021,,,,,,,,,,,,,,,
TX,48,Lamb,48279,2022,,,,,,,,,,,,,,,
TX,48,Lampasas,48281,2000,,,,,,,,,,,,,,,
TX,48,Lampasas,48281,2001,,,,,,,,,,,,,,,
TX,48,Lampasas,48281,2002,1020975534.0,,,,,,,,,,,,,,
TX,48,Lampasas,48281,2003,,,,,,,,,,,,,,,
TX,48,Lampasas,48281,2004,,,,,,,,,,,,,,,
TX,48,Lampasas,48281,2005,,,,,,,,,,,,,,,
TX,48,Lampasas,48281,2006,,,,,,,,,,,,,,,
TX,48,Lampasas,48281,2007,,,,,,,,,,,,,,,
TX,48,Lampasas,48281,2008,,,,,,,,,,,,,,,
TX,48,Lampasas,48281,2009,,,,,,,,,,,,,,,
TX,48,Lampasas,48281,2010,,,,,,,,,,,,,,,
TX,48,Lampasas,48281,2011,,,,,,,,,,,,,,,
TX,48,Lampasas,48281,2012,,,,,,,,,,,,,,,
TX,48,Lampasas,48281,2013,,,,,,,,,,,,,,,
TX,48,Lampasas,48281,2014,,,,,,,,,,,,,,,
TX,48,Lampasas,48281,2015,,,,,,,,,,,,,,,
TX,48,Lampasas,48281,2016,,,,,,,,,,,,,,,
TX,48,Lampasas,48281,2017,,,,,,,,,,,,,,,
TX,48,Lampasas,48281,2018,,,,,,,,,,,,,,,
TX,48,Lampasas,48281,2019,,,,,,,,,,,,,,,
TX,48,Lampasas,48281,2020,,,,,,,,,,,,,,,
TX,48,Lampasas,48281,2021,,,,,,,,,,,,,,,
TX,48,Lampasas,48281,2022,,,,,,,,,,,,,,,
TX,48,La Salle,48283,2000,,,,,,,,,,,,,,,
TX,48,La Salle,48283,2001,,,,,,,,,,,,,,,
TX,48,La Salle,48283,2002,479899139.0,,,,,,,,,,,,,,
TX,48,La Salle,48283,2003,,,,,,,,,,,,,,,
TX,48,La Salle,48283,2004,,,,,,,,,,,,,,,
TX,48,La Salle,48283,2005,,,,,,,,,,,,,,,
TX,48,La Salle,48283,2006,,,,,,,,,,,,,,,
TX,48,La Salle,48283,2007,,,,,,,,,,,,,,,
TX,48,La Salle,48283,2008,,,,,,,,,,,,,,,
TX,48,La Salle,48283,2009,,,,,,,,,,,,,,,
TX,48,La Salle,48283,2010,,,,,,,,,,,,,,,
TX,48,La Salle,48283,2011,,,,,,,,,,,,,,,
TX,48,La Salle,48283,2012,,,,,,,,,,,,,,,
TX,48,La Salle,48283,2013,,,,,,,,,,,,,,,
TX,48,La Salle,48283,2014,,,,,,,,,,,,,,,
TX,48,La Salle,48283,2015,,,,,,,,,,,,,,,
TX,48,La Salle,48283,2016,,,,,,,,,,,,,,,
TX,48,La Salle,48283,2017,,,,,,,,,,,,,,,
TX,48,La Salle,48283,2018,,,,,,,,,,,,,,,
TX,48,La Salle,48283,2019,,,,,,,,,,,,,,,
TX,48,La Salle,48283,2020,,,,,,,,,,,,,,,
TX,48,La Salle,48283,2021,,,,,,,,,,,,,,,
TX,48,La Salle,48283,2022,,,,,,,,,,,,,,,
TX,48,Lavaca,48285,2000,,,,,,,,,,,,,,,
TX,48,Lavaca,48285,2001,,,,,,,,,,,,,,,
TX,48,Lavaca,48285,2002,1683958908.0,,,,,,,,,,,,,,
TX,48,Lavaca,48285,2003,,,,,,,,,,,,,,,
TX,48,Lavaca,48285,2004,,,,,,,,,,,,,,,
TX,48,Lavaca,48285,2005,,,,,,,,,,,,,,,
TX,48,Lavaca,48285,2006,,,,,,,,,,,,,,,
TX,48,Lavaca,48285,2007,,,,,,,,,,,,,,,
TX,48,Lavaca,48285,2008,,,,,,,,,,,,,,,
TX,48,Lavaca,48285,2009,,,,,,,,,,,,,,,
TX,48,Lavaca,48285,2010,,,,,,,,,,,,,,,
TX,48,Lavaca,48285,2011,,,,,,,,,,,,,,,
TX,48,Lavaca,48285,2012,,,,,,,,,,,,,,,
TX,48,Lavaca,48285,2013,,,,,,,,,,,,,,,
TX,48,Lavaca,48285,2014,,,,,,,,,,,,,,,
TX,48,Lavaca,48285,2015,,,,,,,,,,,,,,,
TX,48,Lavaca,48285,2016,,,,,,,,,,,,,,,
TX,48,Lavaca,48285,2017,,,,,,,,,,,,,,,
TX,48,Lavaca,48285,2018,,,,,,,,,,,,,,,
TX,48,Lavaca,48285,2019,,,,,,,,,,,,,,,
TX,48,Lavaca,48285,2020,,,,,,,,,,,,,,,
TX,48,Lavaca,48285,2021,,,,,,,,,,,,,,,
TX,48,Lavaca,48285,2022,,,,,,,,,,,,,,,
TX,48,Lee,48287,2000,,,,,,,,,,,,,,,
TX,48,Lee,48287,2001,,,,,,,,,,,,,,,
TX,48,Lee,48287,2002,1279957524.0,,,,,,,,,,,,,,
TX,48,Lee,48287,2003,,,,,,,,,,,,,,,
TX,48,Lee,48287,2004,,,,,,,,,,,,,,,
TX,48,Lee,48287,2005,,,,,,,,,,,,,,,
TX,48,Lee,48287,2006,,,,,,,,,,,,,,,
TX,48,Lee,48287,2007,,,,,,,,,,,,,,,
TX,48,Lee,48287,2008,,,,,,,,,,,,,,,
TX,48,Lee,48287,2009,,,,,,,,,,,,,,,
TX,48,Lee,48287,2010,,,,,,,,,,,,,,,
TX,48,Lee,48287,2011,,,,,,,,,,,,,,,
TX,48,Lee,48287,2012,,,,,,,,,,,,,,,
TX,48,Lee,48287,2013,,,,,,,,,,,,,,,
TX,48,Lee,48287,2014,,,,,,,,,,,,,,,
TX,48,Lee,48287,2015,,,,,,,,,,,,,,,
TX,48,Lee,48287,2016,,,,,,,,,,,,,,,
TX,48,Lee,48287,2017,,,,,,,,,,,,,,,
TX,48,Lee,48287,2018,,,,,,,,,,,,,,,
TX,48,Lee,48287,2019,,,,,,,,,,,,,,,
TX,48,Lee,48287,2020,,,,,,,,,,,,,,,
TX,48,Lee,48287,2021,,,,,,,,,,,,,,,
TX,48,Lee,48287,2022,,,,,,,,,,,,,,,
TX,48,Leon,48289,2000,,,,,,,,,,,,,,,
TX,48,Leon,48289,2001,,,,,,,,,,,,,,,
TX,48,Leon,48289,2002,1380863117.0,,,,,,,,,,,,,,
TX,48,Leon,48289,2003,,,,,,,,,,,,,,,
TX,48,Leon,48289,2004,,,,,,,,,,,,,,,
TX,48,Leon,48289,2005,,,,,,,,,,,,,,,
TX,48,Leon,48289,2006,,,,,,,,,,,,,,,
TX,48,Leon,48289,2007,,,,,,,,,,,,,,,
TX,48,Leon,48289,2008,,,,,,,,,,,,,,,
TX,48,Leon,48289,2009,,,,,,,,,,,,,,,
TX,48,Leon,48289,2010,,,,,,,,,,,,,,,
TX,48,Leon,48289,2011,,,,,,,,,,,,,,,
TX,48,Leon,48289,2012,,,,,,,,,,,,,,,
TX,48,Leon,48289,2013,,,,,,,,,,,,,,,
TX,48,Leon,48289,2014,,,,,,,,,,,,,,,
TX,48,Leon,48289,2015,,,,,,,,,,,,,,,
TX,48,Leon,48289,2016,,,,,,,,,,,,,,,
TX,48,Leon,48289,2017,,,,,,,,,,,,,,,
TX,48,Leon,48289,2018,,,,,,,,,,,,,,,
TX,48,Leon,48289,2019,,,,,,,,,,,,,,,
TX,48,Leon,48289,2020,,,,,,,,,,,,,,,
TX,48,Leon,48289,2021,,,,,,,,,,,,,,,
TX,48,Leon,48289,2022,,,,,,,,,,,,,,,
TX,48,Liberty,48291,2000,,,,,,,,,,,,,,,
TX,48,Liberty,48291,2001,,,,,,,,,,,,,,,
TX,48,Liberty,48291,2002,3100104234.0,,,,,,,,,,,,,,
TX,48,Liberty,48291,2003,,,,,,,,,,,,,,,
TX,48,Liberty,48291,2004,,,,,,,,,,,,,,,
TX,48,Liberty,48291,2005,,,,,,,,,,,,,,,
TX,48,Liberty,48291,2006,,,,,,,,,,,,,,,
TX,48,Liberty,48291,2007,,,,,,,,,,,,,,,
TX,48,Liberty,48291,2008,,,,,,,,,,,,,,,
TX,48,Liberty,48291,2009,,,,,,,,,,,,,,,
TX,48,Liberty,48291,2010,,,,,,,,,,,,,,,
TX,48,Liberty,48291,2011,,,,,,,,,,,,,,,
TX,48,Liberty,48291,2012,,,,,,,,,,,,,,,
TX,48,Liberty,48291,2013,,,,,,,,,,,,,,,
TX,48,Liberty,48291,2014,,,,,,,,,,,,,,,
TX,48,Liberty,48291,2015,,,,,,,,,,,,,,,
TX,48,Liberty,48291,2016,,,,,,,,,,,,,,,
TX,48,Liberty,48291,2017,,,,,,,,,,,,,,,
TX,48,Liberty,48291,2018,,,,,,,,,,,,,,,
TX,48,Liberty,48291,2019,,,,,,,,,,,,,,,
TX,48,Liberty,48291,2020,,,,,,,,,,,,,,,
TX,48,Liberty,48291,2021,,,,,,,,,,,,,,,
TX,48,Liberty,48291,2022,,,,,,,,,,,,,,,
TX,48,Limestone,48293,2000,,,,,,,,,,,,,,,
TX,48,Limestone,48293,2001,,,,,,,,,,,,,,,
TX,48,Limestone,48293,2002,1525460008.0,,,,,,,,,,,,,,
TX,48,Limestone,48293,2003,,,,,,,,,,,,,,,
TX,48,Limestone,48293,2004,,,,,,,,,,,,,,,
TX,48,Limestone,48293,2005,,,,,,,,,,,,,,,
TX,48,Limestone,48293,2006,,,,,,,,,,,,,,,
TX,48,Limestone,48293,2007,,,,,,,,,,,,,,,
TX,48,Limestone,48293,2008,,,,,,,,,,,,,,,
TX,48,Limestone,48293,2009,,,,,,,,,,,,,,,
TX,48,Limestone,48293,2010,,,,,,,,,,,,,,,
TX,48,Limestone,48293,2011,,,,,,,,,,,,,,,
TX,48,Limestone,48293,2012,,,,,,,,,,,,,,,
TX,48,Limestone,48293,2013,,,,,,,,,,,,,,,
TX,48,Limestone,48293,2014,,,,,,,,,,,,,,,
TX,48,Limestone,48293,2015,,,,,,,,,,,,,,,
TX,48,Limestone,48293,2016,,,,,,,,,,,,,,,
TX,48,Limestone,48293,2017,,,,,,,,,,,,,,,
TX,48,Limestone,48293,2018,,,,,,,,,,,,,,,
TX,48,Limestone,48293,2019,,,,,,,,,,,,,,,
TX,48,Limestone,48293,2020,,,,,,,,,,,,,,,
TX,48,Limestone,48293,2021,,,,,,,,,,,,,,,
TX,48,Limestone,48293,2022,,,,,,,,,,,,,,,
TX,48,Lipscomb,48295,2000,,,,,,,,,,,,,,,
TX,48,Lipscomb,48295,2001,,,,,,,,,,,,,,,
TX,48,Lipscomb,48295,2002,500318909.0,,,,,,,,,,,,,,
TX,48,Lipscomb,48295,2003,,,,,,,,,,,,,,,
TX,48,Lipscomb,48295,2004,,,,,,,,,,,,,,,
TX,48,Lipscomb,48295,2005,,,,,,,,,,,,,,,
TX,48,Lipscomb,48295,2006,,,,,,,,,,,,,,,
TX,48,Lipscomb,48295,2007,,,,,,,,,,,,,,,
TX,48,Lipscomb,48295,2008,,,,,,,,,,,,,,,
TX,48,Lipscomb,48295,2009,,,,,,,,,,,,,,,
TX,48,Lipscomb,48295,2010,,,,,,,,,,,,,,,
TX,48,Lipscomb,48295,2011,,,,,,,,,,,,,,,
TX,48,Lipscomb,48295,2012,,,,,,,,,,,,,,,
TX,48,Lipscomb,48295,2013,,,,,,,,,,,,,,,
TX,48,Lipscomb,48295,2014,,,,,,,,,,,,,,,
TX,48,Lipscomb,48295,2015,,,,,,,,,,,,,,,
TX,48,Lipscomb,48295,2016,,,,,,,,,,,,,,,
TX,48,Lipscomb,48295,2017,,,,,,,,,,,,,,,
TX,48,Lipscomb,48295,2018,,,,,,,,,,,,,,,
TX,48,Lipscomb,48295,2019,,,,,,,,,,,,,,,
TX,48,Lipscomb,48295,2020,,,,,,,,,,,,,,,
TX,48,Lipscomb,48295,2021,,,,,,,,,,,,,,,
TX,48,Lipscomb,48295,2022,,,,,,,,,,,,,,,
TX,48,Live Oak,48297,2000,,,,,,,,,,,,,,,
TX,48,Live Oak,48297,2001,,,,,,,,,,,,,,,
TX,48,Live Oak,48297,2002,1118717270.0,,,,,,,,,,,,,,
TX,48,Live Oak,48297,2003,,,,,,,,,,,,,,,
TX,48,Live Oak,48297,2004,,,,,,,,,,,,,,,
TX,48,Live Oak,48297,2005,,,,,,,,,,,,,,,
TX,48,Live Oak,48297,2006,,,,,,,,,,,,,,,
TX,48,Live Oak,48297,2007,,,,,,,,,,,,,,,
TX,48,Live Oak,48297,2008,,,,,,,,,,,,,,,
TX,48,Live Oak,48297,2009,,,,,,,,,,,,,,,
TX,48,Live Oak,48297,2010,,,,,,,,,,,,,,,
TX,48,Live Oak,48297,2011,,,,,,,,,,,,,,,
TX,48,Live Oak,48297,2012,,,,,,,,,,,,,,,
TX,48,Live Oak,48297,2013,,,,,,,,,,,,,,,
TX,48,Live Oak,48297,2014,,,,,,,,,,,,,,,
TX,48,Live Oak,48297,2015,,,,,,,,,,,,,,,
TX,48,Live Oak,48297,2016,,,,,,,,,,,,,,,
TX,48,Live Oak,48297,2017,,,,,,,,,,,,,,,
TX,48,Live Oak,48297,2018,,,,,,,,,,,,,,,
TX,48,Live Oak,48297,2019,,,,,,,,,,,,,,,
TX,48,Live Oak,48297,2020,,,,,,,,,,,,,,,
TX,48,Live Oak,48297,2021,,,,,,,,,,,,,,,
TX,48,Live Oak,48297,2022,,,,,,,,,,,,,,,
TX,48,Llano,48299,2000,,,,,,,,,,,,,,,
TX,48,Llano,48299,2001,,,,,,,,,,,,,,,
TX,48,Llano,48299,2002,2533964001.0,,,,,,,,,,,,,,
TX,48,Llano,48299,2003,,,,,,,,,,,,,,,
TX,48,Llano,48299,2004,,,,,,,,,,,,,,,
TX,48,Llano,48299,2005,,,,,,,,,,,,,,,
TX,48,Llano,48299,2006,,,,,,,,,,,,,,,
TX,48,Llano,48299,2007,,,,,,,,,,,,,,,
TX,48,Llano,48299,2008,,,,,,,,,,,,,,,
TX,48,Llano,48299,2009,,,,,,,,,,,,,,,
TX,48,Llano,48299,2010,,,,,,,,,,,,,,,
TX,48,Llano,48299,2011,,,,,,,,,,,,,,,
TX,48,Llano,48299,2012,,,,,,,,,,,,,,,
TX,48,Llano,48299,2013,,,,,,,,,,,,,,,
TX,48,Llano,48299,2014,,,,,,,,,,,,,,,
TX,48,Llano,48299,2015,,,,,,,,,,,,,,,
TX,48,Llano,48299,2016,,,,,,,,,,,,,,,
TX,48,Llano,48299,2017,,,,,,,,,,,,,,,
TX,48,Llano,48299,2018,,,,,,,,,,,,,,,
TX,48,Llano,48299,2019,,,,,,,,,,,,,,,
TX,48,Llano,48299,2020,,,,,,,,,,,,,,,
TX,48,Llano,48299,2021,,,,,,,,,,,,,,,
TX,48,Llano,48299,2022,,,,,,,,,,,,,,,
TX,48,Loving,48301,2000,,,,,,,,,,,,,,,
TX,48,Loving,48301,2001,,,,,,,,,,,,,,,
TX,48,Loving,48301,2002,205001490.0,,,,,,,,,,,,,,
TX,48,Loving,48301,2003,,,,,,,,,,,,,,,
TX,48,Loving,48301,2004,,,,,,,,,,,,,,,
TX,48,Loving,48301,2005,,,,,,,,,,,,,,,
TX,48,Loving,48301,2006,,,,,,,,,,,,,,,
TX,48,Loving,48301,2007,,,,,,,,,,,,,,,
TX,48,Loving,48301,2008,,,,,,,,,,,,,,,
TX,48,Loving,48301,2009,,,,,,,,,,,,,,,
TX,48,Loving,48301,2010,,,,,,,,,,,,,,,
TX,48,Loving,48301,2011,,,,,,,,,,,,,,,
TX,48,Loving,48301,2012,,,,,,,,,,,,,,,
TX,48,Loving,48301,2013,,,,,,,,,,,,,,,
TX,48,Loving,48301,2014,,,,,,,,,,,,,,,
TX,48,Loving,48301,2015,,,,,,,,,,,,,,,
TX,48,Loving,48301,2016,,,,,,,,,,,,,,,
TX,48,Loving,48301,2017,,,,,,,,,,,,,,,
TX,48,Loving,48301,2018,,,,,,,,,,,,,,,
TX,48,Loving,48301,2019,,,,,,,,,,,,,,,
TX,48,Loving,48301,2020,,,,,,,,,,,,,,,
TX,48,Loving,48301,2021,,,,,,,,,,,,,,,
TX,48,Loving,48301,2022,,,,,,,,,,,,,,,
TX,48,Lubbock,48303,2000,,,,,,,,,,,,,,,
TX,48,Lubbock,48303,2001,,,,,,,,,,,,,,,
TX,48,Lubbock,48303,2002,9456069163.0,,,,,,,,,,,,,,
TX,48,Lubbock,48303,2003,,,,,,,,,,,,,,,
TX,48,Lubbock,48303,2004,,,,,,,,,,,,,,,
TX,48,Lubbock,48303,2005,,,,,,,,,,,,,,,
TX,48,Lubbock,48303,2006,,,,,,,,,,,,,,,
TX,48,Lubbock,48303,2007,,,,,,,,,,,,,,,
TX,48,Lubbock,48303,2008,,,,,,,,,,,,,,,
TX,48,Lubbock,48303,2009,,,,,,,,,,,,,,,
TX,48,Lubbock,48303,2010,,,,,,,,,,,,,,,
TX,48,Lubbock,48303,2011,,,,,,,,,,,,,,,
TX,48,Lubbock,48303,2012,,,,,,,,,,,,,,,
TX,48,Lubbock,48303,2013,,,,,,,,,,,,,,,
TX,48,Lubbock,48303,2014,,,,,,,,,,,,,,,
TX,48,Lubbock,48303,2015,,,,,,,,,,,,,,,
TX,48,Lubbock,48303,2016,,,,,,,,,,,,,,,
TX,48,Lubbock,48303,2017,,,,,,,,,,,,,,,
TX,48,Lubbock,48303,2018,,,,,,,,,,,,,,,
TX,48,Lubbock,48303,2019,,,,,,,,,,,,,,,
TX,48,Lubbock,48303,2020,,,,,,,,,,,,,,,
TX,48,Lubbock,48303,2021,,,,,,,,,,,,,,,
TX,48,Lubbock,48303,2022,,,,,,,,,,,,,,,
TX,48,Lynn,48305,2000,,,,,,,,,,,,,,,
TX,48,Lynn,48305,2001,,,,,,,,,,,,,,,
TX,48,Lynn,48305,2002,350095981.0,,,,,,,,,,,,,,
TX,48,Lynn,48305,2003,,,,,,,,,,,,,,,
TX,48,Lynn,48305,2004,,,,,,,,,,,,,,,
TX,48,Lynn,48305,2005,,,,,,,,,,,,,,,
TX,48,Lynn,48305,2006,,,,,,,,,,,,,,,
TX,48,Lynn,48305,2007,,,,,,,,,,,,,,,
TX,48,Lynn,48305,2008,,,,,,,,,,,,,,,
TX,48,Lynn,48305,2009,,,,,,,,,,,,,,,
TX,48,Lynn,48305,2010,,,,,,,,,,,,,,,
TX,48,Lynn,48305,2011,,,,,,,,,,,,,,,
TX,48,Lynn,48305,2012,,,,,,,,,,,,,,,
TX,48,Lynn,48305,2013,,,,,,,,,,,,,,,
TX,48,Lynn,48305,2014,,,,,,,,,,,,,,,
TX,48,Lynn,48305,2015,,,,,,,,,,,,,,,
TX,48,Lynn,48305,2016,,,,,,,,,,,,,,,
TX,48,Lynn,48305,2017,,,,,,,,,,,,,,,
TX,48,Lynn,48305,2018,,,,,,,,,,,,,,,
TX,48,Lynn,48305,2019,,,,,,,,,,,,,,,
TX,48,Lynn,48305,2020,,,,,,,,,,,,,,,
TX,48,Lynn,48305,2021,,,,,,,,,,,,,,,
TX,48,Lynn,48305,2022,,,,,,,,,,,,,,,
TX,48,McCulloch,48307,2000,,,,,,,,,,,,,,,
TX,48,McCulloch,48307,2001,,,,,,,,,,,,,,,
TX,48,McCulloch,48307,2002,620820404.0,,,,,,,,,,,,,,
TX,48,McCulloch,48307,2003,,,,,,,,,,,,,,,
TX,48,McCulloch,48307,2004,,,,,,,,,,,,,,,
TX,48,McCulloch,48307,2005,,,,,,,,,,,,,,,
TX,48,McCulloch,48307,2006,,,,,,,,,,,,,,,
TX,48,McCulloch,48307,2007,,,,,,,,,,,,,,,
TX,48,McCulloch,48307,2008,,,,,,,,,,,,,,,
TX,48,McCulloch,48307,2009,,,,,,,,,,,,,,,
TX,48,McCulloch,48307,2010,,,,,,,,,,,,,,,
TX,48,McCulloch,48307,2011,,,,,,,,,,,,,,,
TX,48,McCulloch,48307,2012,,,,,,,,,,,,,,,
TX,48,McCulloch,48307,2013,,,,,,,,,,,,,,,
TX,48,McCulloch,48307,2014,,,,,,,,,,,,,,,
TX,48,McCulloch,48307,2015,,,,,,,,,,,,,,,
TX,48,McCulloch,48307,2016,,,,,,,,,,,,,,,
TX,48,McCulloch,48307,2017,,,,,,,,,,,,,,,
TX,48,McCulloch,48307,2018,,,,,,,,,,,,,,,
TX,48,McCulloch,48307,2019,,,,,,,,,,,,,,,
TX,48,McCulloch,48307,2020,,,,,,,,,,,,,,,
TX,48,McCulloch,48307,2021,,,,,,,,,,,,,,,
TX,48,McCulloch,48307,2022,,,,,,,,,,,,,,,
TX,48,McLennan,48309,2000,,,,,,,,,,,,,,,
TX,48,McLennan,48309,2001,,,,,,,,,,,,,,,
TX,48,McLennan,48309,2002,553408140.0,,,,,,,,,,,,,,
TX,48,McLennan,48309,2003,,,,,,,,,,,,,,,
TX,48,McLennan,48309,2004,,,,,,,,,,,,,,,
TX,48,McLennan,48309,2005,,,,,,,,,,,,,,,
TX,48,McLennan,48309,2006,,,,,,,,,,,,,,,
TX,48,McLennan,48309,2007,,,,,,,,,,,,,,,
TX,48,McLennan,48309,2008,,,,,,,,,,,,,,,
TX,48,McLennan,48309,2009,,,,,,,,,,,,,,,
TX,48,McLennan,48309,2010,,,,,,,,,,,,,,,
TX,48,McLennan,48309,2011,,,,,,,,,,,,,,,
TX,48,McLennan,48309,2012,,,,,,,,,,,,,,,
TX,48,McLennan,48309,2013,,,,,,,,,,,,,,,
TX,48,McLennan,48309,2014,,,,,,,,,,,,,,,
TX,48,McLennan,48309,2015,,,,,,,,,,,,,,,
TX,48,McLennan,48309,2016,,,,,,,,,,,,,,,
TX,48,McLennan,48309,2017,,,,,,,,,,,,,,,
TX,48,McLennan,48309,2018,,,,,,,,,,,,,,,
TX,48,McLennan,48309,2019,,,,,,,,,,,,,,,
TX,48,McLennan,48309,2020,,,,,,,,,,,,,,,
TX,48,McLennan,48309,2021,,,,,,,,,,,,,,,
TX,48,McLennan,48309,2022,,,,,,,,,,,,,,,
TX,48,McMullen,48311,2000,,,,,,,,,,,,,,,
TX,48,McMullen,48311,2001,,,,,,,,,,,,,,,
TX,48,McMullen,48311,2002,563282600.0,,,,,,,,,,,,,,
TX,48,McMullen,48311,2003,,,,,,,,,,,,,,,
TX,48,McMullen,48311,2004,,,,,,,,,,,,,,,
TX,48,McMullen,48311,2005,,,,,,,,,,,,,,,
TX,48,McMullen,48311,2006,,,,,,,,,,,,,,,
TX,48,McMullen,48311,2007,,,,,,,,,,,,,,,
TX,48,McMullen,48311,2008,,,,,,,,,,,,,,,
TX,48,McMullen,48311,2009,,,,,,,,,,,,,,,
TX,48,McMullen,48311,2010,,,,,,,,,,,,,,,
TX,48,McMullen,48311,2011,,,,,,,,,,,,,,,
TX,48,McMullen,48311,2012,,,,,,,,,,,,,,,
TX,48,McMullen,48311,2013,,,,,,,,,,,,,,,
TX,48,McMullen,48311,2014,,,,,,,,,,,,,,,
TX,48,McMullen,48311,2015,,,,,,,,,,,,,,,
TX,48,McMullen,48311,2016,,,,,,,,,,,,,,,
TX,48,McMullen,48311,2017,,,,,,,,,,,,,,,
TX,48,McMullen,48311,2018,,,,,,,,,,,,,,,
TX,48,McMullen,48311,2019,,,,,,,,,,,,,,,
TX,48,McMullen,48311,2020,,,,,,,,,,,,,,,
TX,48,McMullen,48311,2021,,,,,,,,,,,,,,,
TX,48,McMullen,48311,2022,,,,,,,,,,,,,,,
TX,48,Madison,48313,2000,,,,,,,,,,,,,,,
TX,48,Madison,48313,2001,,,,,,,,,,,,,,,
TX,48,Madison,48313,2002,586000030.0,,,,,,,,,,,,,,
TX,48,Madison,48313,2003,,,,,,,,,,,,,,,
TX,48,Madison,48313,2004,,,,,,,,,,,,,,,
TX,48,Madison,48313,2005,,,,,,,,,,,,,,,
TX,48,Madison,48313,2006,,,,,,,,,,,,,,,
TX,48,Madison,48313,2007,,,,,,,,,,,,,,,
TX,48,Madison,48313,2008,,,,,,,,,,,,,,,
TX,48,Madison,48313,2009,,,,,,,,,,,,,,,
TX,48,Madison,48313,2010,,,,,,,,,,,,,,,
TX,48,Madison,48313,2011,,,,,,,,,,,,,,,
TX,48,Madison,48313,2012,,,,,,,,,,,,,,,
TX,48,Madison,48313,2013,,,,,,,,,,,,,,,
TX,48,Madison,48313,2014,,,,,,,,,,,,,,,
TX,48,Madison,48313,2015,,,,,,,,,,,,,,,
TX,48,Madison,48313,2016,,,,,,,,,,,,,,,
TX,48,Madison,48313,2017,,,,,,,,,,,,,,,
TX,48,Madison,48313,2018,,,,,,,,,,,,,,,
TX,48,Madison,48313,2019,,,,,,,,,,,,,,,
TX,48,Madison,48313,2020,,,,,,,,,,,,,,,
TX,48,Madison,48313,2021,,,,,,,,,,,,,,,
TX,48,Madison,48313,2022,,,,,,,,,,,,,,,
TX,48,Marion,48315,2000,,,,,,,,,,,,,,,
TX,48,Marion,48315,2001,,,,,,,,,,,,,,,
TX,48,Marion,48315,2002,3073275066.0,,,,,,,,,,,,,,
TX,48,Marion,48315,2003,,,,,,,,,,,,,,,
TX,48,Marion,48315,2004,,,,,,,,,,,,,,,
TX,48,Marion,48315,2005,,,,,,,,,,,,,,,
TX,48,Marion,48315,2006,,,,,,,,,,,,,,,
TX,48,Marion,48315,2007,,,,,,,,,,,,,,,
TX,48,Marion,48315,2008,,,,,,,,,,,,,,,
TX,48,Marion,48315,2009,,,,,,,,,,,,,,,
TX,48,Marion,48315,2010,,,,,,,,,,,,,,,
TX,48,Marion,48315,2011,,,,,,,,,,,,,,,
TX,48,Marion,48315,2012,,,,,,,,,,,,,,,
TX,48,Marion,48315,2013,,,,,,,,,,,,,,,
TX,48,Marion,48315,2014,,,,,,,,,,,,,,,
TX,48,Marion,48315,2015,,,,,,,,,,,,,,,
TX,48,Marion,48315,2016,,,,,,,,,,,,,,,
TX,48,Marion,48315,2017,,,,,,,,,,,,,,,
TX,48,Marion,48315,2018,,,,,,,,,,,,,,,
TX,48,Marion,48315,2019,,,,,,,,,,,,,,,
TX,48,Marion,48315,2020,,,,,,,,,,,,,,,
TX,48,Marion,48315,2021,,,,,,,,,,,,,,,
TX,48,Marion,48315,2022,,,,,,,,,,,,,,,
TX,48,Martin,48317,2000,,,,,,,,,,,,,,,
TX,48,Martin,48317,2001,,,,,,,,,,,,,,,
TX,48,Martin,48317,2002,1298367169.0,,,,,,,,,,,,,,
TX,48,Martin,48317,2003,,,,,,,,,,,,,,,
TX,48,Martin,48317,2004,,,,,,,,,,,,,,,
TX,48,Martin,48317,2005,,,,,,,,,,,,,,,
TX,48,Martin,48317,2006,,,,,,,,,,,,,,,
TX,48,Martin,48317,2007,,,,,,,,,,,,,,,
TX,48,Martin,48317,2008,,,,,,,,,,,,,,,
TX,48,Martin,48317,2009,,,,,,,,,,,,,,,
TX,48,Martin,48317,2010,,,,,,,,,,,,,,,
TX,48,Martin,48317,2011,,,,,,,,,,,,,,,
TX,48,Martin,48317,2012,,,,,,,,,,,,,,,
TX,48,Martin,48317,2013,,,,,,,,,,,,,,,
TX,48,Martin,48317,2014,,,,,,,,,,,,,,,
TX,48,Martin,48317,2015,,,,,,,,,,,,,,,
TX,48,Martin,48317,2016,,,,,,,,,,,,,,,
TX,48,Martin,48317,2017,,,,,,,,,,,,,,,
TX,48,Martin,48317,2018,,,,,,,,,,,,,,,
TX,48,Martin,48317,2019,,,,,,,,,,,,,,,
TX,48,Martin,48317,2020,,,,,,,,,,,,,,,
TX,48,Martin,48317,2021,,,,,,,,,,,,,,,
TX,48,Martin,48317,2022,,,,,,,,,,,,,,,
TX,48,Mason,48319,2000,,,,,,,,,,,,,,,
TX,48,Mason,48319,2001,,,,,,,,,,,,,,,
TX,48,Mason,48319,2002,630606290.0,,,,,,,,,,,,,,
TX,48,Mason,48319,2003,,,,,,,,,,,,,,,
TX,48,Mason,48319,2004,,,,,,,,,,,,,,,
TX,48,Mason,48319,2005,,,,,,,,,,,,,,,
TX,48,Mason,48319,2006,,,,,,,,,,,,,,,
TX,48,Mason,48319,2007,,,,,,,,,,,,,,,
TX,48,Mason,48319,2008,,,,,,,,,,,,,,,
TX,48,Mason,48319,2009,,,,,,,,,,,,,,,
TX,48,Mason,48319,2010,,,,,,,,,,,,,,,
TX,48,Mason,48319,2011,,,,,,,,,,,,,,,
TX,48,Mason,48319,2012,,,,,,,,,,,,,,,
TX,48,Mason,48319,2013,,,,,,,,,,,,,,,
TX,48,Mason,48319,2014,,,,,,,,,,,,,,,
TX,48,Mason,48319,2015,,,,,,,,,,,,,,,
TX,48,Mason,48319,2016,,,,,,,,,,,,,,,
TX,48,Mason,48319,2017,,,,,,,,,,,,,,,
TX,48,Mason,48319,2018,,,,,,,,,,,,,,,
TX,48,Mason,48319,2019,,,,,,,,,,,,,,,
TX,48,Mason,48319,2020,,,,,,,,,,,,,,,
TX,48,Mason,48319,2021,,,,,,,,,,,,,,,
TX,48,Mason,48319,2022,,,,,,,,,,,,,,,
TX,48,Matagorda,48321,2000,,,,,,,,,,,,,,,
TX,48,Matagorda,48321,2001,,,,,,,,,,,,,,,
TX,48,Matagorda,48321,2002,8859472583.0,,,,,,,,,,,,,,
TX,48,Matagorda,48321,2003,,,,,,,,,,,,,,,
TX,48,Matagorda,48321,2004,,,,,,,,,,,,,,,
TX,48,Matagorda,48321,2005,,,,,,,,,,,,,,,
TX,48,Matagorda,48321,2006,,,,,,,,,,,,,,,
TX,48,Matagorda,48321,2007,,,,,,,,,,,,,,,
TX,48,Matagorda,48321,2008,,,,,,,,,,,,,,,
TX,48,Matagorda,48321,2009,,,,,,,,,,,,,,,
TX,48,Matagorda,48321,2010,,,,,,,,,,,,,,,
TX,48,Matagorda,48321,2011,,,,,,,,,,,,,,,
TX,48,Matagorda,48321,2012,,,,,,,,,,,,,,,
TX,48,Matagorda,48321,2013,,,,,,,,,,,,,,,
TX,48,Matagorda,48321,2014,,,,,,,,,,,,,,,
TX,48,Matagorda,48321,2015,,,,,,,,,,,,,,,
TX,48,Matagorda,48321,2016,,,,,,,,,,,,,,,
TX,48,Matagorda,48321,2017,,,,,,,,,,,,,,,
TX,48,Matagorda,48321,2018,,,,,,,,,,,,,,,
TX,48,Matagorda,48321,2019,,,,,,,,,,,,,,,
TX,48,Matagorda,48321,2020,,,,,,,,,,,,,,,
TX,48,Matagorda,48321,2021,,,,,,,,,,,,,,,
TX,48,Matagorda,48321,2022,,,,,,,,,,,,,,,
TX,48,Maverick,48323,2000,,,,,,,,,,,,,,,
TX,48,Maverick,48323,2001,,,,,,,,,,,,,,,
TX,48,Maverick,48323,2002,459199896.0,,,,,,,,,,,,,,
TX,48,Maverick,48323,2003,,,,,,,,,,,,,,,
TX,48,Maverick,48323,2004,,,,,,,,,,,,,,,
TX,48,Maverick,48323,2005,,,,,,,,,,,,,,,
TX,48,Maverick,48323,2006,,,,,,,,,,,,,,,
TX,48,Maverick,48323,2007,,,,,,,,,,,,,,,
TX,48,Maverick,48323,2008,,,,,,,,,,,,,,,
TX,48,Maverick,48323,2009,,,,,,,,,,,,,,,
TX,48,Maverick,48323,2010,,,,,,,,,,,,,,,
TX,48,Maverick,48323,2011,,,,,,,,,,,,,,,
TX,48,Maverick,48323,2012,,,,,,,,,,,,,,,
TX,48,Maverick,48323,2013,,,,,,,,,,,,,,,
TX,48,Maverick,48323,2014,,,,,,,,,,,,,,,
TX,48,Maverick,48323,2015,,,,,,,,,,,,,,,
TX,48,Maverick,48323,2016,,,,,,,,,,,,,,,
TX,48,Maverick,48323,2017,,,,,,,,,,,,,,,
TX,48,Maverick,48323,2018,,,,,,,,,,,,,,,
TX,48,Maverick,48323,2019,,,,,,,,,,,,,,,
TX,48,Maverick,48323,2020,,,,,,,,,,,,,,,
TX,48,Maverick,48323,2021,,,,,,,,,,,,,,,
TX,48,Maverick,48323,2022,,,,,,,,,,,,,,,
TX,48,Medina,48325,2000,,,,,,,,,,,,,,,
TX,48,Medina,48325,2001,,,,,,,,,,,,,,,
TX,48,Medina,48325,2002,1851382907.0,,,,,,,,,,,,,,
TX,48,Medina,48325,2003,,,,,,,,,,,,,,,
TX,48,Medina,48325,2004,,,,,,,,,,,,,,,
TX,48,Medina,48325,2005,,,,,,,,,,,,,,,
TX,48,Medina,48325,2006,,,,,,,,,,,,,,,
TX,48,Medina,48325,2007,,,,,,,,,,,,,,,
TX,48,Medina,48325,2008,,,,,,,,,,,,,,,
TX,48,Medina,48325,2009,,,,,,,,,,,,,,,
TX,48,Medina,48325,2010,,,,,,,,,,,,,,,
TX,48,Medina,48325,2011,,,,,,,,,,,,,,,
TX,48,Medina,48325,2012,,,,,,,,,,,,,,,
TX,48,Medina,48325,2013,,,,,,,,,,,,,,,
TX,48,Medina,48325,2014,,,,,,,,,,,,,,,
TX,48,Medina,48325,2015,,,,,,,,,,,,,,,
TX,48,Medina,48325,2016,,,,,,,,,,,,,,,
TX,48,Medina,48325,2017,,,,,,,,,,,,,,,
TX,48,Medina,48325,2018,,,,,,,,,,,,,,,
TX,48,Medina,48325,2019,,,,,,,,,,,,,,,
TX,48,Medina,48325,2020,,,,,,,,,,,,,,,
TX,48,Medina,48325,2021,,,,,,,,,,,,,,,
TX,48,Medina,48325,2022,,,,,,,,,,,,,,,
TX,48,Menard,48327,2000,,,,,,,,,,,,,,,
TX,48,Menard,48327,2001,,,,,,,,,,,,,,,
TX,48,Menard,48327,2002,391114850.0,,,,,,,,,,,,,,
TX,48,Menard,48327,2003,,,,,,,,,,,,,,,
TX,48,Menard,48327,2004,,,,,,,,,,,,,,,
TX,48,Menard,48327,2005,,,,,,,,,,,,,,,
TX,48,Menard,48327,2006,,,,,,,,,,,,,,,
TX,48,Menard,48327,2007,,,,,,,,,,,,,,,
TX,48,Menard,48327,2008,,,,,,,,,,,,,,,
TX,48,Menard,48327,2009,,,,,,,,,,,,,,,
TX,48,Menard,48327,2010,,,,,,,,,,,,,,,
TX,48,Menard,48327,2011,,,,,,,,,,,,,,,
TX,48,Menard,48327,2012,,,,,,,,,,,,,,,
TX,48,Menard,48327,2013,,,,,,,,,,,,,,,
TX,48,Menard,48327,2014,,,,,,,,,,,,,,,
TX,48,Menard,48327,2015,,,,,,,,,,,,,,,
TX,48,Menard,48327,2016,,,,,,,,,,,,,,,
TX,48,Menard,48327,2017,,,,,,,,,,,,,,,
TX,48,Menard,48327,2018,,,,,,,,,,,,,,,
TX,48,Menard,48327,2019,,,,,,,,,,,,,,,
TX,48,Menard,48327,2020,,,,,,,,,,,,,,,
TX,48,Menard,48327,2021,,,,,,,,,,,,,,,
TX,48,Menard,48327,2022,,,,,,,,,,,,,,,
TX,48,Midland,48329,2000,,,,,,,,,,,,,,,
TX,48,Midland,48329,2001,,,,,,,,,,,,,,,
TX,48,Midland,48329,2002,5573363200.0,,,,,,,,,,,,,,
TX,48,Midland,48329,2003,,,,,,,,,,,,,,,
TX,48,Midland,48329,2004,,,,,,,,,,,,,,,
TX,48,Midland,48329,2005,,,,,,,,,,,,,,,
TX,48,Midland,48329,2006,,,,,,,,,,,,,,,
TX,48,Midland,48329,2007,,,,,,,,,,,,,,,
TX,48,Midland,48329,2008,,,,,,,,,,,,,,,
TX,48,Midland,48329,2009,,,,,,,,,,,,,,,
TX,48,Midland,48329,2010,,,,,,,,,,,,,,,
TX,48,Midland,48329,2011,,,,,,,,,,,,,,,
TX,48,Midland,48329,2012,,,,,,,,,,,,,,,
TX,48,Midland,48329,2013,,,,,,,,,,,,,,,
TX,48,Midland,48329,2014,,,,,,,,,,,,,,,
TX,48,Midland,48329,2015,,,,,,,,,,,,,,,
TX,48,Midland,48329,2016,,,,,,,,,,,,,,,
TX,48,Midland,48329,2017,,,,,,,,,,,,,,,
TX,48,Midland,48329,2018,,,,,,,,,,,,,,,
TX,48,Midland,48329,2019,,,,,,,,,,,,,,,
TX,48,Midland,48329,2020,,,,,,,,,,,,,,,
TX,48,Midland,48329,2021,,,,,,,,,,,,,,,
TX,48,Midland,48329,2022,,,,,,,,,,,,,,,
TX,48,Milam,48331,2000,,,,,,,,,,,,,,,
TX,48,Milam,48331,2001,,,,,,,,,,,,,,,
TX,48,Milam,48331,2002,1591197572.0,,,,,,,,,,,,,,
TX,48,Milam,48331,2003,,,,,,,,,,,,,,,
TX,48,Milam,48331,2004,,,,,,,,,,,,,,,
TX,48,Milam,48331,2005,,,,,,,,,,,,,,,
TX,48,Milam,48331,2006,,,,,,,,,,,,,,,
TX,48,Milam,48331,2007,,,,,,,,,,,,,,,
TX,48,Milam,48331,2008,,,,,,,,,,,,,,,
TX,48,Milam,48331,2009,,,,,,,,,,,,,,,
TX,48,Milam,48331,2010,,,,,,,,,,,,,,,
TX,48,Milam,48331,2011,,,,,,,,,,,,,,,
TX,48,Milam,48331,2012,,,,,,,,,,,,,,,
TX,48,Milam,48331,2013,,,,,,,,,,,,,,,
TX,48,Milam,48331,2014,,,,,,,,,,,,,,,
TX,48,Milam,48331,2015,,,,,,,,,,,,,,,
TX,48,Milam,48331,2016,,,,,,,,,,,,,,,
TX,48,Milam,48331,2017,,,,,,,,,,,,,,,
TX,48,Milam,48331,2018,,,,,,,,,,,,,,,
TX,48,Milam,48331,2019,,,,,,,,,,,,,,,
TX,48,Milam,48331,2020,,,,,,,,,,,,,,,
TX,48,Milam,48331,2021,,,,,,,,,,,,,,,
TX,48,Milam,48331,2022,,,,,,,,,,,,,,,
TX,48,Mills,48333,2000,,,,,,,,,,,,,,,
TX,48,Mills,48333,2001,,,,,,,,,,,,,,,
TX,48,Mills,48333,2002,511177684.0,,,,,,,,,,,,,,
TX,48,Mills,48333,2003,,,,,,,,,,,,,,,
TX,48,Mills,48333,2004,,,,,,,,,,,,,,,
TX,48,Mills,48333,2005,,,,,,,,,,,,,,,
TX,48,Mills,48333,2006,,,,,,,,,,,,,,,
TX,48,Mills,48333,2007,,,,,,,,,,,,,,,
TX,48,Mills,48333,2008,,,,,,,,,,,,,,,
TX,48,Mills,48333,2009,,,,,,,,,,,,,,,
TX,48,Mills,48333,2010,,,,,,,,,,,,,,,
TX,48,Mills,48333,2011,,,,,,,,,,,,,,,
TX,48,Mills,48333,2012,,,,,,,,,,,,,,,
TX,48,Mills,48333,2013,,,,,,,,,,,,,,,
TX,48,Mills,48333,2014,,,,,,,,,,,,,,,
TX,48,Mills,48333,2015,,,,,,,,,,,,,,,
TX,48,Mills,48333,2016,,,,,,,,,,,,,,,
TX,48,Mills,48333,2017,,,,,,,,,,,,,,,
TX,48,Mills,48333,2018,,,,,,,,,,,,,,,
TX,48,Mills,48333,2019,,,,,,,,,,,,,,,
TX,48,Mills,48333,2020,,,,,,,,,,,,,,,
TX,48,Mills,48333,2021,,,,,,,,,,,,,,,
TX,48,Mills,48333,2022,,,,,,,,,,,,,,,
TX,48,Mitchell,48335,2000,,,,,,,,,,,,,,,
TX,48,Mitchell,48335,2001,,,,,,,,,,,,,,,
TX,48,Mitchell,48335,2002,460314138.0,,,,,,,,,,,,,,
TX,48,Mitchell,48335,2003,,,,,,,,,,,,,,,
TX,48,Mitchell,48335,2004,,,,,,,,,,,,,,,
TX,48,Mitchell,48335,2005,,,,,,,,,,,,,,,
TX,48,Mitchell,48335,2006,,,,,,,,,,,,,,,
TX,48,Mitchell,48335,2007,,,,,,,,,,,,,,,
TX,48,Mitchell,48335,2008,,,,,,,,,,,,,,,
TX,48,Mitchell,48335,2009,,,,,,,,,,,,,,,
TX,48,Mitchell,48335,2010,,,,,,,,,,,,,,,
TX,48,Mitchell,48335,2011,,,,,,,,,,,,,,,
TX,48,Mitchell,48335,2012,,,,,,,,,,,,,,,
TX,48,Mitchell,48335,2013,,,,,,,,,,,,,,,
TX,48,Mitchell,48335,2014,,,,,,,,,,,,,,,
TX,48,Mitchell,48335,2015,,,,,,,,,,,,,,,
TX,48,Mitchell,48335,2016,,,,,,,,,,,,,,,
TX,48,Mitchell,48335,2017,,,,,,,,,,,,,,,
TX,48,Mitchell,48335,2018,,,,,,,,,,,,,,,
TX,48,Mitchell,48335,2019,,,,,,,,,,,,,,,
TX,48,Mitchell,48335,2020,,,,,,,,,,,,,,,
TX,48,Mitchell,48335,2021,,,,,,,,,,,,,,,
TX,48,Mitchell,48335,2022,,,,,,,,,,,,,,,
TX,48,Montague,48337,2000,,,,,,,,,,,,,,,
TX,48,Montague,48337,2001,,,,,,,,,,,,,,,
TX,48,Montague,48337,2002,1218284952.0,,,,,,,,,,,,,,
TX,48,Montague,48337,2003,,,,,,,,,,,,,,,
TX,48,Montague,48337,2004,,,,,,,,,,,,,,,
TX,48,Montague,48337,2005,,,,,,,,,,,,,,,
TX,48,Montague,48337,2006,,,,,,,,,,,,,,,
TX,48,Montague,48337,2007,,,,,,,,,,,,,,,
TX,48,Montague,48337,2008,,,,,,,,,,,,,,,
TX,48,Montague,48337,2009,,,,,,,,,,,,,,,
TX,48,Montague,48337,2010,,,,,,,,,,,,,,,
TX,48,Montague,48337,2011,,,,,,,,,,,,,,,
TX,48,Montague,48337,2012,,,,,,,,,,,,,,,
TX,48,Montague,48337,2013,,,,,,,,,,,,,,,
TX,48,Montague,48337,2014,,,,,,,,,,,,,,,
TX,48,Montague,48337,2015,,,,,,,,,,,,,,,
TX,48,Montague,48337,2016,,,,,,,,,,,,,,,
TX,48,Montague,48337,2017,,,,,,,,,,,,,,,
TX,48,Montague,48337,2018,,,,,,,,,,,,,,,
TX,48,Montague,48337,2019,,,,,,,,,,,,,,,
TX,48,Montague,48337,2020,,,,,,,,,,,,,,,
TX,48,Montague,48337,2021,,,,,,,,,,,,,,,
TX,48,Montague,48337,2022,,,,,,,,,,,,,,,
TX,48,Montgomery,48339,2000,,,,,,,,,,,,,,,
TX,48,Montgomery,48339,2001,,,,,,,,,,,,,,,
TX,48,Montgomery,48339,2002,17926148603.0,,,,,,,,,,,,,,
TX,48,Montgomery,48339,2003,,,,,,,,,,,,,,,
TX,48,Montgomery,48339,2004,,,,,,,,,,,,,,,
TX,48,Montgomery,48339,2005,,,,,,,,,,,,,,,
TX,48,Montgomery,48339,2006,,,,,,,,,,,,,,,
TX,48,Montgomery,48339,2007,,,,,,,,,,,,,,,
TX,48,Montgomery,48339,2008,,,,,,,,,,,,,,,
TX,48,Montgomery,48339,2009,,,,,,,,,,,,,,,
TX,48,Montgomery,48339,2010,,,,,,,,,,,,,,,
TX,48,Montgomery,48339,2011,,,,,,,,,,,,,,,
TX,48,Montgomery,48339,2012,,,,,,,,,,,,,,,
TX,48,Montgomery,48339,2013,,,,,,,,,,,,,,,
TX,48,Montgomery,48339,2014,,,,,,,,,,,,,,,
TX,48,Montgomery,48339,2015,,,,,,,,,,,,,,,
TX,48,Montgomery,48339,2016,,,,,,,,,,,,,,,
TX,48,Montgomery,48339,2017,,,,,,,,,,,,,,,
TX,48,Montgomery,48339,2018,,,,,,,,,,,,,,,
TX,48,Montgomery,48339,2019,,,,,,,,,,,,,,,
TX,48,Montgomery,48339,2020,,,,,,,,,,,,,,,
TX,48,Montgomery,48339,2021,,,,,,,,,,,,,,,
TX,48,Montgomery,48339,2022,,,,,,,,,,,,,,,
TX,48,Moore,48341,2000,,,,,,,,,,,,,,,
TX,48,Moore,48341,2001,,,,,,,,,,,,,,,
TX,48,Moore,48341,2002,1742094650.0,,,,,,,,,,,,,,
TX,48,Moore,48341,2003,,,,,,,,,,,,,,,
TX,48,Moore,48341,2004,,,,,,,,,,,,,,,
TX,48,Moore,48341,2005,,,,,,,,,,,,,,,
TX,48,Moore,48341,2006,,,,,,,,,,,,,,,
TX,48,Moore,48341,2007,,,,,,,,,,,,,,,
TX,48,Moore,48341,2008,,,,,,,,,,,,,,,
TX,48,Moore,48341,2009,,,,,,,,,,,,,,,
TX,48,Moore,48341,2010,,,,,,,,,,,,,,,
TX,48,Moore,48341,2011,,,,,,,,,,,,,,,
TX,48,Moore,48341,2012,,,,,,,,,,,,,,,
TX,48,Moore,48341,2013,,,,,,,,,,,,,,,
TX,48,Moore,48341,2014,,,,,,,,,,,,,,,
TX,48,Moore,48341,2015,,,,,,,,,,,,,,,
TX,48,Moore,48341,2016,,,,,,,,,,,,,,,
TX,48,Moore,48341,2017,,,,,,,,,,,,,,,
TX,48,Moore,48341,2018,,,,,,,,,,,,,,,
TX,48,Moore,48341,2019,,,,,,,,,,,,,,,
TX,48,Moore,48341,2020,,,,,,,,,,,,,,,
TX,48,Moore,48341,2021,,,,,,,,,,,,,,,
TX,48,Moore,48341,2022,,,,,,,,,,,,,,,
TX,48,Morris,48343,2000,,,,,,,,,,,,,,,
TX,48,Morris,48343,2001,,,,,,,,,,,,,,,
TX,48,Morris,48343,2002,646857408.0,,,,,,,,,,,,,,
TX,48,Morris,48343,2003,,,,,,,,,,,,,,,
TX,48,Morris,48343,2004,,,,,,,,,,,,,,,
TX,48,Morris,48343,2005,,,,,,,,,,,,,,,
TX,48,Morris,48343,2006,,,,,,,,,,,,,,,
TX,48,Morris,48343,2007,,,,,,,,,,,,,,,
TX,48,Morris,48343,2008,,,,,,,,,,,,,,,
TX,48,Morris,48343,2009,,,,,,,,,,,,,,,
TX,48,Morris,48343,2010,,,,,,,,,,,,,,,
TX,48,Morris,48343,2011,,,,,,,,,,,,,,,
TX,48,Morris,48343,2012,,,,,,,,,,,,,,,
TX,48,Morris,48343,2013,,,,,,,,,,,,,,,
TX,48,Morris,48343,2014,,,,,,,,,,,,,,,
TX,48,Morris,48343,2015,,,,,,,,,,,,,,,
TX,48,Morris,48343,2016,,,,,,,,,,,,,,,
TX,48,Morris,48343,2017,,,,,,,,,,,,,,,
TX,48,Morris,48343,2018,,,,,,,,,,,,,,,
TX,48,Morris,48343,2019,,,,,,,,,,,,,,,
TX,48,Morris,48343,2020,,,,,,,,,,,,,,,
TX,48,Morris,48343,2021,,,,,,,,,,,,,,,
TX,48,Morris,48343,2022,,,,,,,,,,,,,,,
TX,48,Motley,48345,2000,,,,,,,,,,,,,,,
TX,48,Motley,48345,2001,,,,,,,,,,,,,,,
TX,48,Motley,48345,2002,121503497.0,,,,,,,,,,,,,,
TX,48,Motley,48345,2003,,,,,,,,,,,,,,,
TX,48,Motley,48345,2004,,,,,,,,,,,,,,,
TX,48,Motley,48345,2005,,,,,,,,,,,,,,,
TX,48,Motley,48345,2006,,,,,,,,,,,,,,,
TX,48,Motley,48345,2007,,,,,,,,,,,,,,,
TX,48,Motley,48345,2008,,,,,,,,,,,,,,,
TX,48,Motley,48345,2009,,,,,,,,,,,,,,,
TX,48,Motley,48345,2010,,,,,,,,,,,,,,,
TX,48,Motley,48345,2011,,,,,,,,,,,,,,,
TX,48,Motley,48345,2012,,,,,,,,,,,,,,,
TX,48,Motley,48345,2013,,,,,,,,,,,,,,,
TX,48,Motley,48345,2014,,,,,,,,,,,,,,,
TX,48,Motley,48345,2015,,,,,,,,,,,,,,,
TX,48,Motley,48345,2016,,,,,,,,,,,,,,,
TX,48,Motley,48345,2017,,,,,,,,,,,,,,,
TX,48,Motley,48345,2018,,,,,,,,,,,,,,,
TX,48,Motley,48345,2019,,,,,,,,,,,,,,,
TX,48,Motley,48345,2020,,,,,,,,,,,,,,,
TX,48,Motley,48345,2021,,,,,,,,,,,,,,,
TX,48,Motley,48345,2022,,,,,,,,,,,,,,,
TX,48,Nacogdoches,48347,2000,,,,,,,,,,,,,,,
TX,48,Nacogdoches,48347,2001,,,,,,,,,,,,,,,
TX,48,Nacogdoches,48347,2002,2646240740.0,,,,,,,,,,,,,,
TX,48,Nacogdoches,48347,2003,,,,,,,,,,,,,,,
TX,48,Nacogdoches,48347,2004,,,,,,,,,,,,,,,
TX,48,Nacogdoches,48347,2005,,,,,,,,,,,,,,,
TX,48,Nacogdoches,48347,2006,,,,,,,,,,,,,,,
TX,48,Nacogdoches,48347,2007,,,,,,,,,,,,,,,
TX,48,Nacogdoches,48347,2008,,,,,,,,,,,,,,,
TX,48,Nacogdoches,48347,2009,,,,,,,,,,,,,,,
TX,48,Nacogdoches,48347,2010,,,,,,,,,,,,,,,
TX,48,Nacogdoches,48347,2011,,,,,,,,,,,,,,,
TX,48,Nacogdoches,48347,2012,,,,,,,,,,,,,,,
TX,48,Nacogdoches,48347,2013,,,,,,,,,,,,,,,
TX,48,Nacogdoches,48347,2014,,,,,,,,,,,,,,,
TX,48,Nacogdoches,48347,2015,,,,,,,,,,,,,,,
TX,48,Nacogdoches,48347,2016,,,,,,,,,,,,,,,
TX,48,Nacogdoches,48347,2017,,,,,,,,,,,,,,,
TX,48,Nacogdoches,48347,2018,,,,,,,,,,,,,,,
TX,48,Nacogdoches,48347,2019,,,,,,,,,,,,,,,
TX,48,Nacogdoches,48347,2020,,,,,,,,,,,,,,,
TX,48,Nacogdoches,48347,2021,,,,,,,,,,,,,,,
TX,48,Nacogdoches,48347,2022,,,,,,,,,,,,,,,
TX,48,Navarro,48349,2000,,,,,,,,,,,,,,,
TX,48,Navarro,48349,2001,,,,,,,,,,,,,,,
TX,48,Navarro,48349,2002,1937417662.0,,,,,,,,,,,,,,
TX,48,Navarro,48349,2003,,,,,,,,,,,,,,,
TX,48,Navarro,48349,2004,,,,,,,,,,,,,,,
TX,48,Navarro,48349,2005,,,,,,,,,,,,,,,
TX,48,Navarro,48349,2006,,,,,,,,,,,,,,,
TX,48,Navarro,48349,2007,,,,,,,,,,,,,,,
TX,48,Navarro,48349,2008,,,,,,,,,,,,,,,
TX,48,Navarro,48349,2009,,,,,,,,,,,,,,,
TX,48,Navarro,48349,2010,,,,,,,,,,,,,,,
TX,48,Navarro,48349,2011,,,,,,,,,,,,,,,
TX,48,Navarro,48349,2012,,,,,,,,,,,,,,,
TX,48,Navarro,48349,2013,,,,,,,,,,,,,,,
TX,48,Navarro,48349,2014,,,,,,,,,,,,,,,
TX,48,Navarro,48349,2015,,,,,,,,,,,,,,,
TX,48,Navarro,48349,2016,,,,,,,,,,,,,,,
TX,48,Navarro,48349,2017,,,,,,,,,,,,,,,
TX,48,Navarro,48349,2018,,,,,,,,,,,,,,,
TX,48,Navarro,48349,2019,,,,,,,,,,,,,,,
TX,48,Navarro,48349,2020,,,,,,,,,,,,,,,
TX,48,Navarro,48349,2021,,,,,,,,,,,,,,,
TX,48,Navarro,48349,2022,,,,,,,,,,,,,,,
TX,48,Newton,48351,2000,,,,,,,,,,,,,,,
TX,48,Newton,48351,2001,,,,,,,,,,,,,,,
TX,48,Newton,48351,2002,852647435.0,,,,,,,,,,,,,,
TX,48,Newton,48351,2003,,,,,,,,,,,,,,,
TX,48,Newton,48351,2004,,,,,,,,,,,,,,,
TX,48,Newton,48351,2005,,,,,,,,,,,,,,,
TX,48,Newton,48351,2006,,,,,,,,,,,,,,,
TX,48,Newton,48351,2007,,,,,,,,,,,,,,,
TX,48,Newton,48351,2008,,,,,,,,,,,,,,,
TX,48,Newton,48351,2009,,,,,,,,,,,,,,,
TX,48,Newton,48351,2010,,,,,,,,,,,,,,,
TX,48,Newton,48351,2011,,,,,,,,,,,,,,,
TX,48,Newton,48351,2012,,,,,,,,,,,,,,,
TX,48,Newton,48351,2013,,,,,,,,,,,,,,,
TX,48,Newton,48351,2014,,,,,,,,,,,,,,,
TX,48,Newton,48351,2015,,,,,,,,,,,,,,,
TX,48,Newton,48351,2016,,,,,,,,,,,,,,,
TX,48,Newton,48351,2017,,,,,,,,,,,,,,,
TX,48,Newton,48351,2018,,,,,,,,,,,,,,,
TX,48,Newton,48351,2019,,,,,,,,,,,,,,,
TX,48,Newton,48351,2020,,,,,,,,,,,,,,,
TX,48,Newton,48351,2021,,,,,,,,,,,,,,,
TX,48,Newton,48351,2022,,,,,,,,,,,,,,,
TX,48,Nolan,48353,2000,,,,,,,,,,,,,,,
TX,48,Nolan,48353,2001,,,,,,,,,,,,,,,
TX,48,Nolan,48353,2002,865507284.0,,,,,,,,,,,,,,
TX,48,Nolan,48353,2003,,,,,,,,,,,,,,,
TX,48,Nolan,48353,2004,,,,,,,,,,,,,,,
TX,48,Nolan,48353,2005,,,,,,,,,,,,,,,
TX,48,Nolan,48353,2006,,,,,,,,,,,,,,,
TX,48,Nolan,48353,2007,,,,,,,,,,,,,,,
TX,48,Nolan,48353,2008,,,,,,,,,,,,,,,
TX,48,Nolan,48353,2009,,,,,,,,,,,,,,,
TX,48,Nolan,48353,2010,,,,,,,,,,,,,,,
TX,48,Nolan,48353,2011,,,,,,,,,,,,,,,
TX,48,Nolan,48353,2012,,,,,,,,,,,,,,,
TX,48,Nolan,48353,2013,,,,,,,,,,,,,,,
TX,48,Nolan,48353,2014,,,,,,,,,,,,,,,
TX,48,Nolan,48353,2015,,,,,,,,,,,,,,,
TX,48,Nolan,48353,2016,,,,,,,,,,,,,,,
TX,48,Nolan,48353,2017,,,,,,,,,,,,,,,
TX,48,Nolan,48353,2018,,,,,,,,,,,,,,,
TX,48,Nolan,48353,2019,,,,,,,,,,,,,,,
TX,48,Nolan,48353,2020,,,,,,,,,,,,,,,
TX,48,Nolan,48353,2021,,,,,,,,,,,,,,,
TX,48,Nolan,48353,2022,,,,,,,,,,,,,,,
TX,48,Nueces,48355,2000,,,,,,,,,,,,,,,
TX,48,Nueces,48355,2001,,,,,,,,,,,,,,,
TX,48,Nueces,48355,2002,14015499813.0,,,,,,,,,,,,,,
TX,48,Nueces,48355,2003,,,,,,,,,,,,,,,
TX,48,Nueces,48355,2004,,,,,,,,,,,,,,,
TX,48,Nueces,48355,2005,,,,,,,,,,,,,,,
TX,48,Nueces,48355,2006,,,,,,,,,,,,,,,
TX,48,Nueces,48355,2007,,,,,,,,,,,,,,,
TX,48,Nueces,48355,2008,,,,,,,,,,,,,,,
TX,48,Nueces,48355,2009,,,,,,,,,,,,,,,
TX,48,Nueces,48355,2010,,,,,,,,,,,,,,,
TX,48,Nueces,48355,2011,,,,,,,,,,,,,,,
TX,48,Nueces,48355,2012,,,,,,,,,,,,,,,
TX,48,Nueces,48355,2013,,,,,,,,,,,,,,,
TX,48,Nueces,48355,2014,,,,,,,,,,,,,,,
TX,48,Nueces,48355,2015,,,,,,,,,,,,,,,
TX,48,Nueces,48355,2016,,,,,,,,,,,,,,,
TX,48,Nueces,48355,2017,,,,,,,,,,,,,,,
TX,48,Nueces,48355,2018,,,,,,,,,,,,,,,
TX,48,Nueces,48355,2019,,,,,,,,,,,,,,,
TX,48,Nueces,48355,2020,,,,,,,,,,,,,,,
TX,48,Nueces,48355,2021,,,,,,,,,,,,,,,
TX,48,Nueces,48355,2022,,,,,,,,,,,,,,,
TX,48,Ochiltree,48357,2000,,,,,,,,,,,,,,,
TX,48,Ochiltree,48357,2001,,,,,,,,,,,,,,,
TX,48,Ochiltree,48357,2002,750842886.0,,,,,,,,,,,,,,
TX,48,Ochiltree,48357,2003,,,,,,,,,,,,,,,
TX,48,Ochiltree,48357,2004,,,,,,,,,,,,,,,
TX,48,Ochiltree,48357,2005,,,,,,,,,,,,,,,
TX,48,Ochiltree,48357,2006,,,,,,,,,,,,,,,
TX,48,Ochiltree,48357,2007,,,,,,,,,,,,,,,
TX,48,Ochiltree,48357,2008,,,,,,,,,,,,,,,
TX,48,Ochiltree,48357,2009,,,,,,,,,,,,,,,
TX,48,Ochiltree,48357,2010,,,,,,,,,,,,,,,
TX,48,Ochiltree,48357,2011,,,,,,,,,,,,,,,
TX,48,Ochiltree,48357,2012,,,,,,,,,,,,,,,
TX,48,Ochiltree,48357,2013,,,,,,,,,,,,,,,
TX,48,Ochiltree,48357,2014,,,,,,,,,,,,,,,
TX,48,Ochiltree,48357,2015,,,,,,,,,,,,,,,
TX,48,Ochiltree,48357,2016,,,,,,,,,,,,,,,
TX,48,Ochiltree,48357,2017,,,,,,,,,,,,,,,
TX,48,Ochiltree,48357,2018,,,,,,,,,,,,,,,
TX,48,Ochiltree,48357,2019,,,,,,,,,,,,,,,
TX,48,Ochiltree,48357,2020,,,,,,,,,,,,,,,
TX,48,Ochiltree,48357,2021,,,,,,,,,,,,,,,
TX,48,Ochiltree,48357,2022,,,,,,,,,,,,,,,
TX,48,Oldham,48359,2000,,,,,,,,,,,,,,,
TX,48,Oldham,48359,2001,,,,,,,,,,,,,,,
TX,48,Oldham,48359,2002,174389790.0,,,,,,,,,,,,,,
TX,48,Oldham,48359,2003,,,,,,,,,,,,,,,
TX,48,Oldham,48359,2004,,,,,,,,,,,,,,,
TX,48,Oldham,48359,2005,,,,,,,,,,,,,,,
TX,48,Oldham,48359,2006,,,,,,,,,,,,,,,
TX,48,Oldham,48359,2007,,,,,,,,,,,,,,,
TX,48,Oldham,48359,2008,,,,,,,,,,,,,,,
TX,48,Oldham,48359,2009,,,,,,,,,,,,,,,
TX,48,Oldham,48359,2010,,,,,,,,,,,,,,,
TX,48,Oldham,48359,2011,,,,,,,,,,,,,,,
TX,48,Oldham,48359,2012,,,,,,,,,,,,,,,
TX,48,Oldham,48359,2013,,,,,,,,,,,,,,,
TX,48,Oldham,48359,2014,,,,,,,,,,,,,,,
TX,48,Oldham,48359,2015,,,,,,,,,,,,,,,
TX,48,Oldham,48359,2016,,,,,,,,,,,,,,,
TX,48,Oldham,48359,2017,,,,,,,,,,,,,,,
TX,48,Oldham,48359,2018,,,,,,,,,,,,,,,
TX,48,Oldham,48359,2019,,,,,,,,,,,,,,,
TX,48,Oldham,48359,2020,,,,,,,,,,,,,,,
TX,48,Oldham,48359,2021,,,,,,,,,,,,,,,
TX,48,Oldham,48359,2022,,,,,,,,,,,,,,,
TX,48,Orange,48361,2000,,,,,,,,,,,,,,,
TX,48,Orange,48361,2001,,,,,,,,,,,,,,,
TX,48,Orange,48361,2002,4073340476.0,,,,,,,,,,,,,,
TX,48,Orange,48361,2003,,,,,,,,,,,,,,,
TX,48,Orange,48361,2004,,,,,,,,,,,,,,,
TX,48,Orange,48361,2005,,,,,,,,,,,,,,,
TX,48,Orange,48361,2006,,,,,,,,,,,,,,,
TX,48,Orange,48361,2007,,,,,,,,,,,,,,,
TX,48,Orange,48361,2008,,,,,,,,,,,,,,,
TX,48,Orange,48361,2009,,,,,,,,,,,,,,,
TX,48,Orange,48361,2010,,,,,,,,,,,,,,,
TX,48,Orange,48361,2011,,,,,,,,,,,,,,,
TX,48,Orange,48361,2012,,,,,,,,,,,,,,,
TX,48,Orange,48361,2013,,,,,,,,,,,,,,,
TX,48,Orange,48361,2014,,,,,,,,,,,,,,,
TX,48,Orange,48361,2015,,,,,,,,,,,,,,,
TX,48,Orange,48361,2016,,,,,,,,,,,,,,,
TX,48,Orange,48361,2017,,,,,,,,,,,,,,,
TX,48,Orange,48361,2018,,,,,,,,,,,,,,,
TX,48,Orange,48361,2019,,,,,,,,,,,,,,,
TX,48,Orange,48361,2020,,,,,,,,,,,,,,,
TX,48,Orange,48361,2021,,,,,,,,,,,,,,,
TX,48,Orange,48361,2022,,,,,,,,,,,,,,,
TX,48,Palo Pinto,48363,2000,,,,,,,,,,,,,,,
TX,48,Palo Pinto,48363,2001,,,,,,,,,,,,,,,
TX,48,Palo Pinto,48363,2002,1726839618.0,,,,,,,,,,,,,,
TX,48,Palo Pinto,48363,2003,,,,,,,,,,,,,,,
TX,48,Palo Pinto,48363,2004,,,,,,,,,,,,,,,
TX,48,Palo Pinto,48363,2005,,,,,,,,,,,,,,,
TX,48,Palo Pinto,48363,2006,,,,,,,,,,,,,,,
TX,48,Palo Pinto,48363,2007,,,,,,,,,,,,,,,
TX,48,Palo Pinto,48363,2008,,,,,,,,,,,,,,,
TX,48,Palo Pinto,48363,2009,,,,,,,,,,,,,,,
TX,48,Palo Pinto,48363,2010,,,,,,,,,,,,,,,
TX,48,Palo Pinto,48363,2011,,,,,,,,,,,,,,,
TX,48,Palo Pinto,48363,2012,,,,,,,,,,,,,,,
TX,48,Palo Pinto,48363,2013,,,,,,,,,,,,,,,
TX,48,Palo Pinto,48363,2014,,,,,,,,,,,,,,,
TX,48,Palo Pinto,48363,2015,,,,,,,,,,,,,,,
TX,48,Palo Pinto,48363,2016,,,,,,,,,,,,,,,
TX,48,Palo Pinto,48363,2017,,,,,,,,,,,,,,,
TX,48,Palo Pinto,48363,2018,,,,,,,,,,,,,,,
TX,48,Palo Pinto,48363,2019,,,,,,,,,,,,,,,
TX,48,Palo Pinto,48363,2020,,,,,,,,,,,,,,,
TX,48,Palo Pinto,48363,2021,,,,,,,,,,,,,,,
TX,48,Palo Pinto,48363,2022,,,,,,,,,,,,,,,
TX,48,Panola,48365,2000,,,,,,,,,,,,,,,
TX,48,Panola,48365,2001,,,,,,,,,,,,,,,
TX,48,Panola,48365,2002,2986400458.0,,,,,,,,,,,,,,
TX,48,Panola,48365,2003,,,,,,,,,,,,,,,
TX,48,Panola,48365,2004,,,,,,,,,,,,,,,
TX,48,Panola,48365,2005,,,,,,,,,,,,,,,
TX,48,Panola,48365,2006,,,,,,,,,,,,,,,
TX,48,Panola,48365,2007,,,,,,,,,,,,,,,
TX,48,Panola,48365,2008,,,,,,,,,,,,,,,
TX,48,Panola,48365,2009,,,,,,,,,,,,,,,
TX,48,Panola,48365,2010,,,,,,,,,,,,,,,
TX,48,Panola,48365,2011,,,,,,,,,,,,,,,
TX,48,Panola,48365,2012,,,,,,,,,,,,,,,
TX,48,Panola,48365,2013,,,,,,,,,,,,,,,
TX,48,Panola,48365,2014,,,,,,,,,,,,,,,
TX,48,Panola,48365,2015,,,,,,,,,,,,,,,
TX,48,Panola,48365,2016,,,,,,,,,,,,,,,
TX,48,Panola,48365,2017,,,,,,,,,,,,,,,
TX,48,Panola,48365,2018,,,,,,,,,,,,,,,
TX,48,Panola,48365,2019,,,,,,,,,,,,,,,
TX,48,Panola,48365,2020,,,,,,,,,,,,,,,
TX,48,Panola,48365,2021,,,,,,,,,,,,,,,
TX,48,Panola,48365,2022,,,,,,,,,,,,,,,
TX,48,Parker,48367,2000,,,,,,,,,,,,,,,
TX,48,Parker,48367,2001,,,,,,,,,,,,,,,
TX,48,Parker,48367,2002,5649946270.0,,,,,,,,,,,,,,
TX,48,Parker,48367,2003,,,,,,,,,,,,,,,
TX,48,Parker,48367,2004,,,,,,,,,,,,,,,
TX,48,Parker,48367,2005,,,,,,,,,,,,,,,
TX,48,Parker,48367,2006,,,,,,,,,,,,,,,
TX,48,Parker,48367,2007,,,,,,,,,,,,,,,
TX,48,Parker,48367,2008,,,,,,,,,,,,,,,
TX,48,Parker,48367,2009,,,,,,,,,,,,,,,
TX,48,Parker,48367,2010,,,,,,,,,,,,,,,
TX,48,Parker,48367,2011,,,,,,,,,,,,,,,
TX,48,Parker,48367,2012,,,,,,,,,,,,,,,
TX,48,Parker,48367,2013,,,,,,,,,,,,,,,
TX,48,Parker,48367,2014,,,,,,,,,,,,,,,
TX,48,Parker,48367,2015,,,,,,,,,,,,,,,
TX,48,Parker,48367,2016,,,,,,,,,,,,,,,
TX,48,Parker,48367,2017,,,,,,,,,,,,,,,
TX,48,Parker,48367,2018,,,,,,,,,,,,,,,
TX,48,Parker,48367,2019,,,,,,,,,,,,,,,
TX,48,Parker,48367,2020,,,,,,,,,,,,,,,
TX,48,Parker,48367,2021,,,,,,,,,,,,,,,
TX,48,Parker,48367,2022,,,,,,,,,,,,,,,
TX,48,Parmer,48369,2000,,,,,,,,,,,,,,,
TX,48,Parmer,48369,2001,,,,,,,,,,,,,,,
TX,48,Parmer,48369,2002,527848995.0,,,,,,,,,,,,,,
TX,48,Parmer,48369,2003,,,,,,,,,,,,,,,
TX,48,Parmer,48369,2004,,,,,,,,,,,,,,,
TX,48,Parmer,48369,2005,,,,,,,,,,,,,,,
TX,48,Parmer,48369,2006,,,,,,,,,,,,,,,
TX,48,Parmer,48369,2007,,,,,,,,,,,,,,,
TX,48,Parmer,48369,2008,,,,,,,,,,,,,,,
TX,48,Parmer,48369,2009,,,,,,,,,,,,,,,
TX,48,Parmer,48369,2010,,,,,,,,,,,,,,,
TX,48,Parmer,48369,2011,,,,,,,,,,,,,,,
TX,48,Parmer,48369,2012,,,,,,,,,,,,,,,
TX,48,Parmer,48369,2013,,,,,,,,,,,,,,,
TX,48,Parmer,48369,2014,,,,,,,,,,,,,,,
TX,48,Parmer,48369,2015,,,,,,,,,,,,,,,
TX,48,Parmer,48369,2016,,,,,,,,,,,,,,,
TX,48,Parmer,48369,2017,,,,,,,,,,,,,,,
TX,48,Parmer,48369,2018,,,,,,,,,,,,,,,
TX,48,Parmer,48369,2019,,,,,,,,,,,,,,,
TX,48,Parmer,48369,2020,,,,,,,,,,,,,,,
TX,48,Parmer,48369,2021,,,,,,,,,,,,,,,
TX,48,Parmer,48369,2022,,,,,,,,,,,,,,,
TX,48,Pecos,48371,2000,,,,,,,,,,,,,,,
TX,48,Pecos,48371,2001,,,,,,,,,,,,,,,
TX,48,Pecos,48371,2002,1988078835.0,,,,,,,,,,,,,,
TX,48,Pecos,48371,2003,,,,,,,,,,,,,,,
TX,48,Pecos,48371,2004,,,,,,,,,,,,,,,
TX,48,Pecos,48371,2005,,,,,,,,,,,,,,,
TX,48,Pecos,48371,2006,,,,,,,,,,,,,,,
TX,48,Pecos,48371,2007,,,,,,,,,,,,,,,
TX,48,Pecos,48371,2008,,,,,,,,,,,,,,,
TX,48,Pecos,48371,2009,,,,,,,,,,,,,,,
TX,48,Pecos,48371,2010,,,,,,,,,,,,,,,
TX,48,Pecos,48371,2011,,,,,,,,,,,,,,,
TX,48,Pecos,48371,2012,,,,,,,,,,,,,,,
TX,48,Pecos,48371,2013,,,,,,,,,,,,,,,
TX,48,Pecos,48371,2014,,,,,,,,,,,,,,,
TX,48,Pecos,48371,2015,,,,,,,,,,,,,,,
TX,48,Pecos,48371,2016,,,,,,,,,,,,,,,
TX,48,Pecos,48371,2017,,,,,,,,,,,,,,,
TX,48,Pecos,48371,2018,,,,,,,,,,,,,,,
TX,48,Pecos,48371,2019,,,,,,,,,,,,,,,
TX,48,Pecos,48371,2020,,,,,,,,,,,,,,,
TX,48,Pecos,48371,2021,,,,,,,,,,,,,,,
TX,48,Pecos,48371,2022,,,,,,,,,,,,,,,
TX,48,Polk,48373,2000,,,,,,,,,,,,,,,
TX,48,Polk,48373,2001,,,,,,,,,,,,,,,
TX,48,Polk,48373,2002,2084181264.0,,,,,,,,,,,,,,
TX,48,Polk,48373,2003,,,,,,,,,,,,,,,
TX,48,Polk,48373,2004,,,,,,,,,,,,,,,
TX,48,Polk,48373,2005,,,,,,,,,,,,,,,
TX,48,Polk,48373,2006,,,,,,,,,,,,,,,
TX,48,Polk,48373,2007,,,,,,,,,,,,,,,
TX,48,Polk,48373,2008,,,,,,,,,,,,,,,
TX,48,Polk,48373,2009,,,,,,,,,,,,,,,
TX,48,Polk,48373,2010,,,,,,,,,,,,,,,
TX,48,Polk,48373,2011,,,,,,,,,,,,,,,
TX,48,Polk,48373,2012,,,,,,,,,,,,,,,
TX,48,Polk,48373,2013,,,,,,,,,,,,,,,
TX,48,Polk,48373,2014,,,,,,,,,,,,,,,
TX,48,Polk,48373,2015,,,,,,,,,,,,,,,
TX,48,Polk,48373,2016,,,,,,,,,,,,,,,
TX,48,Polk,48373,2017,,,,,,,,,,,,,,,
TX,48,Polk,48373,2018,,,,,,,,,,,,,,,
TX,48,Polk,48373,2019,,,,,,,,,,,,,,,
TX,48,Polk,48373,2020,,,,,,,,,,,,,,,
TX,48,Polk,48373,2021,,,,,,,,,,,,,,,
TX,48,Polk,48373,2022,,,,,,,,,,,,,,,
TX,48,Potter,48375,2000,,,,,,,,,,,,,,,
TX,48,Potter,48375,2001,,,,,,,,,,,,,,,
TX,48,Potter,48375,2002,4880651573.0,,,,,,,,,,,,,,
TX,48,Potter,48375,2003,,,,,,,,,,,,,,,
TX,48,Potter,48375,2004,,,,,,,,,,,,,,,
TX,48,Potter,48375,2005,,,,,,,,,,,,,,,
TX,48,Potter,48375,2006,,,,,,,,,,,,,,,
TX,48,Potter,48375,2007,,,,,,,,,,,,,,,
TX,48,Potter,48375,2008,,,,,,,,,,,,,,,
TX,48,Potter,48375,2009,,,,,,,,,,,,,,,
TX,48,Potter,48375,2010,,,,,,,,,,,,,,,
TX,48,Potter,48375,2011,,,,,,,,,,,,,,,
TX,48,Potter,48375,2012,,,,,,,,,,,,,,,
TX,48,Potter,48375,2013,,,,,,,,,,,,,,,
TX,48,Potter,48375,2014,,,,,,,,,,,,,,,
TX,48,Potter,48375,2015,,,,,,,,,,,,,,,
TX,48,Potter,48375,2016,,,,,,,,,,,,,,,
TX,48,Potter,48375,2017,,,,,,,,,,,,,,,
TX,48,Potter,48375,2018,,,,,,,,,,,,,,,
TX,48,Potter,48375,2019,,,,,,,,,,,,,,,
TX,48,Potter,48375,2020,,,,,,,,,,,,,,,
TX,48,Potter,48375,2021,,,,,,,,,,,,,,,
TX,48,Potter,48375,2022,,,,,,,,,,,,,,,
TX,48,Presidio,48377,2000,,,,,,,,,,,,,,,
TX,48,Presidio,48377,2001,,,,,,,,,,,,,,,
TX,48,Presidio,48377,2002,309837792.0,,,,,,,,,,,,,,
TX,48,Presidio,48377,2003,,,,,,,,,,,,,,,
TX,48,Presidio,48377,2004,,,,,,,,,,,,,,,
TX,48,Presidio,48377,2005,,,,,,,,,,,,,,,
TX,48,Presidio,48377,2006,,,,,,,,,,,,,,,
TX,48,Presidio,48377,2007,,,,,,,,,,,,,,,
TX,48,Presidio,48377,2008,,,,,,,,,,,,,,,
TX,48,Presidio,48377,2009,,,,,,,,,,,,,,,
TX,48,Presidio,48377,2010,,,,,,,,,,,,,,,
TX,48,Presidio,48377,2011,,,,,,,,,,,,,,,
TX,48,Presidio,48377,2012,,,,,,,,,,,,,,,
TX,48,Presidio,48377,2013,,,,,,,,,,,,,,,
TX,48,Presidio,48377,2014,,,,,,,,,,,,,,,
TX,48,Presidio,48377,2015,,,,,,,,,,,,,,,
TX,48,Presidio,48377,2016,,,,,,,,,,,,,,,
TX,48,Presidio,48377,2017,,,,,,,,,,,,,,,
TX,48,Presidio,48377,2018,,,,,,,,,,,,,,,
TX,48,Presidio,48377,2019,,,,,,,,,,,,,,,
TX,48,Presidio,48377,2020,,,,,,,,,,,,,,,
TX,48,Presidio,48377,2021,,,,,,,,,,,,,,,
TX,48,Presidio,48377,2022,,,,,,,,,,,,,,,
TX,48,Rains,48379,2000,,,,,,,,,,,,,,,
TX,48,Rains,48379,2001,,,,,,,,,,,,,,,
TX,48,Rains,48379,2002,464379600.0,,,,,,,,,,,,,,
TX,48,Rains,48379,2003,,,,,,,,,,,,,,,
TX,48,Rains,48379,2004,,,,,,,,,,,,,,,
TX,48,Rains,48379,2005,,,,,,,,,,,,,,,
TX,48,Rains,48379,2006,,,,,,,,,,,,,,,
TX,48,Rains,48379,2007,,,,,,,,,,,,,,,
TX,48,Rains,48379,2008,,,,,,,,,,,,,,,
TX,48,Rains,48379,2009,,,,,,,,,,,,,,,
TX,48,Rains,48379,2010,,,,,,,,,,,,,,,
TX,48,Rains,48379,2011,,,,,,,,,,,,,,,
TX,48,Rains,48379,2012,,,,,,,,,,,,,,,
TX,48,Rains,48379,2013,,,,,,,,,,,,,,,
TX,48,Rains,48379,2014,,,,,,,,,,,,,,,
TX,48,Rains,48379,2015,,,,,,,,,,,,,,,
TX,48,Rains,48379,2016,,,,,,,,,,,,,,,
TX,48,Rains,48379,2017,,,,,,,,,,,,,,,
TX,48,Rains,48379,2018,,,,,,,,,,,,,,,
TX,48,Rains,48379,2019,,,,,,,,,,,,,,,
TX,48,Rains,48379,2020,,,,,,,,,,,,,,,
TX,48,Rains,48379,2021,,,,,,,,,,,,,,,
TX,48,Rains,48379,2022,,,,,,,,,,,,,,,
TX,48,Randall,48381,2000,,,,,,,,,,,,,,,
TX,48,Randall,48381,2001,,,,,,,,,,,,,,,
TX,48,Randall,48381,2002,4925605065.0,,,,,,,,,,,,,,
TX,48,Randall,48381,2003,,,,,,,,,,,,,,,
TX,48,Randall,48381,2004,,,,,,,,,,,,,,,
TX,48,Randall,48381,2005,,,,,,,,,,,,,,,
TX,48,Randall,48381,2006,,,,,,,,,,,,,,,
TX,48,Randall,48381,2007,,,,,,,,,,,,,,,
TX,48,Randall,48381,2008,,,,,,,,,,,,,,,
TX,48,Randall,48381,2009,,,,,,,,,,,,,,,
TX,48,Randall,48381,2010,,,,,,,,,,,,,,,
TX,48,Randall,48381,2011,,,,,,,,,,,,,,,
TX,48,Randall,48381,2012,,,,,,,,,,,,,,,
TX,48,Randall,48381,2013,,,,,,,,,,,,,,,
TX,48,Randall,48381,2014,,,,,,,,,,,,,,,
TX,48,Randall,48381,2015,,,,,,,,,,,,,,,
TX,48,Randall,48381,2016,,,,,,,,,,,,,,,
TX,48,Randall,48381,2017,,,,,,,,,,,,,,,
TX,48,Randall,48381,2018,,,,,,,,,,,,,,,
TX,48,Randall,48381,2019,,,,,,,,,,,,,,,
TX,48,Randall,48381,2020,,,,,,,,,,,,,,,
TX,48,Randall,48381,2021,,,,,,,,,,,,,,,
TX,48,Randall,48381,2022,,,,,,,,,,,,,,,
TX,48,Reagan,48383,2000,,,,,,,,,,,,,,,
TX,48,Reagan,48383,2001,,,,,,,,,,,,,,,
TX,48,Reagan,48383,2002,539667880.0,,,,,,,,,,,,,,
TX,48,Reagan,48383,2003,,,,,,,,,,,,,,,
TX,48,Reagan,48383,2004,,,,,,,,,,,,,,,
TX,48,Reagan,48383,2005,,,,,,,,,,,,,,,
TX,48,Reagan,48383,2006,,,,,,,,,,,,,,,
TX,48,Reagan,48383,2007,,,,,,,,,,,,,,,
TX,48,Reagan,48383,2008,,,,,,,,,,,,,,,
TX,48,Reagan,48383,2009,,,,,,,,,,,,,,,
TX,48,Reagan,48383,2010,,,,,,,,,,,,,,,
TX,48,Reagan,48383,2011,,,,,,,,,,,,,,,
TX,48,Reagan,48383,2012,,,,,,,,,,,,,,,
TX,48,Reagan,48383,2013,,,,,,,,,,,,,,,
TX,48,Reagan,48383,2014,,,,,,,,,,,,,,,
TX,48,Reagan,48383,2015,,,,,,,,,,,,,,,
TX,48,Reagan,48383,2016,,,,,,,,,,,,,,,
TX,48,Reagan,48383,2017,,,,,,,,,,,,,,,
TX,48,Reagan,48383,2018,,,,,,,,,,,,,,,
TX,48,Reagan,48383,2019,,,,,,,,,,,,,,,
TX,48,Reagan,48383,2020,,,,,,,,,,,,,,,
TX,48,Reagan,48383,2021,,,,,,,,,,,,,,,
TX,48,Reagan,48383,2022,,,,,,,,,,,,,,,
TX,48,Real,48385,2000,,,,,,,,,,,,,,,
TX,48,Real,48385,2001,,,,,,,,,,,,,,,
TX,48,Real,48385,2002,370090366.0,,,,,,,,,,,,,,
TX,48,Real,48385,2003,,,,,,,,,,,,,,,
TX,48,Real,48385,2004,,,,,,,,,,,,,,,
TX,48,Real,48385,2005,,,,,,,,,,,,,,,
TX,48,Real,48385,2006,,,,,,,,,,,,,,,
TX,48,Real,48385,2007,,,,,,,,,,,,,,,
TX,48,Real,48385,2008,,,,,,,,,,,,,,,
TX,48,Real,48385,2009,,,,,,,,,,,,,,,
TX,48,Real,48385,2010,,,,,,,,,,,,,,,
TX,48,Real,48385,2011,,,,,,,,,,,,,,,
TX,48,Real,48385,2012,,,,,,,,,,,,,,,
TX,48,Real,48385,2013,,,,,,,,,,,,,,,
TX,48,Real,48385,2014,,,,,,,,,,,,,,,
TX,48,Real,48385,2015,,,,,,,,,,,,,,,
TX,48,Real,48385,2016,,,,,,,,,,,,,,,
TX,48,Real,48385,2017,,,,,,,,,,,,,,,
TX,48,Real,48385,2018,,,,,,,,,,,,,,,
TX,48,Real,48385,2019,,,,,,,,,,,,,,,
TX,48,Real,48385,2020,,,,,,,,,,,,,,,
TX,48,Real,48385,2021,,,,,,,,,,,,,,,
TX,48,Real,48385,2022,,,,,,,,,,,,,,,
TX,48,Red River,48387,2000,,,,,,,,,,,,,,,
TX,48,Red River,48387,2001,,,,,,,,,,,,,,,
TX,48,Red River,48387,2002,600758470.0,,,,,,,,,,,,,,
TX,48,Red River,48387,2003,,,,,,,,,,,,,,,
TX,48,Red River,48387,2004,,,,,,,,,,,,,,,
TX,48,Red River,48387,2005,,,,,,,,,,,,,,,
TX,48,Red River,48387,2006,,,,,,,,,,,,,,,
TX,48,Red River,48387,2007,,,,,,,,,,,,,,,
TX,48,Red River,48387,2008,,,,,,,,,,,,,,,
TX,48,Red River,48387,2009,,,,,,,,,,,,,,,
TX,48,Red River,48387,2010,,,,,,,,,,,,,,,
TX,48,Red River,48387,2011,,,,,,,,,,,,,,,
TX,48,Red River,48387,2012,,,,,,,,,,,,,,,
TX,48,Red River,48387,2013,,,,,,,,,,,,,,,
TX,48,Red River,48387,2014,,,,,,,,,,,,,,,
TX,48,Red River,48387,2015,,,,,,,,,,,,,,,
TX,48,Red River,48387,2016,,,,,,,,,,,,,,,
TX,48,Red River,48387,2017,,,,,,,,,,,,,,,
TX,48,Red River,48387,2018,,,,,,,,,,,,,,,
TX,48,Red River,48387,2019,,,,,,,,,,,,,,,
TX,48,Red River,48387,2020,,,,,,,,,,,,,,,
TX,48,Red River,48387,2021,,,,,,,,,,,,,,,
TX,48,Red River,48387,2022,,,,,,,,,,,,,,,
TX,48,Reeves,48389,2000,,,,,,,,,,,,,,,
TX,48,Reeves,48389,2001,,,,,,,,,,,,,,,
TX,48,Reeves,48389,2002,513338080.0,,,,,,,,,,,,,,
TX,48,Reeves,48389,2003,,,,,,,,,,,,,,,
TX,48,Reeves,48389,2004,,,,,,,,,,,,,,,
TX,48,Reeves,48389,2005,,,,,,,,,,,,,,,
TX,48,Reeves,48389,2006,,,,,,,,,,,,,,,
TX,48,Reeves,48389,2007,,,,,,,,,,,,,,,
TX,48,Reeves,48389,2008,,,,,,,,,,,,,,,
TX,48,Reeves,48389,2009,,,,,,,,,,,,,,,
TX,48,Reeves,48389,2010,,,,,,,,,,,,,,,
TX,48,Reeves,48389,2011,,,,,,,,,,,,,,,
TX,48,Reeves,48389,2012,,,,,,,,,,,,,,,
TX,48,Reeves,48389,2013,,,,,,,,,,,,,,,
TX,48,Reeves,48389,2014,,,,,,,,,,,,,,,
TX,48,Reeves,48389,2015,,,,,,,,,,,,,,,
TX,48,Reeves,48389,2016,,,,,,,,,,,,,,,
TX,48,Reeves,48389,2017,,,,,,,,,,,,,,,
TX,48,Reeves,48389,2018,,,,,,,,,,,,,,,
TX,48,Reeves,48389,2019,,,,,,,,,,,,,,,
TX,48,Reeves,48389,2020,,,,,,,,,,,,,,,
TX,48,Reeves,48389,2021,,,,,,,,,,,,,,,
TX,48,Reeves,48389,2022,,,,,,,,,,,,,,,
TX,48,Refugio,48391,2000,,,,,,,,,,,,,,,
TX,48,Refugio,48391,2001,,,,,,,,,,,,,,,
TX,48,Refugio,48391,2002,749285130.0,,,,,,,,,,,,,,
TX,48,Refugio,48391,2003,,,,,,,,,,,,,,,
TX,48,Refugio,48391,2004,,,,,,,,,,,,,,,
TX,48,Refugio,48391,2005,,,,,,,,,,,,,,,
TX,48,Refugio,48391,2006,,,,,,,,,,,,,,,
TX,48,Refugio,48391,2007,,,,,,,,,,,,,,,
TX,48,Refugio,48391,2008,,,,,,,,,,,,,,,
TX,48,Refugio,48391,2009,,,,,,,,,,,,,,,
TX,48,Refugio,48391,2010,,,,,,,,,,,,,,,
TX,48,Refugio,48391,2011,,,,,,,,,,,,,,,
TX,48,Refugio,48391,2012,,,,,,,,,,,,,,,
TX,48,Refugio,48391,2013,,,,,,,,,,,,,,,
TX,48,Refugio,48391,2014,,,,,,,,,,,,,,,
TX,48,Refugio,48391,2015,,,,,,,,,,,,,,,
TX,48,Refugio,48391,2016,,,,,,,,,,,,,,,
TX,48,Refugio,48391,2017,,,,,,,,,,,,,,,
TX,48,Refugio,48391,2018,,,,,,,,,,,,,,,
TX,48,Refugio,48391,2019,,,,,,,,,,,,,,,
TX,48,Refugio,48391,2020,,,,,,,,,,,,,,,
TX,48,Refugio,48391,2021,,,,,,,,,,,,,,,
TX,48,Refugio,48391,2022,,,,,,,,,,,,,,,
TX,48,Roberts,48393,2000,,,,,,,,,,,,,,,
TX,48,Roberts,48393,2001,,,,,,,,,,,,,,,
TX,48,Roberts,48393,2002,385768791.0,,,,,,,,,,,,,,
TX,48,Roberts,48393,2003,,,,,,,,,,,,,,,
TX,48,Roberts,48393,2004,,,,,,,,,,,,,,,
TX,48,Roberts,48393,2005,,,,,,,,,,,,,,,
TX,48,Roberts,48393,2006,,,,,,,,,,,,,,,
TX,48,Roberts,48393,2007,,,,,,,,,,,,,,,
TX,48,Roberts,48393,2008,,,,,,,,,,,,,,,
TX,48,Roberts,48393,2009,,,,,,,,,,,,,,,
TX,48,Roberts,48393,2010,,,,,,,,,,,,,,,
TX,48,Roberts,48393,2011,,,,,,,,,,,,,,,
TX,48,Roberts,48393,2012,,,,,,,,,,,,,,,
TX,48,Roberts,48393,2013,,,,,,,,,,,,,,,
TX,48,Roberts,48393,2014,,,,,,,,,,,,,,,
TX,48,Roberts,48393,2015,,,,,,,,,,,,,,,
TX,48,Roberts,48393,2016,,,,,,,,,,,,,,,
TX,48,Roberts,48393,2017,,,,,,,,,,,,,,,
TX,48,Roberts,48393,2018,,,,,,,,,,,,,,,
TX,48,Roberts,48393,2019,,,,,,,,,,,,,,,
TX,48,Roberts,48393,2020,,,,,,,,,,,,,,,
TX,48,Roberts,48393,2021,,,,,,,,,,,,,,,
TX,48,Roberts,48393,2022,,,,,,,,,,,,,,,
TX,48,Robertson,48395,2000,,,,,,,,,,,,,,,
TX,48,Robertson,48395,2001,,,,,,,,,,,,,,,
TX,48,Robertson,48395,2002,1349400140.0,,,,,,,,,,,,,,
TX,48,Robertson,48395,2003,,,,,,,,,,,,,,,
TX,48,Robertson,48395,2004,,,,,,,,,,,,,,,
TX,48,Robertson,48395,2005,,,,,,,,,,,,,,,
TX,48,Robertson,48395,2006,,,,,,,,,,,,,,,
TX,48,Robertson,48395,2007,,,,,,,,,,,,,,,
TX,48,Robertson,48395,2008,,,,,,,,,,,,,,,
TX,48,Robertson,48395,2009,,,,,,,,,,,,,,,
TX,48,Robertson,48395,2010,,,,,,,,,,,,,,,
TX,48,Robertson,48395,2011,,,,,,,,,,,,,,,
TX,48,Robertson,48395,2012,,,,,,,,,,,,,,,
TX,48,Robertson,48395,2013,,,,,,,,,,,,,,,
TX,48,Robertson,48395,2014,,,,,,,,,,,,,,,
TX,48,Robertson,48395,2015,,,,,,,,,,,,,,,
TX,48,Robertson,48395,2016,,,,,,,,,,,,,,,
TX,48,Robertson,48395,2017,,,,,,,,,,,,,,,
TX,48,Robertson,48395,2018,,,,,,,,,,,,,,,
TX,48,Robertson,48395,2019,,,,,,,,,,,,,,,
TX,48,Robertson,48395,2020,,,,,,,,,,,,,,,
TX,48,Robertson,48395,2021,,,,,,,,,,,,,,,
TX,48,Robertson,48395,2022,,,,,,,,,,,,,,,
TX,48,Rockwall,48397,2000,,,,,,,,,,,,,,,
TX,48,Rockwall,48397,2001,,,,,,,,,,,,,,,
TX,48,Rockwall,48397,2002,3984478581.0,,,,,,,,,,,,,,
TX,48,Rockwall,48397,2003,,,,,,,,,,,,,,,
TX,48,Rockwall,48397,2004,,,,,,,,,,,,,,,
TX,48,Rockwall,48397,2005,,,,,,,,,,,,,,,
TX,48,Rockwall,48397,2006,,,,,,,,,,,,,,,
TX,48,Rockwall,48397,2007,,,,,,,,,,,,,,,
TX,48,Rockwall,48397,2008,,,,,,,,,,,,,,,
TX,48,Rockwall,48397,2009,,,,,,,,,,,,,,,
TX,48,Rockwall,48397,2010,,,,,,,,,,,,,,,
TX,48,Rockwall,48397,2011,,,,,,,,,,,,,,,
TX,48,Rockwall,48397,2012,,,,,,,,,,,,,,,
TX,48,Rockwall,48397,2013,,,,,,,,,,,,,,,
TX,48,Rockwall,48397,2014,,,,,,,,,,,,,,,
TX,48,Rockwall,48397,2015,,,,,,,,,,,,,,,
TX,48,Rockwall,48397,2016,,,,,,,,,,,,,,,
TX,48,Rockwall,48397,2017,,,,,,,,,,,,,,,
TX,48,Rockwall,48397,2018,,,,,,,,,,,,,,,
TX,48,Rockwall,48397,2019,,,,,,,,,,,,,,,
TX,48,Rockwall,48397,2020,,,,,,,,,,,,,,,
TX,48,Rockwall,48397,2021,,,,,,,,,,,,,,,
TX,48,Rockwall,48397,2022,,,,,,,,,,,,,,,
TX,48,Runnels,48399,2000,,,,,,,,,,,,,,,
TX,48,Runnels,48399,2001,,,,,,,,,,,,,,,
TX,48,Runnels,48399,2002,533218260.0,,,,,,,,,,,,,,
TX,48,Runnels,48399,2003,,,,,,,,,,,,,,,
TX,48,Runnels,48399,2004,,,,,,,,,,,,,,,
TX,48,Runnels,48399,2005,,,,,,,,,,,,,,,
TX,48,Runnels,48399,2006,,,,,,,,,,,,,,,
TX,48,Runnels,48399,2007,,,,,,,,,,,,,,,
TX,48,Runnels,48399,2008,,,,,,,,,,,,,,,
TX,48,Runnels,48399,2009,,,,,,,,,,,,,,,
TX,48,Runnels,48399,2010,,,,,,,,,,,,,,,
TX,48,Runnels,48399,2011,,,,,,,,,,,,,,,
TX,48,Runnels,48399,2012,,,,,,,,,,,,,,,
TX,48,Runnels,48399,2013,,,,,,,,,,,,,,,
TX,48,Runnels,48399,2014,,,,,,,,,,,,,,,
TX,48,Runnels,48399,2015,,,,,,,,,,,,,,,
TX,48,Runnels,48399,2016,,,,,,,,,,,,,,,
TX,48,Runnels,48399,2017,,,,,,,,,,,,,,,
TX,48,Runnels,48399,2018,,,,,,,,,,,,,,,
TX,48,Runnels,48399,2019,,,,,,,,,,,,,,,
TX,48,Runnels,48399,2020,,,,,,,,,,,,,,,
TX,48,Runnels,48399,2021,,,,,,,,,,,,,,,
TX,48,Runnels,48399,2022,,,,,,,,,,,,,,,
TX,48,Rusk,48401,2000,,,,,,,,,,,,,,,
TX,48,Rusk,48401,2001,,,,,,,,,,,,,,,
TX,48,Rusk,48401,2002,3374050410.0,,,,,,,,,,,,,,
TX,48,Rusk,48401,2003,,,,,,,,,,,,,,,
TX,48,Rusk,48401,2004,,,,,,,,,,,,,,,
TX,48,Rusk,48401,2005,,,,,,,,,,,,,,,
TX,48,Rusk,48401,2006,,,,,,,,,,,,,,,
TX,48,Rusk,48401,2007,,,,,,,,,,,,,,,
TX,48,Rusk,48401,2008,,,,,,,,,,,,,,,
TX,48,Rusk,48401,2009,,,,,,,,,,,,,,,
TX,48,Rusk,48401,2010,,,,,,,,,,,,,,,
TX,48,Rusk,48401,2011,,,,,,,,,,,,,,,
TX,48,Rusk,48401,2012,,,,,,,,,,,,,,,
TX,48,Rusk,48401,2013,,,,,,,,,,,,,,,
TX,48,Rusk,48401,2014,,,,,,,,,,,,,,,
TX,48,Rusk,48401,2015,,,,,,,,,,,,,,,
TX,48,Rusk,48401,2016,,,,,,,,,,,,,,,
TX,48,Rusk,48401,2017,,,,,,,,,,,,,,,
TX,48,Rusk,48401,2018,,,,,,,,,,,,,,,
TX,48,Rusk,48401,2019,,,,,,,,,,,,,,,
TX,48,Rusk,48401,2020,,,,,,,,,,,,,,,
TX,48,Rusk,48401,2021,,,,,,,,,,,,,,,
TX,48,Rusk,48401,2022,,,,,,,,,,,,,,,
TX,48,Sabine,48403,2000,,,,,,,,,,,,,,,
TX,48,Sabine,48403,2001,,,,,,,,,,,,,,,
TX,48,Sabine,48403,2002,478111441.0,,,,,,,,,,,,,,
TX,48,Sabine,48403,2003,,,,,,,,,,,,,,,
TX,48,Sabine,48403,2004,,,,,,,,,,,,,,,
TX,48,Sabine,48403,2005,,,,,,,,,,,,,,,
TX,48,Sabine,48403,2006,,,,,,,,,,,,,,,
TX,48,Sabine,48403,2007,,,,,,,,,,,,,,,
TX,48,Sabine,48403,2008,,,,,,,,,,,,,,,
TX,48,Sabine,48403,2009,,,,,,,,,,,,,,,
TX,48,Sabine,48403,2010,,,,,,,,,,,,,,,
TX,48,Sabine,48403,2011,,,,,,,,,,,,,,,
TX,48,Sabine,48403,2012,,,,,,,,,,,,,,,
TX,48,Sabine,48403,2013,,,,,,,,,,,,,,,
TX,48,Sabine,48403,2014,,,,,,,,,,,,,,,
TX,48,Sabine,48403,2015,,,,,,,,,,,,,,,
TX,48,Sabine,48403,2016,,,,,,,,,,,,,,,
TX,48,Sabine,48403,2017,,,,,,,,,,,,,,,
TX,48,Sabine,48403,2018,,,,,,,,,,,,,,,
TX,48,Sabine,48403,2019,,,,,,,,,,,,,,,
TX,48,Sabine,48403,2020,,,,,,,,,,,,,,,
TX,48,Sabine,48403,2021,,,,,,,,,,,,,,,
TX,48,Sabine,48403,2022,,,,,,,,,,,,,,,
TX,48,San Augustine,48405,2000,,,,,,,,,,,,,,,
TX,48,San Augustine,48405,2001,,,,,,,,,,,,,,,
TX,48,San Augustine,48405,2002,371854032.0,,,,,,,,,,,,,,
TX,48,San Augustine,48405,2003,,,,,,,,,,,,,,,
TX,48,San Augustine,48405,2004,,,,,,,,,,,,,,,
TX,48,San Augustine,48405,2005,,,,,,,,,,,,,,,
TX,48,San Augustine,48405,2006,,,,,,,,,,,,,,,
TX,48,San Augustine,48405,2007,,,,,,,,,,,,,,,
TX,48,San Augustine,48405,2008,,,,,,,,,,,,,,,
TX,48,San Augustine,48405,2009,,,,,,,,,,,,,,,
TX,48,San Augustine,48405,2010,,,,,,,,,,,,,,,
TX,48,San Augustine,48405,2011,,,,,,,,,,,,,,,
TX,48,San Augustine,48405,2012,,,,,,,,,,,,,,,
TX,48,San Augustine,48405,2013,,,,,,,,,,,,,,,
TX,48,San Augustine,48405,2014,,,,,,,,,,,,,,,
TX,48,San Augustine,48405,2015,,,,,,,,,,,,,,,
TX,48,San Augustine,48405,2016,,,,,,,,,,,,,,,
TX,48,San Augustine,48405,2017,,,,,,,,,,,,,,,
TX,48,San Augustine,48405,2018,,,,,,,,,,,,,,,
TX,48,San Augustine,48405,2019,,,,,,,,,,,,,,,
TX,48,San Augustine,48405,2020,,,,,,,,,,,,,,,
TX,48,San Augustine,48405,2021,,,,,,,,,,,,,,,
TX,48,San Augustine,48405,2022,,,,,,,,,,,,,,,
TX,48,San Jacinto,48407,2000,,,,,,,,,,,,,,,
TX,48,San Jacinto,48407,2001,,,,,,,,,,,,,,,
TX,48,San Jacinto,48407,2002,983698660.0,,,,,,,,,,,,,,
TX,48,San Jacinto,48407,2003,,,,,,,,,,,,,,,
TX,48,San Jacinto,48407,2004,,,,,,,,,,,,,,,
TX,48,San Jacinto,48407,2005,,,,,,,,,,,,,,,
TX,48,San Jacinto,48407,2006,,,,,,,,,,,,,,,
TX,48,San Jacinto,48407,2007,,,,,,,,,,,,,,,
TX,48,San Jacinto,48407,2008,,,,,,,,,,,,,,,
TX,48,San Jacinto,48407,2009,,,,,,,,,,,,,,,
TX,48,San Jacinto,48407,2010,,,,,,,,,,,,,,,
TX,48,San Jacinto,48407,2011,,,,,,,,,,,,,,,
TX,48,San Jacinto,48407,2012,,,,,,,,,,,,,,,
TX,48,San Jacinto,48407,2013,,,,,,,,,,,,,,,
TX,48,San Jacinto,48407,2014,,,,,,,,,,,,,,,
TX,48,San Jacinto,48407,2015,,,,,,,,,,,,,,,
TX,48,San Jacinto,48407,2016,,,,,,,,,,,,,,,
TX,48,San Jacinto,48407,2017,,,,,,,,,,,,,,,
TX,48,San Jacinto,48407,2018,,,,,,,,,,,,,,,
TX,48,San Jacinto,48407,2019,,,,,,,,,,,,,,,
TX,48,San Jacinto,48407,2020,,,,,,,,,,,,,,,
TX,48,San Jacinto,48407,2021,,,,,,,,,,,,,,,
TX,48,San Jacinto,48407,2022,,,,,,,,,,,,,,,
TX,48,San Patricio,48409,2000,,,,,,,,,,,,,,,
TX,48,San Patricio,48409,2001,,,,,,,,,,,,,,,
TX,48,San Patricio,48409,2002,2862810475.0,,,,,,,,,,,,,,
TX,48,San Patricio,48409,2003,,,,,,,,,,,,,,,
TX,48,San Patricio,48409,2004,,,,,,,,,,,,,,,
TX,48,San Patricio,48409,2005,,,,,,,,,,,,,,,
TX,48,San Patricio,48409,2006,,,,,,,,,,,,,,,
TX,48,San Patricio,48409,2007,,,,,,,,,,,,,,,
TX,48,San Patricio,48409,2008,,,,,,,,,,,,,,,
TX,48,San Patricio,48409,2009,,,,,,,,,,,,,,,
TX,48,San Patricio,48409,2010,,,,,,,,,,,,,,,
TX,48,San Patricio,48409,2011,,,,,,,,,,,,,,,
TX,48,San Patricio,48409,2012,,,,,,,,,,,,,,,
TX,48,San Patricio,48409,2013,,,,,,,,,,,,,,,
TX,48,San Patricio,48409,2014,,,,,,,,,,,,,,,
TX,48,San Patricio,48409,2015,,,,,,,,,,,,,,,
TX,48,San Patricio,48409,2016,,,,,,,,,,,,,,,
TX,48,San Patricio,48409,2017,,,,,,,,,,,,,,,
TX,48,San Patricio,48409,2018,,,,,,,,,,,,,,,
TX,48,San Patricio,48409,2019,,,,,,,,,,,,,,,
TX,48,San Patricio,48409,2020,,,,,,,,,,,,,,,
TX,48,San Patricio,48409,2021,,,,,,,,,,,,,,,
TX,48,San Patricio,48409,2022,,,,,,,,,,,,,,,
TX,48,San Saba,48411,2000,,,,,,,,,,,,,,,
TX,48,San Saba,48411,2001,,,,,,,,,,,,,,,
TX,48,San Saba,48411,2002,761477630.0,,,,,,,,,,,,,,
TX,48,San Saba,48411,2003,,,,,,,,,,,,,,,
TX,48,San Saba,48411,2004,,,,,,,,,,,,,,,
TX,48,San Saba,48411,2005,,,,,,,,,,,,,,,
TX,48,San Saba,48411,2006,,,,,,,,,,,,,,,
TX,48,San Saba,48411,2007,,,,,,,,,,,,,,,
TX,48,San Saba,48411,2008,,,,,,,,,,,,,,,
TX,48,San Saba,48411,2009,,,,,,,,,,,,,,,
TX,48,San Saba,48411,2010,,,,,,,,,,,,,,,
TX,48,San Saba,48411,2011,,,,,,,,,,,,,,,
TX,48,San Saba,48411,2012,,,,,,,,,,,,,,,
TX,48,San Saba,48411,2013,,,,,,,,,,,,,,,
TX,48,San Saba,48411,2014,,,,,,,,,,,,,,,
TX,48,San Saba,48411,2015,,,,,,,,,,,,,,,
TX,48,San Saba,48411,2016,,,,,,,,,,,,,,,
TX,48,San Saba,48411,2017,,,,,,,,,,,,,,,
TX,48,San Saba,48411,2018,,,,,,,,,,,,,,,
TX,48,San Saba,48411,2019,,,,,,,,,,,,,,,
TX,48,San Saba,48411,2020,,,,,,,,,,,,,,,
TX,48,San Saba,48411,2021,,,,,,,,,,,,,,,
TX,48,San Saba,48411,2022,,,,,,,,,,,,,,,
TX,48,Schleicher,48413,2000,,,,,,,,,,,,,,,
TX,48,Schleicher,48413,2001,,,,,,,,,,,,,,,
TX,48,Schleicher,48413,2002,418483255.0,,,,,,,,,,,,,,
TX,48,Schleicher,48413,2003,,,,,,,,,,,,,,,
TX,48,Schleicher,48413,2004,,,,,,,,,,,,,,,
TX,48,Schleicher,48413,2005,,,,,,,,,,,,,,,
TX,48,Schleicher,48413,2006,,,,,,,,,,,,,,,
TX,48,Schleicher,48413,2007,,,,,,,,,,,,,,,
TX,48,Schleicher,48413,2008,,,,,,,,,,,,,,,
TX,48,Schleicher,48413,2009,,,,,,,,,,,,,,,
TX,48,Schleicher,48413,2010,,,,,,,,,,,,,,,
TX,48,Schleicher,48413,2011,,,,,,,,,,,,,,,
TX,48,Schleicher,48413,2012,,,,,,,,,,,,,,,
TX,48,Schleicher,48413,2013,,,,,,,,,,,,,,,
TX,48,Schleicher,48413,2014,,,,,,,,,,,,,,,
TX,48,Schleicher,48413,2015,,,,,,,,,,,,,,,
TX,48,Schleicher,48413,2016,,,,,,,,,,,,,,,
TX,48,Schleicher,48413,2017,,,,,,,,,,,,,,,
TX,48,Schleicher,48413,2018,,,,,,,,,,,,,,,
TX,48,Schleicher,48413,2019,,,,,,,,,,,,,,,
TX,48,Schleicher,48413,2020,,,,,,,,,,,,,,,
TX,48,Schleicher,48413,2021,,,,,,,,,,,,,,,
TX,48,Schleicher,48413,2022,,,,,,,,,,,,,,,
TX,48,Scurry,48415,2000,,,,,,,,,,,,,,,
TX,48,Scurry,48415,2001,,,,,,,,,,,,,,,
TX,48,Scurry,48415,2002,969961823.0,,,,,,,,,,,,,,
TX,48,Scurry,48415,2003,,,,,,,,,,,,,,,
TX,48,Scurry,48415,2004,,,,,,,,,,,,,,,
TX,48,Scurry,48415,2005,,,,,,,,,,,,,,,
TX,48,Scurry,48415,2006,,,,,,,,,,,,,,,
TX,48,Scurry,48415,2007,,,,,,,,,,,,,,,
TX,48,Scurry,48415,2008,,,,,,,,,,,,,,,
TX,48,Scurry,48415,2009,,,,,,,,,,,,,,,
TX,48,Scurry,48415,2010,,,,,,,,,,,,,,,
TX,48,Scurry,48415,2011,,,,,,,,,,,,,,,
TX,48,Scurry,48415,2012,,,,,,,,,,,,,,,
TX,48,Scurry,48415,2013,,,,,,,,,,,,,,,
TX,48,Scurry,48415,2014,,,,,,,,,,,,,,,
TX,48,Scurry,48415,2015,,,,,,,,,,,,,,,
TX,48,Scurry,48415,2016,,,,,,,,,,,,,,,
TX,48,Scurry,48415,2017,,,,,,,,,,,,,,,
TX,48,Scurry,48415,2018,,,,,,,,,,,,,,,
TX,48,Scurry,48415,2019,,,,,,,,,,,,,,,
TX,48,Scurry,48415,2020,,,,,,,,,,,,,,,
TX,48,Scurry,48415,2021,,,,,,,,,,,,,,,
TX,48,Scurry,48415,2022,,,,,,,,,,,,,,,
TX,48,Shackelford,48417,2000,,,,,,,,,,,,,,,
TX,48,Shackelford,48417,2001,,,,,,,,,,,,,,,
TX,48,Shackelford,48417,2002,375723442.0,,,,,,,,,,,,,,
TX,48,Shackelford,48417,2003,,,,,,,,,,,,,,,
TX,48,Shackelford,48417,2004,,,,,,,,,,,,,,,
TX,48,Shackelford,48417,2005,,,,,,,,,,,,,,,
TX,48,Shackelford,48417,2006,,,,,,,,,,,,,,,
TX,48,Shackelford,48417,2007,,,,,,,,,,,,,,,
TX,48,Shackelford,48417,2008,,,,,,,,,,,,,,,
TX,48,Shackelford,48417,2009,,,,,,,,,,,,,,,
TX,48,Shackelford,48417,2010,,,,,,,,,,,,,,,
TX,48,Shackelford,48417,2011,,,,,,,,,,,,,,,
TX,48,Shackelford,48417,2012,,,,,,,,,,,,,,,
TX,48,Shackelford,48417,2013,,,,,,,,,,,,,,,
TX,48,Shackelford,48417,2014,,,,,,,,,,,,,,,
TX,48,Shackelford,48417,2015,,,,,,,,,,,,,,,
TX,48,Shackelford,48417,2016,,,,,,,,,,,,,,,
TX,48,Shackelford,48417,2017,,,,,,,,,,,,,,,
TX,48,Shackelford,48417,2018,,,,,,,,,,,,,,,
TX,48,Shackelford,48417,2019,,,,,,,,,,,,,,,
TX,48,Shackelford,48417,2020,,,,,,,,,,,,,,,
TX,48,Shackelford,48417,2021,,,,,,,,,,,,,,,
TX,48,Shackelford,48417,2022,,,,,,,,,,,,,,,
TX,48,Shelby,48419,2000,,,,,,,,,,,,,,,
TX,48,Shelby,48419,2001,,,,,,,,,,,,,,,
TX,48,Shelby,48419,2002,986639574.0,,,,,,,,,,,,,,
TX,48,Shelby,48419,2003,,,,,,,,,,,,,,,
TX,48,Shelby,48419,2004,,,,,,,,,,,,,,,
TX,48,Shelby,48419,2005,,,,,,,,,,,,,,,
TX,48,Shelby,48419,2006,,,,,,,,,,,,,,,
TX,48,Shelby,48419,2007,,,,,,,,,,,,,,,
TX,48,Shelby,48419,2008,,,,,,,,,,,,,,,
TX,48,Shelby,48419,2009,,,,,,,,,,,,,,,
TX,48,Shelby,48419,2010,,,,,,,,,,,,,,,
TX,48,Shelby,48419,2011,,,,,,,,,,,,,,,
TX,48,Shelby,48419,2012,,,,,,,,,,,,,,,
TX,48,Shelby,48419,2013,,,,,,,,,,,,,,,
TX,48,Shelby,48419,2014,,,,,,,,,,,,,,,
TX,48,Shelby,48419,2015,,,,,,,,,,,,,,,
TX,48,Shelby,48419,2016,,,,,,,,,,,,,,,
TX,48,Shelby,48419,2017,,,,,,,,,,,,,,,
TX,48,Shelby,48419,2018,,,,,,,,,,,,,,,
TX,48,Shelby,48419,2019,,,,,,,,,,,,,,,
TX,48,Shelby,48419,2020,,,,,,,,,,,,,,,
TX,48,Shelby,48419,2021,,,,,,,,,,,,,,,
TX,48,Shelby,48419,2022,,,,,,,,,,,,,,,
TX,48,Sherman,48421,2000,,,,,,,,,,,,,,,
TX,48,Sherman,48421,2001,,,,,,,,,,,,,,,
TX,48,Sherman,48421,2002,559684998.0,,,,,,,,,,,,,,
TX,48,Sherman,48421,2003,,,,,,,,,,,,,,,
TX,48,Sherman,48421,2004,,,,,,,,,,,,,,,
TX,48,Sherman,48421,2005,,,,,,,,,,,,,,,
TX,48,Sherman,48421,2006,,,,,,,,,,,,,,,
TX,48,Sherman,48421,2007,,,,,,,,,,,,,,,
TX,48,Sherman,48421,2008,,,,,,,,,,,,,,,
TX,48,Sherman,48421,2009,,,,,,,,,,,,,,,
TX,48,Sherman,48421,2010,,,,,,,,,,,,,,,
TX,48,Sherman,48421,2011,,,,,,,,,,,,,,,
TX,48,Sherman,48421,2012,,,,,,,,,,,,,,,
TX,48,Sherman,48421,2013,,,,,,,,,,,,,,,
TX,48,Sherman,48421,2014,,,,,,,,,,,,,,,
TX,48,Sherman,48421,2015,,,,,,,,,,,,,,,
TX,48,Sherman,48421,2016,,,,,,,,,,,,,,,
TX,48,Sherman,48421,2017,,,,,,,,,,,,,,,
TX,48,Sherman,48421,2018,,,,,,,,,,,,,,,
TX,48,Sherman,48421,2019,,,,,,,,,,,,,,,
TX,48,Sherman,48421,2020,,,,,,,,,,,,,,,
TX,48,Sherman,48421,2021,,,,,,,,,,,,,,,
TX,48,Sherman,48421,2022,,,,,,,,,,,,,,,
TX,48,Smith,48423,2000,,,,,,,,,,,,,,,
TX,48,Smith,48423,2001,,,,,,,,,,,,,,,
TX,48,Smith,48423,2002,9374826701.0,,,,,,,,,,,,,,
TX,48,Smith,48423,2003,,,,,,,,,,,,,,,
TX,48,Smith,48423,2004,,,,,,,,,,,,,,,
TX,48,Smith,48423,2005,,,,,,,,,,,,,,,
TX,48,Smith,48423,2006,,,,,,,,,,,,,,,
TX,48,Smith,48423,2007,,,,,,,,,,,,,,,
TX,48,Smith,48423,2008,,,,,,,,,,,,,,,
TX,48,Smith,48423,2009,,,,,,,,,,,,,,,
TX,48,Smith,48423,2010,,,,,,,,,,,,,,,
TX,48,Smith,48423,2011,,,,,,,,,,,,,,,
TX,48,Smith,48423,2012,,,,,,,,,,,,,,,
TX,48,Smith,48423,2013,,,,,,,,,,,,,,,
TX,48,Smith,48423,2014,,,,,,,,,,,,,,,
TX,48,Smith,48423,2015,,,,,,,,,,,,,,,
TX,48,Smith,48423,2016,,,,,,,,,,,,,,,
TX,48,Smith,48423,2017,,,,,,,,,,,,,,,
TX,48,Smith,48423,2018,,,,,,,,,,,,,,,
TX,48,Smith,48423,2019,,,,,,,,,,,,,,,
TX,48,Smith,48423,2020,,,,,,,,,,,,,,,
TX,48,Smith,48423,2021,,,,,,,,,,,,,,,
TX,48,Smith,48423,2022,,,,,,,,,,,,,,,
TX,48,Somervell,48425,2000,,,,,,,,,,,,,,,
TX,48,Somervell,48425,2001,,,,,,,,,,,,,,,
TX,48,Somervell,48425,2002,1952998793.0,,,,,,,,,,,,,,
TX,48,Somervell,48425,2003,,,,,,,,,,,,,,,
TX,48,Somervell,48425,2004,,,,,,,,,,,,,,,
TX,48,Somervell,48425,2005,,,,,,,,,,,,,,,
TX,48,Somervell,48425,2006,,,,,,,,,,,,,,,
TX,48,Somervell,48425,2007,,,,,,,,,,,,,,,
TX,48,Somervell,48425,2008,,,,,,,,,,,,,,,
TX,48,Somervell,48425,2009,,,,,,,,,,,,,,,
TX,48,Somervell,48425,2010,,,,,,,,,,,,,,,
TX,48,Somervell,48425,2011,,,,,,,,,,,,,,,
TX,48,Somervell,48425,2012,,,,,,,,,,,,,,,
TX,48,Somervell,48425,2013,,,,,,,,,,,,,,,
TX,48,Somervell,48425,2014,,,,,,,,,,,,,,,
TX,48,Somervell,48425,2015,,,,,,,,,,,,,,,
TX,48,Somervell,48425,2016,,,,,,,,,,,,,,,
TX,48,Somervell,48425,2017,,,,,,,,,,,,,,,
TX,48,Somervell,48425,2018,,,,,,,,,,,,,,,
TX,48,Somervell,48425,2019,,,,,,,,,,,,,,,
TX,48,Somervell,48425,2020,,,,,,,,,,,,,,,
TX,48,Somervell,48425,2021,,,,,,,,,,,,,,,
TX,48,Somervell,48425,2022,,,,,,,,,,,,,,,
TX,48,Starr,48427,2000,,,,,,,,,,,,,,,
TX,48,Starr,48427,2001,,,,,,,,,,,,,,,
TX,48,Starr,48427,2002,1690402970.0,,,,,,,,,,,,,,
TX,48,Starr,48427,2003,,,,,,,,,,,,,,,
TX,48,Starr,48427,2004,,,,,,,,,,,,,,,
TX,48,Starr,48427,2005,,,,,,,,,,,,,,,
TX,48,Starr,48427,2006,,,,,,,,,,,,,,,
TX,48,Starr,48427,2007,,,,,,,,,,,,,,,
TX,48,Starr,48427,2008,,,,,,,,,,,,,,,
TX,48,Starr,48427,2009,,,,,,,,,,,,,,,
TX,48,Starr,48427,2010,,,,,,,,,,,,,,,
TX,48,Starr,48427,2011,,,,,,,,,,,,,,,
TX,48,Starr,48427,2012,,,,,,,,,,,,,,,
TX,48,Starr,48427,2013,,,,,,,,,,,,,,,
TX,48,Starr,48427,2014,,,,,,,,,,,,,,,
TX,48,Starr,48427,2015,,,,,,,,,,,,,,,
TX,48,Starr,48427,2016,,,,,,,,,,,,,,,
TX,48,Starr,48427,2017,,,,,,,,,,,,,,,
TX,48,Starr,48427,2018,,,,,,,,,,,,,,,
TX,48,Starr,48427,2019,,,,,,,,,,,,,,,
TX,48,Starr,48427,2020,,,,,,,,,,,,,,,
TX,48,Starr,48427,2021,,,,,,,,,,,,,,,
TX,48,Starr,48427,2022,,,,,,,,,,,,,,,
TX,48,Stephens,48429,2000,,,,,,,,,,,,,,,
TX,48,Stephens,48429,2001,,,,,,,,,,,,,,,
TX,48,Stephens,48429,2002,694533120.0,,,,,,,,,,,,,,
TX,48,Stephens,48429,2003,,,,,,,,,,,,,,,
TX,48,Stephens,48429,2004,,,,,,,,,,,,,,,
TX,48,Stephens,48429,2005,,,,,,,,,,,,,,,
TX,48,Stephens,48429,2006,,,,,,,,,,,,,,,
TX,48,Stephens,48429,2007,,,,,,,,,,,,,,,
TX,48,Stephens,48429,2008,,,,,,,,,,,,,,,
TX,48,Stephens,48429,2009,,,,,,,,,,,,,,,
TX,48,Stephens,48429,2010,,,,,,,,,,,,,,,
TX,48,Stephens,48429,2011,,,,,,,,,,,,,,,
TX,48,Stephens,48429,2012,,,,,,,,,,,,,,,
TX,48,Stephens,48429,2013,,,,,,,,,,,,,,,
TX,48,Stephens,48429,2014,,,,,,,,,,,,,,,
TX,48,Stephens,48429,2015,,,,,,,,,,,,,,,
TX,48,Stephens,48429,2016,,,,,,,,,,,,,,,
TX,48,Stephens,48429,2017,,,,,,,,,,,,,,,
TX,48,Stephens,48429,2018,,,,,,,,,,,,,,,
TX,48,Stephens,48429,2019,,,,,,,,,,,,,,,
TX,48,Stephens,48429,2020,,,,,,,,,,,,,,,
TX,48,Stephens,48429,2021,,,,,,,,,,,,,,,
TX,48,Stephens,48429,2022,,,,,,,,,,,,,,,
TX,48,Sterling,48431,2000,,,,,,,,,,,,,,,
TX,48,Sterling,48431,2001,,,,,,,,,,,,,,,
TX,48,Sterling,48431,2002,346838170.0,,,,,,,,,,,,,,
TX,48,Sterling,48431,2003,,,,,,,,,,,,,,,
TX,48,Sterling,48431,2004,,,,,,,,,,,,,,,
TX,48,Sterling,48431,2005,,,,,,,,,,,,,,,
TX,48,Sterling,48431,2006,,,,,,,,,,,,,,,
TX,48,Sterling,48431,2007,,,,,,,,,,,,,,,
TX,48,Sterling,48431,2008,,,,,,,,,,,,,,,
TX,48,Sterling,48431,2009,,,,,,,,,,,,,,,
TX,48,Sterling,48431,2010,,,,,,,,,,,,,,,
TX,48,Sterling,48431,2011,,,,,,,,,,,,,,,
TX,48,Sterling,48431,2012,,,,,,,,,,,,,,,
TX,48,Sterling,48431,2013,,,,,,,,,,,,,,,
TX,48,Sterling,48431,2014,,,,,,,,,,,,,,,
TX,48,Sterling,48431,2015,,,,,,,,,,,,,,,
TX,48,Sterling,48431,2016,,,,,,,,,,,,,,,
TX,48,Sterling,48431,2017,,,,,,,,,,,,,,,
TX,48,Sterling,48431,2018,,,,,,,,,,,,,,,
TX,48,Sterling,48431,2019,,,,,,,,,,,,,,,
TX,48,Sterling,48431,2020,,,,,,,,,,,,,,,
TX,48,Sterling,48431,2021,,,,,,,,,,,,,,,
TX,48,Sterling,48431,2022,,,,,,,,,,,,,,,
TX,48,Stonewall,48433,2000,,,,,,,,,,,,,,,
TX,48,Stonewall,48433,2001,,,,,,,,,,,,,,,
TX,48,Stonewall,48433,2002,176290654.0,,,,,,,,,,,,,,
TX,48,Stonewall,48433,2003,,,,,,,,,,,,,,,
TX,48,Stonewall,48433,2004,,,,,,,,,,,,,,,
TX,48,Stonewall,48433,2005,,,,,,,,,,,,,,,
TX,48,Stonewall,48433,2006,,,,,,,,,,,,,,,
TX,48,Stonewall,48433,2007,,,,,,,,,,,,,,,
TX,48,Stonewall,48433,2008,,,,,,,,,,,,,,,
TX,48,Stonewall,48433,2009,,,,,,,,,,,,,,,
TX,48,Stonewall,48433,2010,,,,,,,,,,,,,,,
TX,48,Stonewall,48433,2011,,,,,,,,,,,,,,,
TX,48,Stonewall,48433,2012,,,,,,,,,,,,,,,
TX,48,Stonewall,48433,2013,,,,,,,,,,,,,,,
TX,48,Stonewall,48433,2014,,,,,,,,,,,,,,,
TX,48,Stonewall,48433,2015,,,,,,,,,,,,,,,
TX,48,Stonewall,48433,2016,,,,,,,,,,,,,,,
TX,48,Stonewall,48433,2017,,,,,,,,,,,,,,,
TX,48,Stonewall,48433,2018,,,,,,,,,,,,,,,
TX,48,Stonewall,48433,2019,,,,,,,,,,,,,,,
TX,48,Stonewall,48433,2020,,,,,,,,,,,,,,,
TX,48,Stonewall,48433,2021,,,,,,,,,,,,,,,
TX,48,Stonewall,48433,2022,,,,,,,,,,,,,,,
TX,48,Sutton,48435,2000,,,,,,,,,,,,,,,
TX,48,Sutton,48435,2001,,,,,,,,,,,,,,,
TX,48,Sutton,48435,2002,873190745.0,,,,,,,,,,,,,,
TX,48,Sutton,48435,2003,,,,,,,,,,,,,,,
TX,48,Sutton,48435,2004,,,,,,,,,,,,,,,
TX,48,Sutton,48435,2005,,,,,,,,,,,,,,,
TX,48,Sutton,48435,2006,,,,,,,,,,,,,,,
TX,48,Sutton,48435,2007,,,,,,,,,,,,,,,
TX,48,Sutton,48435,2008,,,,,,,,,,,,,,,
TX,48,Sutton,48435,2009,,,,,,,,,,,,,,,
TX,48,Sutton,48435,2010,,,,,,,,,,,,,,,
TX,48,Sutton,48435,2011,,,,,,,,,,,,,,,
TX,48,Sutton,48435,2012,,,,,,,,,,,,,,,
TX,48,Sutton,48435,2013,,,,,,,,,,,,,,,
TX,48,Sutton,48435,2014,,,,,,,,,,,,,,,
TX,48,Sutton,48435,2015,,,,,,,,,,,,,,,
TX,48,Sutton,48435,2016,,,,,,,,,,,,,,,
TX,48,Sutton,48435,2017,,,,,,,,,,,,,,,
TX,48,Sutton,48435,2018,,,,,,,,,,,,,,,
TX,48,Sutton,48435,2019,,,,,,,,,,,,,,,
TX,48,Sutton,48435,2020,,,,,,,,,,,,,,,
TX,48,Sutton,48435,2021,,,,,,,,,,,,,,,
TX,48,Sutton,48435,2022,,,,,,,,,,,,,,,
TX,48,Swisher,48437,2000,,,,,,,,,,,,,,,
TX,48,Swisher,48437,2001,,,,,,,,,,,,,,,
TX,48,Swisher,48437,2002,360346845.0,,,,,,,,,,,,,,
TX,48,Swisher,48437,2003,,,,,,,,,,,,,,,
TX,48,Swisher,48437,2004,,,,,,,,,,,,,,,
TX,48,Swisher,48437,2005,,,,,,,,,,,,,,,
TX,48,Swisher,48437,2006,,,,,,,,,,,,,,,
TX,48,Swisher,48437,2007,,,,,,,,,,,,,,,
TX,48,Swisher,48437,2008,,,,,,,,,,,,,,,
TX,48,Swisher,48437,2009,,,,,,,,,,,,,,,
TX,48,Swisher,48437,2010,,,,,,,,,,,,,,,
TX,48,Swisher,48437,2011,,,,,,,,,,,,,,,
TX,48,Swisher,48437,2012,,,,,,,,,,,,,,,
TX,48,Swisher,48437,2013,,,,,,,,,,,,,,,
TX,48,Swisher,48437,2014,,,,,,,,,,,,,,,
TX,48,Swisher,48437,2015,,,,,,,,,,,,,,,
TX,48,Swisher,48437,2016,,,,,,,,,,,,,,,
TX,48,Swisher,48437,2017,,,,,,,,,,,,,,,
TX,48,Swisher,48437,2018,,,,,,,,,,,,,,,
TX,48,Swisher,48437,2019,,,,,,,,,,,,,,,
TX,48,Swisher,48437,2020,,,,,,,,,,,,,,,
TX,48,Swisher,48437,2021,,,,,,,,,,,,,,,
TX,48,Swisher,48437,2022,,,,,,,,,,,,,,,
TX,48,Tarrant,48439,2000,,,,,,,,,,,,,,,
TX,48,Tarrant,48439,2001,,,,,,,,,,,,,,,
TX,48,Tarrant,48439,2002,89405568707.0,,,,,,,,,,,,,,
TX,48,Tarrant,48439,2003,,,,,,,,,,,,,,,
TX,48,Tarrant,48439,2004,,,,,,,,,,,,,,,
TX,48,Tarrant,48439,2005,,,,,,,,,,,,,,,
TX,48,Tarrant,48439,2006,,,,,,,,,,,,,,,
TX,48,Tarrant,48439,2007,,,,,,,,,,,,,,,
TX,48,Tarrant,48439,2008,,,,,,,,,,,,,,,
TX,48,Tarrant,48439,2009,,,,,,,,,,,,,,,
TX,48,Tarrant,48439,2010,,,,,,,,,,,,,,,
TX,48,Tarrant,48439,2011,,,,,,,,,,,,,,,
TX,48,Tarrant,48439,2012,,,,,,,,,,,,,,,
TX,48,Tarrant,48439,2013,,,,,,,,,,,,,,,
TX,48,Tarrant,48439,2014,,,,,,,,,,,,,,,
TX,48,Tarrant,48439,2015,,,,,,,,,,,,,,,
TX,48,Tarrant,48439,2016,,,,,,,,,,,,,,,
TX,48,Tarrant,48439,2017,,,,,,,,,,,,,,,
TX,48,Tarrant,48439,2018,,,,,,,,,,,,,,,
TX,48,Tarrant,48439,2019,,,,,,,,,,,,,,,
TX,48,Tarrant,48439,2020,,,,,,,,,,,,,,,
TX,48,Tarrant,48439,2021,,,,,,,,,,,,,,,
TX,48,Tarrant,48439,2022,,,,,,,,,,,,,,,
TX,48,Taylor,48441,2000,,,,,,,,,,,,,,,
TX,48,Taylor,48441,2001,,,,,,,,,,,,,,,
TX,48,Taylor,48441,2002,4582919996.0,,,,,,,,,,,,,,
TX,48,Taylor,48441,2003,,,,,,,,,,,,,,,
TX,48,Taylor,48441,2004,,,,,,,,,,,,,,,
TX,48,Taylor,48441,2005,,,,,,,,,,,,,,,
TX,48,Taylor,48441,2006,,,,,,,,,,,,,,,
TX,48,Taylor,48441,2007,,,,,,,,,,,,,,,
TX,48,Taylor,48441,2008,,,,,,,,,,,,,,,
TX,48,Taylor,48441,2009,,,,,,,,,,,,,,,
TX,48,Taylor,48441,2010,,,,,,,,,,,,,,,
TX,48,Taylor,48441,2011,,,,,,,,,,,,,,,
TX,48,Taylor,48441,2012,,,,,,,,,,,,,,,
TX,48,Taylor,48441,2013,,,,,,,,,,,,,,,
TX,48,Taylor,48441,2014,,,,,,,,,,,,,,,
TX,48,Taylor,48441,2015,,,,,,,,,,,,,,,
TX,48,Taylor,48441,2016,,,,,,,,,,,,,,,
TX,48,Taylor,48441,2017,,,,,,,,,,,,,,,
TX,48,Taylor,48441,2018,,,,,,,,,,,,,,,
TX,48,Taylor,48441,2019,,,,,,,,,,,,,,,
TX,48,Taylor,48441,2020,,,,,,,,,,,,,,,
TX,48,Taylor,48441,2021,,,,,,,,,,,,,,,
TX,48,Taylor,48441,2022,,,,,,,,,,,,,,,
TX,48,Terrell,48443,2000,,,,,,,,,,,,,,,
TX,48,Terrell,48443,2001,,,,,,,,,,,,,,,
TX,48,Terrell,48443,2002,424433004.0,,,,,,,,,,,,,,
TX,48,Terrell,48443,2003,,,,,,,,,,,,,,,
TX,48,Terrell,48443,2004,,,,,,,,,,,,,,,
TX,48,Terrell,48443,2005,,,,,,,,,,,,,,,
TX,48,Terrell,48443,2006,,,,,,,,,,,,,,,
TX,48,Terrell,48443,2007,,,,,,,,,,,,,,,
TX,48,Terrell,48443,2008,,,,,,,,,,,,,,,
TX,48,Terrell,48443,2009,,,,,,,,,,,,,,,
TX,48,Terrell,48443,2010,,,,,,,,,,,,,,,
TX,48,Terrell,48443,2011,,,,,,,,,,,,,,,
TX,48,Terrell,48443,2012,,,,,,,,,,,,,,,
TX,48,Terrell,48443,2013,,,,,,,,,,,,,,,
TX,48,Terrell,48443,2014,,,,,,,,,,,,,,,
TX,48,Terrell,48443,2015,,,,,,,,,,,,,,,
TX,48,Terrell,48443,2016,,,,,,,,,,,,,,,
TX,48,Terrell,48443,2017,,,,,,,,,,,,,,,
TX,48,Terrell,48443,2018,,,,,,,,,,,,,,,
TX,48,Terrell,48443,2019,,,,,,,,,,,,,,,
TX,48,Terrell,48443,2020,,,,,,,,,,,,,,,
TX,48,Terrell,48443,2021,,,,,,,,,,,,,,,
TX,48,Terrell,48443,2022,,,,,,,,,,,,,,,
TX,48,Terry,48445,2000,,,,,,,,,,,,,,,
TX,48,Terry,48445,2001,,,,,,,,,,,,,,,
TX,48,Terry,48445,2002,651656497.0,,,,,,,,,,,,,,
TX,48,Terry,48445,2003,,,,,,,,,,,,,,,
TX,48,Terry,48445,2004,,,,,,,,,,,,,,,
TX,48,Terry,48445,2005,,,,,,,,,,,,,,,
TX,48,Terry,48445,2006,,,,,,,,,,,,,,,
TX,48,Terry,48445,2007,,,,,,,,,,,,,,,
TX,48,Terry,48445,2008,,,,,,,,,,,,,,,
TX,48,Terry,48445,2009,,,,,,,,,,,,,,,
TX,48,Terry,48445,2010,,,,,,,,,,,,,,,
TX,48,Terry,48445,2011,,,,,,,,,,,,,,,
TX,48,Terry,48445,2012,,,,,,,,,,,,,,,
TX,48,Terry,48445,2013,,,,,,,,,,,,,,,
TX,48,Terry,48445,2014,,,,,,,,,,,,,,,
TX,48,Terry,48445,2015,,,,,,,,,,,,,,,
TX,48,Terry,48445,2016,,,,,,,,,,,,,,,
TX,48,Terry,48445,2017,,,,,,,,,,,,,,,
TX,48,Terry,48445,2018,,,,,,,,,,,,,,,
TX,48,Terry,48445,2019,,,,,,,,,,,,,,,
TX,48,Terry,48445,2020,,,,,,,,,,,,,,,
TX,48,Terry,48445,2021,,,,,,,,,,,,,,,
TX,48,Terry,48445,2022,,,,,,,,,,,,,,,
TX,48,Throckmorton,48447,2000,,,,,,,,,,,,,,,
TX,48,Throckmorton,48447,2001,,,,,,,,,,,,,,,
TX,48,Throckmorton,48447,2002,294932620.0,,,,,,,,,,,,,,
TX,48,Throckmorton,48447,2003,,,,,,,,,,,,,,,
TX,48,Throckmorton,48447,2004,,,,,,,,,,,,,,,
TX,48,Throckmorton,48447,2005,,,,,,,,,,,,,,,
TX,48,Throckmorton,48447,2006,,,,,,,,,,,,,,,
TX,48,Throckmorton,48447,2007,,,,,,,,,,,,,,,
TX,48,Throckmorton,48447,2008,,,,,,,,,,,,,,,
TX,48,Throckmorton,48447,2009,,,,,,,,,,,,,,,
TX,48,Throckmorton,48447,2010,,,,,,,,,,,,,,,
TX,48,Throckmorton,48447,2011,,,,,,,,,,,,,,,
TX,48,Throckmorton,48447,2012,,,,,,,,,,,,,,,
TX,48,Throckmorton,48447,2013,,,,,,,,,,,,,,,
TX,48,Throckmorton,48447,2014,,,,,,,,,,,,,,,
TX,48,Throckmorton,48447,2015,,,,,,,,,,,,,,,
TX,48,Throckmorton,48447,2016,,,,,,,,,,,,,,,
TX,48,Throckmorton,48447,2017,,,,,,,,,,,,,,,
TX,48,Throckmorton,48447,2018,,,,,,,,,,,,,,,
TX,48,Throckmorton,48447,2019,,,,,,,,,,,,,,,
TX,48,Throckmorton,48447,2020,,,,,,,,,,,,,,,
TX,48,Throckmorton,48447,2021,,,,,,,,,,,,,,,
TX,48,Throckmorton,48447,2022,,,,,,,,,,,,,,,
TX,48,Titus,48449,2000,,,,,,,,,,,,,,,
TX,48,Titus,48449,2001,,,,,,,,,,,,,,,
TX,48,Titus,48449,2002,2147783232.0,,,,,,,,,,,,,,
TX,48,Titus,48449,2003,,,,,,,,,,,,,,,
TX,48,Titus,48449,2004,,,,,,,,,,,,,,,
TX,48,Titus,48449,2005,,,,,,,,,,,,,,,
TX,48,Titus,48449,2006,,,,,,,,,,,,,,,
TX,48,Titus,48449,2007,,,,,,,,,,,,,,,
TX,48,Titus,48449,2008,,,,,,,,,,,,,,,
TX,48,Titus,48449,2009,,,,,,,,,,,,,,,
TX,48,Titus,48449,2010,,,,,,,,,,,,,,,
TX,48,Titus,48449,2011,,,,,,,,,,,,,,,
TX,48,Titus,48449,2012,,,,,,,,,,,,,,,
TX,48,Titus,48449,2013,,,,,,,,,,,,,,,
TX,48,Titus,48449,2014,,,,,,,,,,,,,,,
TX,48,Titus,48449,2015,,,,,,,,,,,,,,,
TX,48,Titus,48449,2016,,,,,,,,,,,,,,,
TX,48,Titus,48449,2017,,,,,,,,,,,,,,,
TX,48,Titus,48449,2018,,,,,,,,,,,,,,,
TX,48,Titus,48449,2019,,,,,,,,,,,,,,,
TX,48,Titus,48449,2020,,,,,,,,,,,,,,,
TX,48,Titus,48449,2021,,,,,,,,,,,,,,,
TX,48,Titus,48449,2022,,,,,,,,,,,,,,,
TX,48,Tom Green,48451,2000,,,,,,,,,,,,,,,
TX,48,Tom Green,48451,2001,,,,,,,,,,,,,,,
TX,48,Tom Green,48451,2002,3599908169.0,,,,,,,,,,,,,,
TX,48,Tom Green,48451,2003,,,,,,,,,,,,,,,
TX,48,Tom Green,48451,2004,,,,,,,,,,,,,,,
TX,48,Tom Green,48451,2005,,,,,,,,,,,,,,,
TX,48,Tom Green,48451,2006,,,,,,,,,,,,,,,
TX,48,Tom Green,48451,2007,,,,,,,,,,,,,,,
TX,48,Tom Green,48451,2008,,,,,,,,,,,,,,,
TX,48,Tom Green,48451,2009,,,,,,,,,,,,,,,
TX,48,Tom Green,48451,2010,,,,,,,,,,,,,,,
TX,48,Tom Green,48451,2011,,,,,,,,,,,,,,,
TX,48,Tom Green,48451,2012,,,,,,,,,,,,,,,
TX,48,Tom Green,48451,2013,,,,,,,,,,,,,,,
TX,48,Tom Green,48451,2014,,,,,,,,,,,,,,,
TX,48,Tom Green,48451,2015,,,,,,,,,,,,,,,
TX,48,Tom Green,48451,2016,,,,,,,,,,,,,,,
TX,48,Tom Green,48451,2017,,,,,,,,,,,,,,,
TX,48,Tom Green,48451,2018,,,,,,,,,,,,,,,
TX,48,Tom Green,48451,2019,,,,,,,,,,,,,,,
TX,48,Tom Green,48451,2020,,,,,,,,,,,,,,,
TX,48,Tom Green,48451,2021,,,,,,,,,,,,,,,
TX,48,Tom Green,48451,2022,,,,,,,,,,,,,,,
TX,48,Travis,48453,2000,,,,,,,,,,,,,,,
TX,48,Travis,48453,2001,,,,,,,,,,,,,,,
TX,48,Travis,48453,2002,75597635795.0,,,,,,,,,,,,,,
TX,48,Travis,48453,2003,,,,,,,,,,,,,,,
TX,48,Travis,48453,2004,,,,,,,,,,,,,,,
TX,48,Travis,48453,2005,,,,,,,,,,,,,,,
TX,48,Travis,48453,2006,,,,,,,,,,,,,,,
TX,48,Travis,48453,2007,,,,,,,,,,,,,,,
TX,48,Travis,48453,2008,,,,,,,,,,,,,,,
TX,48,Travis,48453,2009,,,,,,,,,,,,,,,
TX,48,Travis,48453,2010,,,,,,,,,,,,,,,
TX,48,Travis,48453,2011,,,,,,,,,,,,,,,
TX,48,Travis,48453,2012,,,,,,,,,,,,,,,
TX,48,Travis,48453,2013,,,,,,,,,,,,,,,
TX,48,Travis,48453,2014,,,,,,,,,,,,,,,
TX,48,Travis,48453,2015,,,,,,,,,,,,,,,
TX,48,Travis,48453,2016,,,,,,,,,,,,,,,
TX,48,Travis,48453,2017,,,,,,,,,,,,,,,
TX,48,Travis,48453,2018,,,,,,,,,,,,,,,
TX,48,Travis,48453,2019,,,,,,,,,,,,,,,
TX,48,Travis,48453,2020,,,,,,,,,,,,,,,
TX,48,Travis,48453,2021,,,,,,,,,,,,,,,
TX,48,Travis,48453,2022,,,,,,,,,,,,,,,
TX,48,Trinity,48455,2000,,,,,,,,,,,,,,,
TX,48,Trinity,48455,2001,,,,,,,,,,,,,,,
TX,48,Trinity,48455,2002,626356303.0,,,,,,,,,,,,,,
TX,48,Trinity,48455,2003,,,,,,,,,,,,,,,
TX,48,Trinity,48455,2004,,,,,,,,,,,,,,,
TX,48,Trinity,48455,2005,,,,,,,,,,,,,,,
TX,48,Trinity,48455,2006,,,,,,,,,,,,,,,
TX,48,Trinity,48455,2007,,,,,,,,,,,,,,,
TX,48,Trinity,48455,2008,,,,,,,,,,,,,,,
TX,48,Trinity,48455,2009,,,,,,,,,,,,,,,
TX,48,Trinity,48455,2010,,,,,,,,,,,,,,,
TX,48,Trinity,48455,2011,,,,,,,,,,,,,,,
TX,48,Trinity,48455,2012,,,,,,,,,,,,,,,
TX,48,Trinity,48455,2013,,,,,,,,,,,,,,,
TX,48,Trinity,48455,2014,,,,,,,,,,,,,,,
TX,48,Trinity,48455,2015,,,,,,,,,,,,,,,
TX,48,Trinity,48455,2016,,,,,,,,,,,,,,,
TX,48,Trinity,48455,2017,,,,,,,,,,,,,,,
TX,48,Trinity,48455,2018,,,,,,,,,,,,,,,
TX,48,Trinity,48455,2019,,,,,,,,,,,,,,,
TX,48,Trinity,48455,2020,,,,,,,,,,,,,,,
TX,48,Trinity,48455,2021,,,,,,,,,,,,,,,
TX,48,Trinity,48455,2022,,,,,,,,,,,,,,,
TX,48,Tyler,48457,2000,,,,,,,,,,,,,,,
TX,48,Tyler,48457,2001,,,,,,,,,,,,,,,
TX,48,Tyler,48457,2002,878729924.0,,,,,,,,,,,,,,
TX,48,Tyler,48457,2003,,,,,,,,,,,,,,,
TX,48,Tyler,48457,2004,,,,,,,,,,,,,,,
TX,48,Tyler,48457,2005,,,,,,,,,,,,,,,
TX,48,Tyler,48457,2006,,,,,,,,,,,,,,,
TX,48,Tyler,48457,2007,,,,,,,,,,,,,,,
TX,48,Tyler,48457,2008,,,,,,,,,,,,,,,
TX,48,Tyler,48457,2009,,,,,,,,,,,,,,,
TX,48,Tyler,48457,2010,,,,,,,,,,,,,,,
TX,48,Tyler,48457,2011,,,,,,,,,,,,,,,
TX,48,Tyler,48457,2012,,,,,,,,,,,,,,,
TX,48,Tyler,48457,2013,,,,,,,,,,,,,,,
TX,48,Tyler,48457,2014,,,,,,,,,,,,,,,
TX,48,Tyler,48457,2015,,,,,,,,,,,,,,,
TX,48,Tyler,48457,2016,,,,,,,,,,,,,,,
TX,48,Tyler,48457,2017,,,,,,,,,,,,,,,
TX,48,Tyler,48457,2018,,,,,,,,,,,,,,,
TX,48,Tyler,48457,2019,,,,,,,,,,,,,,,
TX,48,Tyler,48457,2020,,,,,,,,,,,,,,,
TX,48,Tyler,48457,2021,,,,,,,,,,,,,,,
TX,48,Tyler,48457,2022,,,,,,,,,,,,,,,
TX,48,Upshur,48459,2000,,,,,,,,,,,,,,,
TX,48,Upshur,48459,2001,,,,,,,,,,,,,,,
TX,48,Upshur,48459,2002,1727062358.0,,,,,,,,,,,,,,
TX,48,Upshur,48459,2003,,,,,,,,,,,,,,,
TX,48,Upshur,48459,2004,,,,,,,,,,,,,,,
TX,48,Upshur,48459,2005,,,,,,,,,,,,,,,
TX,48,Upshur,48459,2006,,,,,,,,,,,,,,,
TX,48,Upshur,48459,2007,,,,,,,,,,,,,,,
TX,48,Upshur,48459,2008,,,,,,,,,,,,,,,
TX,48,Upshur,48459,2009,,,,,,,,,,,,,,,
TX,48,Upshur,48459,2010,,,,,,,,,,,,,,,
TX,48,Upshur,48459,2011,,,,,,,,,,,,,,,
TX,48,Upshur,48459,2012,,,,,,,,,,,,,,,
TX,48,Upshur,48459,2013,,,,,,,,,,,,,,,
TX,48,Upshur,48459,2014,,,,,,,,,,,,,,,
TX,48,Upshur,48459,2015,,,,,,,,,,,,,,,
TX,48,Upshur,48459,2016,,,,,,,,,,,,,,,
TX,48,Upshur,48459,2017,,,,,,,,,,,,,,,
TX,48,Upshur,48459,2018,,,,,,,,,,,,,,,
TX,48,Upshur,48459,2019,,,,,,,,,,,,,,,
TX,48,Upshur,48459,2020,,,,,,,,,,,,,,,
TX,48,Upshur,48459,2021,,,,,,,,,,,,,,,
TX,48,Upshur,48459,2022,,,,,,,,,,,,,,,
TX,48,Upton,48461,2000,,,,,,,,,,,,,,,
TX,48,Upton,48461,2001,,,,,,,,,,,,,,,
TX,48,Upton,48461,2002,1106099953.0,,,,,,,,,,,,,,
TX,48,Upton,48461,2003,,,,,,,,,,,,,,,
TX,48,Upton,48461,2004,,,,,,,,,,,,,,,
TX,48,Upton,48461,2005,,,,,,,,,,,,,,,
TX,48,Upton,48461,2006,,,,,,,,,,,,,,,
TX,48,Upton,48461,2007,,,,,,,,,,,,,,,
TX,48,Upton,48461,2008,,,,,,,,,,,,,,,
TX,48,Upton,48461,2009,,,,,,,,,,,,,,,
TX,48,Upton,48461,2010,,,,,,,,,,,,,,,
TX,48,Upton,48461,2011,,,,,,,,,,,,,,,
TX,48,Upton,48461,2012,,,,,,,,,,,,,,,
TX,48,Upton,48461,2013,,,,,,,,,,,,,,,
TX,48,Upton,48461,2014,,,,,,,,,,,,,,,
TX,48,Upton,48461,2015,,,,,,,,,,,,,,,
TX,48,Upton,48461,2016,,,,,,,,,,,,,,,
TX,48,Upton,48461,2017,,,,,,,,,,,,,,,
TX,48,Upton,48461,2018,,,,,,,,,,,,,,,
TX,48,Upton,48461,2019,,,,,,,,,,,,,,,
TX,48,Upton,48461,2020,,,,,,,,,,,,,,,
TX,48,Upton,48461,2021,,,,,,,,,,,,,,,
TX,48,Upton,48461,2022,,,,,,,,,,,,,,,
TX,48,Uvalde,48463,2000,,,,,,,,,,,,,,,
TX,48,Uvalde,48463,2001,,,,,,,,,,,,,,,
TX,48,Uvalde,48463,2002,1200837346.0,,,,,,,,,,,,,,
TX,48,Uvalde,48463,2003,,,,,,,,,,,,,,,
TX,48,Uvalde,48463,2004,,,,,,,,,,,,,,,
TX,48,Uvalde,48463,2005,,,,,,,,,,,,,,,
TX,48,Uvalde,48463,2006,,,,,,,,,,,,,,,
TX,48,Uvalde,48463,2007,,,,,,,,,,,,,,,
TX,48,Uvalde,48463,2008,,,,,,,,,,,,,,,
TX,48,Uvalde,48463,2009,,,,,,,,,,,,,,,
TX,48,Uvalde,48463,2010,,,,,,,,,,,,,,,
TX,48,Uvalde,48463,2011,,,,,,,,,,,,,,,
TX,48,Uvalde,48463,2012,,,,,,,,,,,,,,,
TX,48,Uvalde,48463,2013,,,,,,,,,,,,,,,
TX,48,Uvalde,48463,2014,,,,,,,,,,,,,,,
TX,48,Uvalde,48463,2015,,,,,,,,,,,,,,,
TX,48,Uvalde,48463,2016,,,,,,,,,,,,,,,
TX,48,Uvalde,48463,2017,,,,,,,,,,,,,,,
TX,48,Uvalde,48463,2018,,,,,,,,,,,,,,,
TX,48,Uvalde,48463,2019,,,,,,,,,,,,,,,
TX,48,Uvalde,48463,2020,,,,,,,,,,,,,,,
TX,48,Uvalde,48463,2021,,,,,,,,,,,,,,,
TX,48,Uvalde,48463,2022,,,,,,,,,,,,,,,
TX,48,Val Verde,48465,2000,,,,,,,,,,,,,,,
TX,48,Val Verde,48465,2001,,,,,,,,,,,,,,,
TX,48,Val Verde,48465,2002,1382833926.0,,,,,,,,,,,,,,
TX,48,Val Verde,48465,2003,,,,,,,,,,,,,,,
TX,48,Val Verde,48465,2004,,,,,,,,,,,,,,,
TX,48,Val Verde,48465,2005,,,,,,,,,,,,,,,
TX,48,Val Verde,48465,2006,,,,,,,,,,,,,,,
TX,48,Val Verde,48465,2007,,,,,,,,,,,,,,,
TX,48,Val Verde,48465,2008,,,,,,,,,,,,,,,
TX,48,Val Verde,48465,2009,,,,,,,,,,,,,,,
TX,48,Val Verde,48465,2010,,,,,,,,,,,,,,,
TX,48,Val Verde,48465,2011,,,,,,,,,,,,,,,
TX,48,Val Verde,48465,2012,,,,,,,,,,,,,,,
TX,48,Val Verde,48465,2013,,,,,,,,,,,,,,,
TX,48,Val Verde,48465,2014,,,,,,,,,,,,,,,
TX,48,Val Verde,48465,2015,,,,,,,,,,,,,,,
TX,48,Val Verde,48465,2016,,,,,,,,,,,,,,,
TX,48,Val Verde,48465,2017,,,,,,,,,,,,,,,
TX,48,Val Verde,48465,2018,,,,,,,,,,,,,,,
TX,48,Val Verde,48465,2019,,,,,,,,,,,,,,,
TX,48,Val Verde,48465,2020,,,,,,,,,,,,,,,
TX,48,Val Verde,48465,2021,,,,,,,,,,,,,,,
TX,48,Val Verde,48465,2022,,,,,,,,,,,,,,,
TX,48,Van Zandt,48467,2000,,,,,,,,,,,,,,,
TX,48,Van Zandt,48467,2001,,,,,,,,,,,,,,,
TX,48,Van Zandt,48467,2002,2303660866.0,,,,,,,,,,,,,,
TX,48,Van Zandt,48467,2003,,,,,,,,,,,,,,,
TX,48,Van Zandt,48467,2004,,,,,,,,,,,,,,,
TX,48,Van Zandt,48467,2005,,,,,,,,,,,,,,,
TX,48,Van Zandt,48467,2006,,,,,,,,,,,,,,,
TX,48,Van Zandt,48467,2007,,,,,,,,,,,,,,,
TX,48,Van Zandt,48467,2008,,,,,,,,,,,,,,,
TX,48,Van Zandt,48467,2009,,,,,,,,,,,,,,,
TX,48,Van Zandt,48467,2010,,,,,,,,,,,,,,,
TX,48,Van Zandt,48467,2011,,,,,,,,,,,,,,,
TX,48,Van Zandt,48467,2012,,,,,,,,,,,,,,,
TX,48,Van Zandt,48467,2013,,,,,,,,,,,,,,,
TX,48,Van Zandt,48467,2014,,,,,,,,,,,,,,,
TX,48,Van Zandt,48467,2015,,,,,,,,,,,,,,,
TX,48,Van Zandt,48467,2016,,,,,,,,,,,,,,,
TX,48,Van Zandt,48467,2017,,,,,,,,,,,,,,,
TX,48,Van Zandt,48467,2018,,,,,,,,,,,,,,,
TX,48,Van Zandt,48467,2019,,,,,,,,,,,,,,,
TX,48,Van Zandt,48467,2020,,,,,,,,,,,,,,,
TX,48,Van Zandt,48467,2021,,,,,,,,,,,,,,,
TX,48,Van Zandt,48467,2022,,,,,,,,,,,,,,,
TX,48,Victoria,48469,2000,,,,,,,,,,,,,,,
TX,48,Victoria,48469,2001,,,,,,,,,,,,,,,
TX,48,Victoria,48469,2002,4019870328.0,,,,,,,,,,,,,,
TX,48,Victoria,48469,2003,,,,,,,,,,,,,,,
TX,48,Victoria,48469,2004,,,,,,,,,,,,,,,
TX,48,Victoria,48469,2005,,,,,,,,,,,,,,,
TX,48,Victoria,48469,2006,,,,,,,,,,,,,,,
TX,48,Victoria,48469,2007,,,,,,,,,,,,,,,
TX,48,Victoria,48469,2008,,,,,,,,,,,,,,,
TX,48,Victoria,48469,2009,,,,,,,,,,,,,,,
TX,48,Victoria,48469,2010,,,,,,,,,,,,,,,
TX,48,Victoria,48469,2011,,,,,,,,,,,,,,,
TX,48,Victoria,48469,2012,,,,,,,,,,,,,,,
TX,48,Victoria,48469,2013,,,,,,,,,,,,,,,
TX,48,Victoria,48469,2014,,,,,,,,,,,,,,,
TX,48,Victoria,48469,2015,,,,,,,,,,,,,,,
TX,48,Victoria,48469,2016,,,,,,,,,,,,,,,
TX,48,Victoria,48469,2017,,,,,,,,,,,,,,,
TX,48,Victoria,48469,2018,,,,,,,,,,,,,,,
TX,48,Victoria,48469,2019,,,,,,,,,,,,,,,
TX,48,Victoria,48469,2020,,,,,,,,,,,,,,,
TX,48,Victoria,48469,2021,,,,,,,,,,,,,,,
TX,48,Victoria,48469,2022,,,,,,,,,,,,,,,
TX,48,Walker,48471,2000,,,,,,,,,,,,,,,
TX,48,Walker,48471,2001,,,,,,,,,,,,,,,
TX,48,Walker,48471,2002,1617288435.0,,,,,,,,,,,,,,
TX,48,Walker,48471,2003,,,,,,,,,,,,,,,
TX,48,Walker,48471,2004,,,,,,,,,,,,,,,
TX,48,Walker,48471,2005,,,,,,,,,,,,,,,
TX,48,Walker,48471,2006,,,,,,,,,,,,,,,
TX,48,Walker,48471,2007,,,,,,,,,,,,,,,
TX,48,Walker,48471,2008,,,,,,,,,,,,,,,
TX,48,Walker,48471,2009,,,,,,,,,,,,,,,
TX,48,Walker,48471,2010,,,,,,,,,,,,,,,
TX,48,Walker,48471,2011,,,,,,,,,,,,,,,
TX,48,Walker,48471,2012,,,,,,,,,,,,,,,
TX,48,Walker,48471,2013,,,,,,,,,,,,,,,
TX,48,Walker,48471,2014,,,,,,,,,,,,,,,
TX,48,Walker,48471,2015,,,,,,,,,,,,,,,
TX,48,Walker,48471,2016,,,,,,,,,,,,,,,
TX,48,Walker,48471,2017,,,,,,,,,,,,,,,
TX,48,Walker,48471,2018,,,,,,,,,,,,,,,
TX,48,Walker,48471,2019,,,,,,,,,,,,,,,
TX,48,Walker,48471,2020,,,,,,,,,,,,,,,
TX,48,Walker,48471,2021,,,,,,,,,,,,,,,
TX,48,Walker,48471,2022,,,,,,,,,,,,,,,
TX,48,Waller,48473,2000,,,,,,,,,,,,,,,
TX,48,Waller,48473,2001,,,,,,,,,,,,,,,
TX,48,Waller,48473,2002,2116819229.0,,,,,,,,,,,,,,
TX,48,Waller,48473,2003,,,,,,,,,,,,,,,
TX,48,Waller,48473,2004,,,,,,,,,,,,,,,
TX,48,Waller,48473,2005,,,,,,,,,,,,,,,
TX,48,Waller,48473,2006,,,,,,,,,,,,,,,
TX,48,Waller,48473,2007,,,,,,,,,,,,,,,
TX,48,Waller,48473,2008,,,,,,,,,,,,,,,
TX,48,Waller,48473,2009,,,,,,,,,,,,,,,
TX,48,Waller,48473,2010,,,,,,,,,,,,,,,
TX,48,Waller,48473,2011,,,,,,,,,,,,,,,
TX,48,Waller,48473,2012,,,,,,,,,,,,,,,
TX,48,Waller,48473,2013,,,,,,,,,,,,,,,
TX,48,Waller,48473,2014,,,,,,,,,,,,,,,
TX,48,Waller,48473,2015,,,,,,,,,,,,,,,
TX,48,Waller,48473,2016,,,,,,,,,,,,,,,
TX,48,Waller,48473,2017,,,,,,,,,,,,,,,
TX,48,Waller,48473,2018,,,,,,,,,,,,,,,
TX,48,Waller,48473,2019,,,,,,,,,,,,,,,
TX,48,Waller,48473,2020,,,,,,,,,,,,,,,
TX,48,Waller,48473,2021,,,,,,,,,,,,,,,
TX,48,Waller,48473,2022,,,,,,,,,,,,,,,
TX,48,Ward,48475,2000,,,,,,,,,,,,,,,
TX,48,Ward,48475,2001,,,,,,,,,,,,,,,
TX,48,Ward,48475,2002,987206698.0,,,,,,,,,,,,,,
TX,48,Ward,48475,2003,,,,,,,,,,,,,,,
TX,48,Ward,48475,2004,,,,,,,,,,,,,,,
TX,48,Ward,48475,2005,,,,,,,,,,,,,,,
TX,48,Ward,48475,2006,,,,,,,,,,,,,,,
TX,48,Ward,48475,2007,,,,,,,,,,,,,,,
TX,48,Ward,48475,2008,,,,,,,,,,,,,,,
TX,48,Ward,48475,2009,,,,,,,,,,,,,,,
TX,48,Ward,48475,2010,,,,,,,,,,,,,,,
TX,48,Ward,48475,2011,,,,,,,,,,,,,,,
TX,48,Ward,48475,2012,,,,,,,,,,,,,,,
TX,48,Ward,48475,2013,,,,,,,,,,,,,,,
TX,48,Ward,48475,2014,,,,,,,,,,,,,,,
TX,48,Ward,48475,2015,,,,,,,,,,,,,,,
TX,48,Ward,48475,2016,,,,,,,,,,,,,,,
TX,48,Ward,48475,2017,,,,,,,,,,,,,,,
TX,48,Ward,48475,2018,,,,,,,,,,,,,,,
TX,48,Ward,48475,2019,,,,,,,,,,,,,,,
TX,48,Ward,48475,2020,,,,,,,,,,,,,,,
TX,48,Ward,48475,2021,,,,,,,,,,,,,,,
TX,48,Ward,48475,2022,,,,,,,,,,,,,,,
TX,48,Washington,48477,2000,,,,,,,,,,,,,,,
TX,48,Washington,48477,2001,,,,,,,,,,,,,,,
TX,48,Washington,48477,2002,2472997792.0,,,,,,,,,,,,,,
TX,48,Washington,48477,2003,,,,,,,,,,,,,,,
TX,48,Washington,48477,2004,,,,,,,,,,,,,,,
TX,48,Washington,48477,2005,,,,,,,,,,,,,,,
TX,48,Washington,48477,2006,,,,,,,,,,,,,,,
TX,48,Washington,48477,2007,,,,,,,,,,,,,,,
TX,48,Washington,48477,2008,,,,,,,,,,,,,,,
TX,48,Washington,48477,2009,,,,,,,,,,,,,,,
TX,48,Washington,48477,2010,,,,,,,,,,,,,,,
TX,48,Washington,48477,2011,,,,,,,,,,,,,,,
TX,48,Washington,48477,2012,,,,,,,,,,,,,,,
TX,48,Washington,48477,2013,,,,,,,,,,,,,,,
TX,48,Washington,48477,2014,,,,,,,,,,,,,,,
TX,48,Washington,48477,2015,,,,,,,,,,,,,,,
TX,48,Washington,48477,2016,,,,,,,,,,,,,,,
TX,48,Washington,48477,2017,,,,,,,,,,,,,,,
TX,48,Washington,48477,2018,,,,,,,,,,,,,,,
TX,48,Washington,48477,2019,,,,,,,,,,,,,,,
TX,48,Washington,48477,2020,,,,,,,,,,,,,,,
TX,48,Washington,48477,2021,,,,,,,,,,,,,,,
TX,48,Washington,48477,2022,,,,,,,,,,,,,,,
TX,48,Webb,48479,2000,,,,,,,,,,,,,,,
TX,48,Webb,48479,2001,,,,,,,,,,,,,,,
TX,48,Webb,48479,2002,8542366925.0,,,,,,,,,,,,,,
TX,48,Webb,48479,2003,,,,,,,,,,,,,,,
TX,48,Webb,48479,2004,,,,,,,,,,,,,,,
TX,48,Webb,48479,2005,,,,,,,,,,,,,,,
TX,48,Webb,48479,2006,,,,,,,,,,,,,,,
TX,48,Webb,48479,2007,,,,,,,,,,,,,,,
TX,48,Webb,48479,2008,,,,,,,,,,,,,,,
TX,48,Webb,48479,2009,,,,,,,,,,,,,,,
TX,48,Webb,48479,2010,,,,,,,,,,,,,,,
TX,48,Webb,48479,2011,,,,,,,,,,,,,,,
TX,48,Webb,48479,2012,,,,,,,,,,,,,,,
TX,48,Webb,48479,2013,,,,,,,,,,,,,,,
TX,48,Webb,48479,2014,,,,,,,,,,,,,,,
TX,48,Webb,48479,2015,,,,,,,,,,,,,,,
TX,48,Webb,48479,2016,,,,,,,,,,,,,,,
TX,48,Webb,48479,2017,,,,,,,,,,,,,,,
TX,48,Webb,48479,2018,,,,,,,,,,,,,,,
TX,48,Webb,48479,2019,,,,,,,,,,,,,,,
TX,48,Webb,48479,2020,,,,,,,,,,,,,,,
TX,48,Webb,48479,2021,,,,,,,,,,,,,,,
TX,48,Webb,48479,2022,,,,,,,,,,,,,,,
TX,48,Wharton,48481,2000,,,,,,,,,,,,,,,
TX,48,Wharton,48481,2001,,,,,,,,,,,,,,,
TX,48,Wharton,48481,2002,2114371568.0,,,,,,,,,,,,,,
TX,48,Wharton,48481,2003,,,,,,,,,,,,,,,
TX,48,Wharton,48481,2004,,,,,,,,,,,,,,,
TX,48,Wharton,48481,2005,,,,,,,,,,,,,,,
TX,48,Wharton,48481,2006,,,,,,,,,,,,,,,
TX,48,Wharton,48481,2007,,,,,,,,,,,,,,,
TX,48,Wharton,48481,2008,,,,,,,,,,,,,,,
TX,48,Wharton,48481,2009,,,,,,,,,,,,,,,
TX,48,Wharton,48481,2010,,,,,,,,,,,,,,,
TX,48,Wharton,48481,2011,,,,,,,,,,,,,,,
TX,48,Wharton,48481,2012,,,,,,,,,,,,,,,
TX,48,Wharton,48481,2013,,,,,,,,,,,,,,,
TX,48,Wharton,48481,2014,,,,,,,,,,,,,,,
TX,48,Wharton,48481,2015,,,,,,,,,,,,,,,
TX,48,Wharton,48481,2016,,,,,,,,,,,,,,,
TX,48,Wharton,48481,2017,,,,,,,,,,,,,,,
TX,48,Wharton,48481,2018,,,,,,,,,,,,,,,
TX,48,Wharton,48481,2019,,,,,,,,,,,,,,,
TX,48,Wharton,48481,2020,,,,,,,,,,,,,,,
TX,48,Wharton,48481,2021,,,,,,,,,,,,,,,
TX,48,Wharton,48481,2022,,,,,,,,,,,,,,,
TX,48,Wheeler,48483,2000,,,,,,,,,,,,,,,
TX,48,Wheeler,48483,2001,,,,,,,,,,,,,,,
TX,48,Wheeler,48483,2002,678264018.0,,,,,,,,,,,,,,
TX,48,Wheeler,48483,2003,,,,,,,,,,,,,,,
TX,48,Wheeler,48483,2004,,,,,,,,,,,,,,,
TX,48,Wheeler,48483,2005,,,,,,,,,,,,,,,
TX,48,Wheeler,48483,2006,,,,,,,,,,,,,,,
TX,48,Wheeler,48483,2007,,,,,,,,,,,,,,,
TX,48,Wheeler,48483,2008,,,,,,,,,,,,,,,
TX,48,Wheeler,48483,2009,,,,,,,,,,,,,,,
TX,48,Wheeler,48483,2010,,,,,,,,,,,,,,,
TX,48,Wheeler,48483,2011,,,,,,,,,,,,,,,
TX,48,Wheeler,48483,2012,,,,,,,,,,,,,,,
TX,48,Wheeler,48483,2013,,,,,,,,,,,,,,,
TX,48,Wheeler,48483,2014,,,,,,,,,,,,,,,
TX,48,Wheeler,48483,2015,,,,,,,,,,,,,,,
TX,48,Wheeler,48483,2016,,,,,,,,,,,,,,,
TX,48,Wheeler,48483,2017,,,,,,,,,,,,,,,
TX,48,Wheeler,48483,2018,,,,,,,,,,,,,,,
TX,48,Wheeler,48483,2019,,,,,,,,,,,,,,,
TX,48,Wheeler,48483,2020,,,,,,,,,,,,,,,
TX,48,Wheeler,48483,2021,,,,,,,,,,,,,,,
TX,48,Wheeler,48483,2022,,,,,,,,,,,,,,,
TX,48,Wichita,48485,2000,,,,,,,,,,,,,,,
TX,48,Wichita,48485,2001,,,,,,,,,,,,,,,
TX,48,Wichita,48485,2002,4914479919.0,,,,,,,,,,,,,,
TX,48,Wichita,48485,2003,,,,,,,,,,,,,,,
TX,48,Wichita,48485,2004,,,,,,,,,,,,,,,
TX,48,Wichita,48485,2005,,,,,,,,,,,,,,,
TX,48,Wichita,48485,2006,,,,,,,,,,,,,,,
TX,48,Wichita,48485,2007,,,,,,,,,,,,,,,
TX,48,Wichita,48485,2008,,,,,,,,,,,,,,,
TX,48,Wichita,48485,2009,,,,,,,,,,,,,,,
TX,48,Wichita,48485,2010,,,,,,,,,,,,,,,
TX,48,Wichita,48485,2011,,,,,,,,,,,,,,,
TX,48,Wichita,48485,2012,,,,,,,,,,,,,,,
TX,48,Wichita,48485,2013,,,,,,,,,,,,,,,
TX,48,Wichita,48485,2014,,,,,,,,,,,,,,,
TX,48,Wichita,48485,2015,,,,,,,,,,,,,,,
TX,48,Wichita,48485,2016,,,,,,,,,,,,,,,
TX,48,Wichita,48485,2017,,,,,,,,,,,,,,,
TX,48,Wichita,48485,2018,,,,,,,,,,,,,,,
TX,48,Wichita,48485,2019,,,,,,,,,,,,,,,
TX,48,Wichita,48485,2020,,,,,,,,,,,,,,,
TX,48,Wichita,48485,2021,,,,,,,,,,,,,,,
TX,48,Wichita,48485,2022,,,,,,,,,,,,,,,
TX,48,Wilbarger,48487,2000,,,,,,,,,,,,,,,
TX,48,Wilbarger,48487,2001,,,,,,,,,,,,,,,
TX,48,Wilbarger,48487,2002,885427950.0,,,,,,,,,,,,,,
TX,48,Wilbarger,48487,2003,,,,,,,,,,,,,,,
TX,48,Wilbarger,48487,2004,,,,,,,,,,,,,,,
TX,48,Wilbarger,48487,2005,,,,,,,,,,,,,,,
TX,48,Wilbarger,48487,2006,,,,,,,,,,,,,,,
TX,48,Wilbarger,48487,2007,,,,,,,,,,,,,,,
TX,48,Wilbarger,48487,2008,,,,,,,,,,,,,,,
TX,48,Wilbarger,48487,2009,,,,,,,,,,,,,,,
TX,48,Wilbarger,48487,2010,,,,,,,,,,,,,,,
TX,48,Wilbarger,48487,2011,,,,,,,,,,,,,,,
TX,48,Wilbarger,48487,2012,,,,,,,,,,,,,,,
TX,48,Wilbarger,48487,2013,,,,,,,,,,,,,,,
TX,48,Wilbarger,48487,2014,,,,,,,,,,,,,,,
TX,48,Wilbarger,48487,2015,,,,,,,,,,,,,,,
TX,48,Wilbarger,48487,2016,,,,,,,,,,,,,,,
TX,48,Wilbarger,48487,2017,,,,,,,,,,,,,,,
TX,48,Wilbarger,48487,2018,,,,,,,,,,,,,,,
TX,48,Wilbarger,48487,2019,,,,,,,,,,,,,,,
TX,48,Wilbarger,48487,2020,,,,,,,,,,,,,,,
TX,48,Wilbarger,48487,2021,,,,,,,,,,,,,,,
TX,48,Wilbarger,48487,2022,,,,,,,,,,,,,,,
TX,48,Willacy,48489,2000,,,,,,,,,,,,,,,
TX,48,Willacy,48489,2001,,,,,,,,,,,,,,,
TX,48,Willacy,48489,2002,688714131.0,,,,,,,,,,,,,,
TX,48,Willacy,48489,2003,,,,,,,,,,,,,,,
TX,48,Willacy,48489,2004,,,,,,,,,,,,,,,
TX,48,Willacy,48489,2005,,,,,,,,,,,,,,,
TX,48,Willacy,48489,2006,,,,,,,,,,,,,,,
TX,48,Willacy,48489,2007,,,,,,,,,,,,,,,
TX,48,Willacy,48489,2008,,,,,,,,,,,,,,,
TX,48,Willacy,48489,2009,,,,,,,,,,,,,,,
TX,48,Willacy,48489,2010,,,,,,,,,,,,,,,
TX,48,Willacy,48489,2011,,,,,,,,,,,,,,,
TX,48,Willacy,48489,2012,,,,,,,,,,,,,,,
TX,48,Willacy,48489,2013,,,,,,,,,,,,,,,
TX,48,Willacy,48489,2014,,,,,,,,,,,,,,,
TX,48,Willacy,48489,2015,,,,,,,,,,,,,,,
TX,48,Willacy,48489,2016,,,,,,,,,,,,,,,
TX,48,Willacy,48489,2017,,,,,,,,,,,,,,,
TX,48,Willacy,48489,2018,,,,,,,,,,,,,,,
TX,48,Willacy,48489,2019,,,,,,,,,,,,,,,
TX,48,Willacy,48489,2020,,,,,,,,,,,,,,,
TX,48,Willacy,48489,2021,,,,,,,,,,,,,,,
TX,48,Willacy,48489,2022,,,,,,,,,,,,,,,
TX,48,Williamson,48491,2000,,,,,,,,,,,,,,,
TX,48,Williamson,48491,2001,,,,,,,,,,,,,,,
TX,48,Williamson,48491,2002,21525518594.0,,,,,,,,,,,,,,
TX,48,Williamson,48491,2003,,,,,,,,,,,,,,,
TX,48,Williamson,48491,2004,,,,,,,,,,,,,,,
TX,48,Williamson,48491,2005,,,,,,,,,,,,,,,
TX,48,Williamson,48491,2006,,,,,,,,,,,,,,,
TX,48,Williamson,48491,2007,,,,,,,,,,,,,,,
TX,48,Williamson,48491,2008,,,,,,,,,,,,,,,
TX,48,Williamson,48491,2009,,,,,,,,,,,,,,,
TX,48,Williamson,48491,2010,,,,,,,,,,,,,,,
TX,48,Williamson,48491,2011,,,,,,,,,,,,,,,
TX,48,Williamson,48491,2012,,,,,,,,,,,,,,,
TX,48,Williamson,48491,2013,,,,,,,,,,,,,,,
TX,48,Williamson,48491,2014,,,,,,,,,,,,,,,
TX,48,Williamson,48491,2015,,,,,,,,,,,,,,,
TX,48,Williamson,48491,2016,,,,,,,,,,,,,,,
TX,48,Williamson,48491,2017,,,,,,,,,,,,,,,
TX,48,Williamson,48491,2018,,,,,,,,,,,,,,,
TX,48,Williamson,48491,2019,,,,,,,,,,,,,,,
TX,48,Williamson,48491,2020,,,,,,,,,,,,,,,
TX,48,Williamson,48491,2021,,,,,,,,,,,,,,,
TX,48,Williamson,48491,2022,,,,,,,,,,,,,,,
TX,48,Wilson,48493,2000,,,,,,,,,,,,,,,
TX,48,Wilson,48493,2001,,,,,,,,,,,,,,,
TX,48,Wilson,48493,2002,1622086366.0,,,,,,,,,,,,,,
TX,48,Wilson,48493,2003,,,,,,,,,,,,,,,
TX,48,Wilson,48493,2004,,,,,,,,,,,,,,,
TX,48,Wilson,48493,2005,,,,,,,,,,,,,,,
TX,48,Wilson,48493,2006,,,,,,,,,,,,,,,
TX,48,Wilson,48493,2007,,,,,,,,,,,,,,,
TX,48,Wilson,48493,2008,,,,,,,,,,,,,,,
TX,48,Wilson,48493,2009,,,,,,,,,,,,,,,
TX,48,Wilson,48493,2010,,,,,,,,,,,,,,,
TX,48,Wilson,48493,2011,,,,,,,,,,,,,,,
TX,48,Wilson,48493,2012,,,,,,,,,,,,,,,
TX,48,Wilson,48493,2013,,,,,,,,,,,,,,,
TX,48,Wilson,48493,2014,,,,,,,,,,,,,,,
TX,48,Wilson,48493,2015,,,,,,,,,,,,,,,
TX,48,Wilson,48493,2016,,,,,,,,,,,,,,,
TX,48,Wilson,48493,2017,,,,,,,,,,,,,,,
TX,48,Wilson,48493,2018,,,,,,,,,,,,,,,
TX,48,Wilson,48493,2019,,,,,,,,,,,,,,,
TX,48,Wilson,48493,2020,,,,,,,,,,,,,,,
TX,48,Wilson,48493,2021,,,,,,,,,,,,,,,
TX,48,Wilson,48493,2022,,,,,,,,,,,,,,,
TX,48,Winkler,48495,2000,,,,,,,,,,,,,,,
TX,48,Winkler,48495,2001,,,,,,,,,,,,,,,
TX,48,Winkler,48495,2002,640280812.0,,,,,,,,,,,,,,
TX,48,Winkler,48495,2003,,,,,,,,,,,,,,,
TX,48,Winkler,48495,2004,,,,,,,,,,,,,,,
TX,48,Winkler,48495,2005,,,,,,,,,,,,,,,
TX,48,Winkler,48495,2006,,,,,,,,,,,,,,,
TX,48,Winkler,48495,2007,,,,,,,,,,,,,,,
TX,48,Winkler,48495,2008,,,,,,,,,,,,,,,
TX,48,Winkler,48495,2009,,,,,,,,,,,,,,,
TX,48,Winkler,48495,2010,,,,,,,,,,,,,,,
TX,48,Winkler,48495,2011,,,,,,,,,,,,,,,
TX,48,Winkler,48495,2012,,,,,,,,,,,,,,,
TX,48,Winkler,48495,2013,,,,,,,,,,,,,,,
TX,48,Winkler,48495,2014,,,,,,,,,,,,,,,
TX,48,Winkler,48495,2015,,,,,,,,,,,,,,,
TX,48,Winkler,48495,2016,,,,,,,,,,,,,,,
TX,48,Winkler,48495,2017,,,,,,,,,,,,,,,
TX,48,Winkler,48495,2018,,,,,,,,,,,,,,,
TX,48,Winkler,48495,2019,,,,,,,,,,,,,,,
TX,48,Winkler,48495,2020,,,,,,,,,,,,,,,
TX,48,Winkler,48495,2021,,,,,,,,,,,,,,,
TX,48,Winkler,48495,2022,,,,,,,,,,,,,,,
TX,48,Wise,48497,2000,,,,,,,,,,,,,,,
TX,48,Wise,48497,2001,,,,,,,,,,,,,,,
TX,48,Wise,48497,2002,3618779398.0,,,,,,,,,,,,,,
TX,48,Wise,48497,2003,,,,,,,,,,,,,,,
TX,48,Wise,48497,2004,,,,,,,,,,,,,,,
TX,48,Wise,48497,2005,,,,,,,,,,,,,,,
TX,48,Wise,48497,2006,,,,,,,,,,,,,,,
TX,48,Wise,48497,2007,,,,,,,,,,,,,,,
TX,48,Wise,48497,2008,,,,,,,,,,,,,,,
TX,48,Wise,48497,2009,,,,,,,,,,,,,,,
TX,48,Wise,48497,2010,,,,,,,,,,,,,,,
TX,48,Wise,48497,2011,,,,,,,,,,,,,,,
TX,48,Wise,48497,2012,,,,,,,,,,,,,,,
TX,48,Wise,48497,2013,,,,,,,,,,,,,,,
TX,48,Wise,48497,2014,,,,,,,,,,,,,,,
TX,48,Wise,48497,2015,,,,,,,,,,,,,,,
TX,48,Wise,48497,2016,,,,,,,,,,,,,,,
TX,48,Wise,48497,2017,,,,,,,,,,,,,,,
TX,48,Wise,48497,2018,,,,,,,,,,,,,,,
TX,48,Wise,48497,2019,,,,,,,,,,,,,,,
TX,48,Wise,48497,2020,,,,,,,,,,,,,,,
TX,48,Wise,48497,2021,,,,,,,,,,,,,,,
TX,48,Wise,48497,2022,,,,,,,,,,,,,,,
TX,48,Wood,48499,2000,,,,,,,,,,,,,,,
TX,48,Wood,48499,2001,,,,,,,,,,,,,,,
TX,48,Wood,48499,2002,2001030358.0,,,,,,,,,,,,,,
TX,48,Wood,48499,2003,,,,,,,,,,,,,,,
TX,48,Wood,48499,2004,,,,,,,,,,,,,,,
TX,48,Wood,48499,2005,,,,,,,,,,,,,,,
TX,48,Wood,48499,2006,,,,,,,,,,,,,,,
TX,48,Wood,48499,2007,,,,,,,,,,,,,,,
TX,48,Wood,48499,2008,,,,,,,,,,,,,,,
TX,48,Wood,48499,2009,,,,,,,,,,,,,,,
TX,48,Wood,48499,2010,,,,,,,,,,,,,,,
TX,48,Wood,48499,2011,,,,,,,,,,,,,,,
TX,48,Wood,48499,2012,,,,,,,,,,,,,,,
TX,48,Wood,48499,2013,,,,,,,,,,,,,,,
TX,48,Wood,48499,2014,,,,,,,,,,,,,,,
TX,48,Wood,48499,2015,,,,,,,,,,,,,,,
TX,48,Wood,48499,2016,,,,,,,,,,,,,,,
TX,48,Wood,48499,2017,,,,,,,,,,,,,,,
TX,48,Wood,48499,2018,,,,,,,,,,,,,,,
TX,48,Wood,48499,2019,,,,,,,,,,,,,,,
TX,48,Wood,48499,2020,,,,,,,,,,,,,,,
TX,48,Wood,48499,2021,,,,,,,,,,,,,,,
TX,48,Wood,48499,2022,,,,,,,,,,,,,,,
TX,48,Yoakum,48501,2000,,,,,,,,,,,,,,,
TX,48,Yoakum,48501,2001,,,,,,,,,,,,,,,
TX,48,Yoakum,48501,2002,1798147608.0,,,,,,,,,,,,,,
TX,48,Yoakum,48501,2003,,,,,,,,,,,,,,,
TX,48,Yoakum,48501,2004,,,,,,,,,,,,,,,
TX,48,Yoakum,48501,2005,,,,,,,,,,,,,,,
TX,48,Yoakum,48501,2006,,,,,,,,,,,,,,,
TX,48,Yoakum,48501,2007,,,,,,,,,,,,,,,
TX,48,Yoakum,48501,2008,,,,,,,,,,,,,,,
TX,48,Yoakum,48501,2009,,,,,,,,,,,,,,,
TX,48,Yoakum,48501,2010,,,,,,,,,,,,,,,
TX,48,Yoakum,48501,2011,,,,,,,,,,,,,,,
TX,48,Yoakum,48501,2012,,,,,,,,,,,,,,,
TX,48,Yoakum,48501,2013,,,,,,,,,,,,,,,
TX,48,Yoakum,48501,2014,,,,,,,,,,,,,,,
TX,48,Yoakum,48501,2015,,,,,,,,,,,,,,,
TX,48,Yoakum,48501,2016,,,,,,,,,,,,,,,
TX,48,Yoakum,48501,2017,,,,,,,,,,,,,,,
TX,48,Yoakum,48501,2018,,,,,,,,,,,,,,,
TX,48,Yoakum,48501,2019,,,,,,,,,,,,,,,
TX,48,Yoakum,48501,2020,,,,,,,,,,,,,,,
TX,48,Yoakum,48501,2021,,,,,,,,,,,,,,,
TX,48,Yoakum,48501,2022,,,,,,,,,,,,,,,
TX,48,Young,48503,2000,,,,,,,,,,,,,,,
TX,48,Young,48503,2001,,,,,,,,,,,,,,,
TX,48,Young,48503,2002,900425100.0,,,,,,,,,,,,,,
TX,48,Young,48503,2003,,,,,,,,,,,,,,,
TX,48,Young,48503,2004,,,,,,,,,,,,,,,
TX,48,Young,48503,2005,,,,,,,,,,,,,,,
TX,48,Young,48503,2006,,,,,,,,,,,,,,,
TX,48,Young,48503,2007,,,,,,,,,,,,,,,
TX,48,Young,48503,2008,,,,,,,,,,,,,,,
TX,48,Young,48503,2009,,,,,,,,,,,,,,,
TX,48,Young,48503,2010,,,,,,,,,,,,,,,
TX,48,Young,48503,2011,,,,,,,,,,,,,,,
TX,48,Young,48503,2012,,,,,,,,,,,,,,,
TX,48,Young,48503,2013,,,,,,,,,,,,,,,
TX,48,Young,48503,2014,,,,,,,,,,,,,,,
TX,48,Young,48503,2015,,,,,,,,,,,,,,,
TX,48,Young,48503,2016,,,,,,,,,,,,,,,
TX,48,Young,48503,2017,,,,,,,,,,,,,,,
TX,48,Young,48503,2018,,,,,,,,,,,,,,,
TX,48,Young,48503,2019,,,,,,,,,,,,,,,
TX,48,Young,48503,2020,,,,,,,,,,,,,,,
TX,48,Young,48503,2021,,,,,,,,,,,,,,,
TX,48,Young,48503,2022,,,,,,,,,,,,,,,
TX,48,Zapata,48505,2000,,,,,,,,,,,,,,,
TX,48,Zapata,48505,2001,,,,,,,,,,,,,,,
TX,48,Zapata,48505,2002,1837348475.0,,,,,,,,,,,,,,
TX,48,Zapata,48505,2003,,,,,,,,,,,,,,,
TX,48,Zapata,48505,2004,,,,,,,,,,,,,,,
TX,48,Zapata,48505,2005,,,,,,,,,,,,,,,
TX,48,Zapata,48505,2006,,,,,,,,,,,,,,,
TX,48,Zapata,48505,2007,,,,,,,,,,,,,,,
TX,48,Zapata,48505,2008,,,,,,,,,,,,,,,
TX,48,Zapata,48505,2009,,,,,,,,,,,,,,,
TX,48,Zapata,48505,2010,,,,,,,,,,,,,,,
TX,48,Zapata,48505,2011,,,,,,,,,,,,,,,
TX,48,Zapata,48505,2012,,,,,,,,,,,,,,,
TX,48,Zapata,48505,2013,,,,,,,,,,,,,,,
TX,48,Zapata,48505,2014,,,,,,,,,,,,,,,
TX,48,Zapata,48505,2015,,,,,,,,,,,,,,,
TX,48,Zapata,48505,2016,,,,,,,,,,,,,,,
TX,48,Zapata,48505,2017,,,,,,,,,,,,,,,
TX,48,Zapata,48505,2018,,,,,,,,,,,,,,,
TX,48,Zapata,48505,2019,,,,,,,,,,,,,,,
TX,48,Zapata,48505,2020,,,,,,,,,,,,,,,
TX,48,Zapata,48505,2021,,,,,,,,,,,,,,,
TX,48,Zapata,48505,2022,,,,,,,,,,,,,,,
TX,48,Zavala,48507,2000,,,,,,,,,,,,,,,
TX,48,Zavala,48507,2001,,,,,,,,,,,,,,,
TX,48,Zavala,48507,2002,662972348.0,,,,,,,,,,,,,,
TX,48,Zavala,48507,2003,,,,,,,,,,,,,,,
TX,48,Zavala,48507,2004,,,,,,,,,,,,,,,
TX,48,Zavala,48507,2005,,,,,,,,,,,,,,,
TX,48,Zavala,48507,2006,,,,,,,,,,,,,,,
TX,48,Zavala,48507,2007,,,,,,,,,,,,,,,
TX,48,Zavala,48507,2008,,,,,,,,,,,,,,,
TX,48,Zavala,48507,2009,,,,,,,,,,,,,,,
TX,48,Zavala,48507,2010,,,,,,,,,,,,,,,
TX,48,Zavala,48507,2011,,,,,,,,,,,,,,,
TX,48,Zavala,48507,2012,,,,,,,,,,,,,,,
TX,48,Zavala,48507,2013,,,,,,,,,,,,,,,
TX,48,Zavala,48507,2014,,,,,,,,,,,,,,,
TX,48,Zavala,48507,2015,,,,,,,,,,,,,,,
TX,48,Zavala,48507,2016,,,,,,,,,,,,,,,
TX,48,Zavala,48507,2017,,,,,,,,,,,,,,,
TX,48,Zavala,48507,2018,,,,,,,,,,,,,,,
TX,48,Zavala,48507,2019,,,,,,,,,,,,,,,
TX,48,Zavala,48507,2020,,,,,,,,,,,,,,,
TX,48,Zavala,48507,2021,,,,,,,,,,,,,,,
TX,48,Zavala,48507,2022,,,,,,,,,,,,,,,
