state,state_fips,county_name,county_fips,year,market_or_full_value,assessed_value,net_assessed_value,county_taxable_value,school_taxable_value,market_or_full_value_growth_since_2000,assessed_value_growth_since_2000,net_assessed_value_growth_since_2000,county_taxable_value_growth_since_2000,school_taxable_value_growth_since_2000,market_or_full_value_index_2000_100,assessed_value_index_2000_100,net_assessed_value_index_2000_100,county_taxable_value_index_2000_100,school_taxable_value_index_2000_100
GA,13,Appling,13001,2000,,,,,,,,,,,,,,,
GA,13,Appling,13001,2001,,,,,,,,,,,,,,,
GA,13,Appling,13001,2002,,586321532.0,,541814777.0,,,,,,,,,,,
GA,13,Appling,13001,2003,,,,,,,,,,,,,,,
GA,13,Appling,13001,2004,,,,,,,,,,,,,,,
GA,13,Appling,13001,2005,,,,,,,,,,,,,,,
GA,13,Appling,13001,2006,,,,,,,,,,,,,,,
GA,13,Appling,13001,2007,,,,,,,,,,,,,,,
GA,13,Appling,13001,2008,,,,,,,,,,,,,,,
GA,13,Appling,13001,2009,,,,,,,,,,,,,,,
GA,13,Appling,13001,2010,,,,,,,,,,,,,,,
GA,13,Appling,13001,2011,,,,,,,,,,,,,,,
GA,13,Appling,13001,2012,,,,,,,,,,,,,,,
GA,13,Appling,13001,2013,,,,,,,,,,,,,,,
GA,13,Appling,13001,2014,,,,,,,,,,,,,,,
GA,13,Appling,13001,2015,,,,,,,,,,,,,,,
GA,13,Appling,13001,2016,,,,,,,,,,,,,,,
GA,13,Appling,13001,2017,,,,,,,,,,,,,,,
GA,13,Appling,13001,2018,,,,,,,,,,,,,,,
GA,13,Appling,13001,2019,,,,,,,,,,,,,,,
GA,13,Appling,13001,2020,,,,,,,,,,,,,,,
GA,13,Appling,13001,2021,,,,,,,,,,,,,,,
GA,13,Appling,13001,2022,,,,,,,,,,,,,,,
GA,13,Atkinson,13003,2000,,,,,,,,,,,,,,,
GA,13,Atkinson,13003,2001,,,,,,,,,,,,,,,
GA,13,Atkinson,13003,2002,,107657160.0,,101505311.0,,,,,,,,,,,
GA,13,Atkinson,13003,2003,,,,,,,,,,,,,,,
GA,13,Atkinson,13003,2004,,,,,,,,,,,,,,,
GA,13,Atkinson,13003,2005,,,,,,,,,,,,,,,
GA,13,Atkinson,13003,2006,,,,,,,,,,,,,,,
GA,13,Atkinson,13003,2007,,,,,,,,,,,,,,,
GA,13,Atkinson,13003,2008,,,,,,,,,,,,,,,
GA,13,Atkinson,13003,2009,,,,,,,,,,,,,,,
GA,13,Atkinson,13003,2010,,,,,,,,,,,,,,,
GA,13,Atkinson,13003,2011,,,,,,,,,,,,,,,
GA,13,Atkinson,13003,2012,,,,,,,,,,,,,,,
GA,13,Atkinson,13003,2013,,,,,,,,,,,,,,,
GA,13,Atkinson,13003,2014,,,,,,,,,,,,,,,
GA,13,Atkinson,13003,2015,,,,,,,,,,,,,,,
GA,13,Atkinson,13003,2016,,,,,,,,,,,,,,,
GA,13,Atkinson,13003,2017,,,,,,,,,,,,,,,
GA,13,Atkinson,13003,2018,,,,,,,,,,,,,,,
GA,13,Atkinson,13003,2019,,,,,,,,,,,,,,,
GA,13,Atkinson,13003,2020,,,,,,,,,,,,,,,
GA,13,Atkinson,13003,2021,,,,,,,,,,,,,,,
GA,13,Atkinson,13003,2022,,,,,,,,,,,,,,,
GA,13,Bacon,13005,2000,,,,,,,,,,,,,,,
GA,13,Bacon,13005,2001,,,,,,,,,,,,,,,
GA,13,Bacon,13005,2002,,177174348.0,,169374902.0,,,,,,,,,,,
GA,13,Bacon,13005,2003,,,,,,,,,,,,,,,
GA,13,Bacon,13005,2004,,,,,,,,,,,,,,,
GA,13,Bacon,13005,2005,,,,,,,,,,,,,,,
GA,13,Bacon,13005,2006,,,,,,,,,,,,,,,
GA,13,Bacon,13005,2007,,,,,,,,,,,,,,,
GA,13,Bacon,13005,2008,,,,,,,,,,,,,,,
GA,13,Bacon,13005,2009,,,,,,,,,,,,,,,
GA,13,Bacon,13005,2010,,,,,,,,,,,,,,,
GA,13,Bacon,13005,2011,,,,,,,,,,,,,,,
GA,13,Bacon,13005,2012,,,,,,,,,,,,,,,
GA,13,Bacon,13005,2013,,,,,,,,,,,,,,,
GA,13,Bacon,13005,2014,,,,,,,,,,,,,,,
GA,13,Bacon,13005,2015,,,,,,,,,,,,,,,
GA,13,Bacon,13005,2016,,,,,,,,,,,,,,,
GA,13,Bacon,13005,2017,,,,,,,,,,,,,,,
GA,13,Bacon,13005,2018,,,,,,,,,,,,,,,
GA,13,Bacon,13005,2019,,,,,,,,,,,,,,,
GA,13,Bacon,13005,2020,,,,,,,,,,,,,,,
GA,13,Bacon,13005,2021,,,,,,,,,,,,,,,
GA,13,Bacon,13005,2022,,,,,,,,,,,,,,,
GA,13,Baker,13007,2000,,,,,,,,,,,,,,,
GA,13,Baker,13007,2001,,,,,,,,,,,,,,,
GA,13,Baker,13007,2002,,101608098.0,,95896405.0,,,,,,,,,,,
GA,13,Baker,13007,2003,,,,,,,,,,,,,,,
GA,13,Baker,13007,2004,,,,,,,,,,,,,,,
GA,13,Baker,13007,2005,,,,,,,,,,,,,,,
GA,13,Baker,13007,2006,,,,,,,,,,,,,,,
GA,13,Baker,13007,2007,,,,,,,,,,,,,,,
GA,13,Baker,13007,2008,,,,,,,,,,,,,,,
GA,13,Baker,13007,2009,,,,,,,,,,,,,,,
GA,13,Baker,13007,2010,,,,,,,,,,,,,,,
GA,13,Baker,13007,2011,,,,,,,,,,,,,,,
GA,13,Baker,13007,2012,,,,,,,,,,,,,,,
GA,13,Baker,13007,2013,,,,,,,,,,,,,,,
GA,13,Baker,13007,2014,,,,,,,,,,,,,,,
GA,13,Baker,13007,2015,,,,,,,,,,,,,,,
GA,13,Baker,13007,2016,,,,,,,,,,,,,,,
GA,13,Baker,13007,2017,,,,,,,,,,,,,,,
GA,13,Baker,13007,2018,,,,,,,,,,,,,,,
GA,13,Baker,13007,2019,,,,,,,,,,,,,,,
GA,13,Baker,13007,2020,,,,,,,,,,,,,,,
GA,13,Baker,13007,2021,,,,,,,,,,,,,,,
GA,13,Baker,13007,2022,,,,,,,,,,,,,,,
GA,13,Baldwin,13009,2000,,,,,,,,,,,,,,,
GA,13,Baldwin,13009,2001,,,,,,,,,,,,,,,
GA,13,Baldwin,13009,2002,,632232652.0,,539811693.0,,,,,,,,,,,
GA,13,Baldwin,13009,2003,,,,,,,,,,,,,,,
GA,13,Baldwin,13009,2004,,,,,,,,,,,,,,,
GA,13,Baldwin,13009,2005,,,,,,,,,,,,,,,
GA,13,Baldwin,13009,2006,,,,,,,,,,,,,,,
GA,13,Baldwin,13009,2007,,,,,,,,,,,,,,,
GA,13,Baldwin,13009,2008,,,,,,,,,,,,,,,
GA,13,Baldwin,13009,2009,,,,,,,,,,,,,,,
GA,13,Baldwin,13009,2010,,,,,,,,,,,,,,,
GA,13,Baldwin,13009,2011,,,,,,,,,,,,,,,
GA,13,Baldwin,13009,2012,,,,,,,,,,,,,,,
GA,13,Baldwin,13009,2013,,,,,,,,,,,,,,,
GA,13,Baldwin,13009,2014,,,,,,,,,,,,,,,
GA,13,Baldwin,13009,2015,,,,,,,,,,,,,,,
GA,13,Baldwin,13009,2016,,,,,,,,,,,,,,,
GA,13,Baldwin,13009,2017,,,,,,,,,,,,,,,
GA,13,Baldwin,13009,2018,,,,,,,,,,,,,,,
GA,13,Baldwin,13009,2019,,,,,,,,,,,,,,,
GA,13,Baldwin,13009,2020,,,,,,,,,,,,,,,
GA,13,Baldwin,13009,2021,,,,,,,,,,,,,,,
GA,13,Baldwin,13009,2022,,,,,,,,,,,,,,,
GA,13,Banks,13011,2000,,,,,,,,,,,,,,,
GA,13,Banks,13011,2001,,,,,,,,,,,,,,,
GA,13,Banks,13011,2002,,461671368.0,,390268186.0,,,,,,,,,,,
GA,13,Banks,13011,2003,,,,,,,,,,,,,,,
GA,13,Banks,13011,2004,,,,,,,,,,,,,,,
GA,13,Banks,13011,2005,,,,,,,,,,,,,,,
GA,13,Banks,13011,2006,,,,,,,,,,,,,,,
GA,13,Banks,13011,2007,,,,,,,,,,,,,,,
GA,13,Banks,13011,2008,,,,,,,,,,,,,,,
GA,13,Banks,13011,2009,,,,,,,,,,,,,,,
GA,13,Banks,13011,2010,,,,,,,,,,,,,,,
GA,13,Banks,13011,2011,,,,,,,,,,,,,,,
GA,13,Banks,13011,2012,,,,,,,,,,,,,,,
GA,13,Banks,13011,2013,,,,,,,,,,,,,,,
GA,13,Banks,13011,2014,,,,,,,,,,,,,,,
GA,13,Banks,13011,2015,,,,,,,,,,,,,,,
GA,13,Banks,13011,2016,,,,,,,,,,,,,,,
GA,13,Banks,13011,2017,,,,,,,,,,,,,,,
GA,13,Banks,13011,2018,,,,,,,,,,,,,,,
GA,13,Banks,13011,2019,,,,,,,,,,,,,,,
GA,13,Banks,13011,2020,,,,,,,,,,,,,,,
GA,13,Banks,13011,2021,,,,,,,,,,,,,,,
GA,13,Banks,13011,2022,,,,,,,,,,,,,,,
GA,13,Barrow,13013,2000,,,,,,,,,,,,,,,
GA,13,Barrow,13013,2001,,,,,,,,,,,,,,,
GA,13,Barrow,13013,2002,,1259972702.0,,1017073150.0,,,,,,,,,,,
GA,13,Barrow,13013,2003,,,,,,,,,,,,,,,
GA,13,Barrow,13013,2004,,,,,,,,,,,,,,,
GA,13,Barrow,13013,2005,,,,,,,,,,,,,,,
GA,13,Barrow,13013,2006,,,,,,,,,,,,,,,
GA,13,Barrow,13013,2007,,,,,,,,,,,,,,,
GA,13,Barrow,13013,2008,,,,,,,,,,,,,,,
GA,13,Barrow,13013,2009,,,,,,,,,,,,,,,
GA,13,Barrow,13013,2010,,,,,,,,,,,,,,,
GA,13,Barrow,13013,2011,,,,,,,,,,,,,,,
GA,13,Barrow,13013,2012,,,,,,,,,,,,,,,
GA,13,Barrow,13013,2013,,,,,,,,,,,,,,,
GA,13,Barrow,13013,2014,,,,,,,,,,,,,,,
GA,13,Barrow,13013,2015,,,,,,,,,,,,,,,
GA,13,Barrow,13013,2016,,,,,,,,,,,,,,,
GA,13,Barrow,13013,2017,,,,,,,,,,,,,,,
GA,13,Barrow,13013,2018,,,,,,,,,,,,,,,
GA,13,Barrow,13013,2019,,,,,,,,,,,,,,,
GA,13,Barrow,13013,2020,,,,,,,,,,,,,,,
GA,13,Barrow,13013,2021,,,,,,,,,,,,,,,
GA,13,Barrow,13013,2022,,,,,,,,,,,,,,,
GA,13,Bartow,13015,2000,,,,,,,,,,,,,,,
GA,13,Bartow,13015,2001,,,,,,,,,,,,,,,
GA,13,Bartow,13015,2002,,2305484426.0,,2189621057.0,,,,,,,,,,,
GA,13,Bartow,13015,2003,,,,,,,,,,,,,,,
GA,13,Bartow,13015,2004,,,,,,,,,,,,,,,
GA,13,Bartow,13015,2005,,,,,,,,,,,,,,,
GA,13,Bartow,13015,2006,,,,,,,,,,,,,,,
GA,13,Bartow,13015,2007,,,,,,,,,,,,,,,
GA,13,Bartow,13015,2008,,,,,,,,,,,,,,,
GA,13,Bartow,13015,2009,,,,,,,,,,,,,,,
GA,13,Bartow,13015,2010,,,,,,,,,,,,,,,
GA,13,Bartow,13015,2011,,,,,,,,,,,,,,,
GA,13,Bartow,13015,2012,,,,,,,,,,,,,,,
GA,13,Bartow,13015,2013,,,,,,,,,,,,,,,
GA,13,Bartow,13015,2014,,,,,,,,,,,,,,,
GA,13,Bartow,13015,2015,,,,,,,,,,,,,,,
GA,13,Bartow,13015,2016,,,,,,,,,,,,,,,
GA,13,Bartow,13015,2017,,,,,,,,,,,,,,,
GA,13,Bartow,13015,2018,,,,,,,,,,,,,,,
GA,13,Bartow,13015,2019,,,,,,,,,,,,,,,
GA,13,Bartow,13015,2020,,,,,,,,,,,,,,,
GA,13,Bartow,13015,2021,,,,,,,,,,,,,,,
GA,13,Bartow,13015,2022,,,,,,,,,,,,,,,
GA,13,Ben Hill,13017,2000,,,,,,,,,,,,,,,
GA,13,Ben Hill,13017,2001,,,,,,,,,,,,,,,
GA,13,Ben Hill,13017,2002,,317575380.0,,272759742.0,,,,,,,,,,,
GA,13,Ben Hill,13017,2003,,,,,,,,,,,,,,,
GA,13,Ben Hill,13017,2004,,,,,,,,,,,,,,,
GA,13,Ben Hill,13017,2005,,,,,,,,,,,,,,,
GA,13,Ben Hill,13017,2006,,,,,,,,,,,,,,,
GA,13,Ben Hill,13017,2007,,,,,,,,,,,,,,,
GA,13,Ben Hill,13017,2008,,,,,,,,,,,,,,,
GA,13,Ben Hill,13017,2009,,,,,,,,,,,,,,,
GA,13,Ben Hill,13017,2010,,,,,,,,,,,,,,,
GA,13,Ben Hill,13017,2011,,,,,,,,,,,,,,,
GA,13,Ben Hill,13017,2012,,,,,,,,,,,,,,,
GA,13,Ben Hill,13017,2013,,,,,,,,,,,,,,,
GA,13,Ben Hill,13017,2014,,,,,,,,,,,,,,,
GA,13,Ben Hill,13017,2015,,,,,,,,,,,,,,,
GA,13,Ben Hill,13017,2016,,,,,,,,,,,,,,,
GA,13,Ben Hill,13017,2017,,,,,,,,,,,,,,,
GA,13,Ben Hill,13017,2018,,,,,,,,,,,,,,,
GA,13,Ben Hill,13017,2019,,,,,,,,,,,,,,,
GA,13,Ben Hill,13017,2020,,,,,,,,,,,,,,,
GA,13,Ben Hill,13017,2021,,,,,,,,,,,,,,,
GA,13,Ben Hill,13017,2022,,,,,,,,,,,,,,,
GA,13,Berrien,13019,2000,,,,,,,,,,,,,,,
GA,13,Berrien,13019,2001,,,,,,,,,,,,,,,
GA,13,Berrien,13019,2002,,267314268.0,,243888315.0,,,,,,,,,,,
GA,13,Berrien,13019,2003,,,,,,,,,,,,,,,
GA,13,Berrien,13019,2004,,,,,,,,,,,,,,,
GA,13,Berrien,13019,2005,,,,,,,,,,,,,,,
GA,13,Berrien,13019,2006,,,,,,,,,,,,,,,
GA,13,Berrien,13019,2007,,,,,,,,,,,,,,,
GA,13,Berrien,13019,2008,,,,,,,,,,,,,,,
GA,13,Berrien,13019,2009,,,,,,,,,,,,,,,
GA,13,Berrien,13019,2010,,,,,,,,,,,,,,,
GA,13,Berrien,13019,2011,,,,,,,,,,,,,,,
GA,13,Berrien,13019,2012,,,,,,,,,,,,,,,
GA,13,Berrien,13019,2013,,,,,,,,,,,,,,,
GA,13,Berrien,13019,2014,,,,,,,,,,,,,,,
GA,13,Berrien,13019,2015,,,,,,,,,,,,,,,
GA,13,Berrien,13019,2016,,,,,,,,,,,,,,,
GA,13,Berrien,13019,2017,,,,,,,,,,,,,,,
GA,13,Berrien,13019,2018,,,,,,,,,,,,,,,
GA,13,Berrien,13019,2019,,,,,,,,,,,,,,,
GA,13,Berrien,13019,2020,,,,,,,,,,,,,,,
GA,13,Berrien,13019,2021,,,,,,,,,,,,,,,
GA,13,Berrien,13019,2022,,,,,,,,,,,,,,,
GA,13,Bibb,13021,2000,,,,,,,,,,,,,,,
GA,13,Bibb,13021,2001,,,,,,,,,,,,,,,
GA,13,Bibb,13021,2002,,3937153619.0,,3516562576.0,,,,,,,,,,,
GA,13,Bibb,13021,2003,,,,,,,,,,,,,,,
GA,13,Bibb,13021,2004,,,,,,,,,,,,,,,
GA,13,Bibb,13021,2005,,,,,,,,,,,,,,,
GA,13,Bibb,13021,2006,,,,,,,,,,,,,,,
GA,13,Bibb,13021,2007,,,,,,,,,,,,,,,
GA,13,Bibb,13021,2008,,,,,,,,,,,,,,,
GA,13,Bibb,13021,2009,,,,,,,,,,,,,,,
GA,13,Bibb,13021,2010,,,,,,,,,,,,,,,
GA,13,Bibb,13021,2011,,,,,,,,,,,,,,,
GA,13,Bibb,13021,2012,,,,,,,,,,,,,,,
GA,13,Bibb,13021,2013,,,,,,,,,,,,,,,
GA,13,Bibb,13021,2014,,,,,,,,,,,,,,,
GA,13,Bibb,13021,2015,,,,,,,,,,,,,,,
GA,13,Bibb,13021,2016,,,,,,,,,,,,,,,
GA,13,Bibb,13021,2017,,,,,,,,,,,,,,,
GA,13,Bibb,13021,2018,,,,,,,,,,,,,,,
GA,13,Bibb,13021,2019,,,,,,,,,,,,,,,
GA,13,Bibb,13021,2020,,,,,,,,,,,,,,,
GA,13,Bibb,13021,2021,,,,,,,,,,,,,,,
GA,13,Bibb,13021,2022,,,,,,,,,,,,,,,
GA,13,Bleckley,13023,2000,,,,,,,,,,,,,,,
GA,13,Bleckley,13023,2001,,,,,,,,,,,,,,,
GA,13,Bleckley,13023,2002,,197695354.0,,184932229.0,,,,,,,,,,,
GA,13,Bleckley,13023,2003,,,,,,,,,,,,,,,
GA,13,Bleckley,13023,2004,,,,,,,,,,,,,,,
GA,13,Bleckley,13023,2005,,,,,,,,,,,,,,,
GA,13,Bleckley,13023,2006,,,,,,,,,,,,,,,
GA,13,Bleckley,13023,2007,,,,,,,,,,,,,,,
GA,13,Bleckley,13023,2008,,,,,,,,,,,,,,,
GA,13,Bleckley,13023,2009,,,,,,,,,,,,,,,
GA,13,Bleckley,13023,2010,,,,,,,,,,,,,,,
GA,13,Bleckley,13023,2011,,,,,,,,,,,,,,,
GA,13,Bleckley,13023,2012,,,,,,,,,,,,,,,
GA,13,Bleckley,13023,2013,,,,,,,,,,,,,,,
GA,13,Bleckley,13023,2014,,,,,,,,,,,,,,,
GA,13,Bleckley,13023,2015,,,,,,,,,,,,,,,
GA,13,Bleckley,13023,2016,,,,,,,,,,,,,,,
GA,13,Bleckley,13023,2017,,,,,,,,,,,,,,,
GA,13,Bleckley,13023,2018,,,,,,,,,,,,,,,
GA,13,Bleckley,13023,2019,,,,,,,,,,,,,,,
GA,13,Bleckley,13023,2020,,,,,,,,,,,,,,,
GA,13,Bleckley,13023,2021,,,,,,,,,,,,,,,
GA,13,Bleckley,13023,2022,,,,,,,,,,,,,,,
GA,13,Brantley,13025,2000,,,,,,,,,,,,,,,
GA,13,Brantley,13025,2001,,,,,,,,,,,,,,,
GA,13,Brantley,13025,2002,,207597782.0,,197356087.0,,,,,,,,,,,
GA,13,Brantley,13025,2003,,,,,,,,,,,,,,,
GA,13,Brantley,13025,2004,,,,,,,,,,,,,,,
GA,13,Brantley,13025,2005,,,,,,,,,,,,,,,
GA,13,Brantley,13025,2006,,,,,,,,,,,,,,,
GA,13,Brantley,13025,2007,,,,,,,,,,,,,,,
GA,13,Brantley,13025,2008,,,,,,,,,,,,,,,
GA,13,Brantley,13025,2009,,,,,,,,,,,,,,,
GA,13,Brantley,13025,2010,,,,,,,,,,,,,,,
GA,13,Brantley,13025,2011,,,,,,,,,,,,,,,
GA,13,Brantley,13025,2012,,,,,,,,,,,,,,,
GA,13,Brantley,13025,2013,,,,,,,,,,,,,,,
GA,13,Brantley,13025,2014,,,,,,,,,,,,,,,
GA,13,Brantley,13025,2015,,,,,,,,,,,,,,,
GA,13,Brantley,13025,2016,,,,,,,,,,,,,,,
GA,13,Brantley,13025,2017,,,,,,,,,,,,,,,
GA,13,Brantley,13025,2018,,,,,,,,,,,,,,,
GA,13,Brantley,13025,2019,,,,,,,,,,,,,,,
GA,13,Brantley,13025,2020,,,,,,,,,,,,,,,
GA,13,Brantley,13025,2021,,,,,,,,,,,,,,,
GA,13,Brantley,13025,2022,,,,,,,,,,,,,,,
GA,13,Brooks,13027,2000,,,,,,,,,,,,,,,
GA,13,Brooks,13027,2001,,,,,,,,,,,,,,,
GA,13,Brooks,13027,2002,,283878604.0,,264132348.0,,,,,,,,,,,
GA,13,Brooks,13027,2003,,,,,,,,,,,,,,,
GA,13,Brooks,13027,2004,,,,,,,,,,,,,,,
GA,13,Brooks,13027,2005,,,,,,,,,,,,,,,
GA,13,Brooks,13027,2006,,,,,,,,,,,,,,,
GA,13,Brooks,13027,2007,,,,,,,,,,,,,,,
GA,13,Brooks,13027,2008,,,,,,,,,,,,,,,
GA,13,Brooks,13027,2009,,,,,,,,,,,,,,,
GA,13,Brooks,13027,2010,,,,,,,,,,,,,,,
GA,13,Brooks,13027,2011,,,,,,,,,,,,,,,
GA,13,Brooks,13027,2012,,,,,,,,,,,,,,,
GA,13,Brooks,13027,2013,,,,,,,,,,,,,,,
GA,13,Brooks,13027,2014,,,,,,,,,,,,,,,
GA,13,Brooks,13027,2015,,,,,,,,,,,,,,,
GA,13,Brooks,13027,2016,,,,,,,,,,,,,,,
GA,13,Brooks,13027,2017,,,,,,,,,,,,,,,
GA,13,Brooks,13027,2018,,,,,,,,,,,,,,,
GA,13,Brooks,13027,2019,,,,,,,,,,,,,,,
GA,13,Brooks,13027,2020,,,,,,,,,,,,,,,
GA,13,Brooks,13027,2021,,,,,,,,,,,,,,,
GA,13,Brooks,13027,2022,,,,,,,,,,,,,,,
GA,13,Bryan,13029,2000,,,,,,,,,,,,,,,
GA,13,Bryan,13029,2001,,,,,,,,,,,,,,,
GA,13,Bryan,13029,2002,,610187675.0,,597847214.0,,,,,,,,,,,
GA,13,Bryan,13029,2003,,,,,,,,,,,,,,,
GA,13,Bryan,13029,2004,,,,,,,,,,,,,,,
GA,13,Bryan,13029,2005,,,,,,,,,,,,,,,
GA,13,Bryan,13029,2006,,,,,,,,,,,,,,,
GA,13,Bryan,13029,2007,,,,,,,,,,,,,,,
GA,13,Bryan,13029,2008,,,,,,,,,,,,,,,
GA,13,Bryan,13029,2009,,,,,,,,,,,,,,,
GA,13,Bryan,13029,2010,,,,,,,,,,,,,,,
GA,13,Bryan,13029,2011,,,,,,,,,,,,,,,
GA,13,Bryan,13029,2012,,,,,,,,,,,,,,,
GA,13,Bryan,13029,2013,,,,,,,,,,,,,,,
GA,13,Bryan,13029,2014,,,,,,,,,,,,,,,
GA,13,Bryan,13029,2015,,,,,,,,,,,,,,,
GA,13,Bryan,13029,2016,,,,,,,,,,,,,,,
GA,13,Bryan,13029,2017,,,,,,,,,,,,,,,
GA,13,Bryan,13029,2018,,,,,,,,,,,,,,,
GA,13,Bryan,13029,2019,,,,,,,,,,,,,,,
GA,13,Bryan,13029,2020,,,,,,,,,,,,,,,
GA,13,Bryan,13029,2021,,,,,,,,,,,,,,,
GA,13,Bryan,13029,2022,,,,,,,,,,,,,,,
GA,13,Bulloch,13031,2000,,,,,,,,,,,,,,,
GA,13,Bulloch,13031,2001,,,,,,,,,,,,,,,
GA,13,Bulloch,13031,2002,,1251469696.0,,1104450348.0,,,,,,,,,,,
GA,13,Bulloch,13031,2003,,,,,,,,,,,,,,,
GA,13,Bulloch,13031,2004,,,,,,,,,,,,,,,
GA,13,Bulloch,13031,2005,,,,,,,,,,,,,,,
GA,13,Bulloch,13031,2006,,,,,,,,,,,,,,,
GA,13,Bulloch,13031,2007,,,,,,,,,,,,,,,
GA,13,Bulloch,13031,2008,,,,,,,,,,,,,,,
GA,13,Bulloch,13031,2009,,,,,,,,,,,,,,,
GA,13,Bulloch,13031,2010,,,,,,,,,,,,,,,
GA,13,Bulloch,13031,2011,,,,,,,,,,,,,,,
GA,13,Bulloch,13031,2012,,,,,,,,,,,,,,,
GA,13,Bulloch,13031,2013,,,,,,,,,,,,,,,
GA,13,Bulloch,13031,2014,,,,,,,,,,,,,,,
GA,13,Bulloch,13031,2015,,,,,,,,,,,,,,,
GA,13,Bulloch,13031,2016,,,,,,,,,,,,,,,
GA,13,Bulloch,13031,2017,,,,,,,,,,,,,,,
GA,13,Bulloch,13031,2018,,,,,,,,,,,,,,,
GA,13,Bulloch,13031,2019,,,,,,,,,,,,,,,
GA,13,Bulloch,13031,2020,,,,,,,,,,,,,,,
GA,13,Bulloch,13031,2021,,,,,,,,,,,,,,,
GA,13,Bulloch,13031,2022,,,,,,,,,,,,,,,
GA,13,Burke,13033,2000,,,,,,,,,,,,,,,
GA,13,Burke,13033,2001,,,,,,,,,,,,,,,
GA,13,Burke,13033,2002,,1541721864.0,,1516935176.0,,,,,,,,,,,
GA,13,Burke,13033,2003,,,,,,,,,,,,,,,
GA,13,Burke,13033,2004,,,,,,,,,,,,,,,
GA,13,Burke,13033,2005,,,,,,,,,,,,,,,
GA,13,Burke,13033,2006,,,,,,,,,,,,,,,
GA,13,Burke,13033,2007,,,,,,,,,,,,,,,
GA,13,Burke,13033,2008,,,,,,,,,,,,,,,
GA,13,Burke,13033,2009,,,,,,,,,,,,,,,
GA,13,Burke,13033,2010,,,,,,,,,,,,,,,
GA,13,Burke,13033,2011,,,,,,,,,,,,,,,
GA,13,Burke,13033,2012,,,,,,,,,,,,,,,
GA,13,Burke,13033,2013,,,,,,,,,,,,,,,
GA,13,Burke,13033,2014,,,,,,,,,,,,,,,
GA,13,Burke,13033,2015,,,,,,,,,,,,,,,
GA,13,Burke,13033,2016,,,,,,,,,,,,,,,
GA,13,Burke,13033,2017,,,,,,,,,,,,,,,
GA,13,Burke,13033,2018,,,,,,,,,,,,,,,
GA,13,Burke,13033,2019,,,,,,,,,,,,,,,
GA,13,Burke,13033,2020,,,,,,,,,,,,,,,
GA,13,Burke,13033,2021,,,,,,,,,,,,,,,
GA,13,Burke,13033,2022,,,,,,,,,,,,,,,
GA,13,Butts,13035,2000,,,,,,,,,,,,,,,
GA,13,Butts,13035,2001,,,,,,,,,,,,,,,
GA,13,Butts,13035,2002,,487081556.0,,439683180.0,,,,,,,,,,,
GA,13,Butts,13035,2003,,,,,,,,,,,,,,,
GA,13,Butts,13035,2004,,,,,,,,,,,,,,,
GA,13,Butts,13035,2005,,,,,,,,,,,,,,,
GA,13,Butts,13035,2006,,,,,,,,,,,,,,,
GA,13,Butts,13035,2007,,,,,,,,,,,,,,,
GA,13,Butts,13035,2008,,,,,,,,,,,,,,,
GA,13,Butts,13035,2009,,,,,,,,,,,,,,,
GA,13,Butts,13035,2010,,,,,,,,,,,,,,,
GA,13,Butts,13035,2011,,,,,,,,,,,,,,,
GA,13,Butts,13035,2012,,,,,,,,,,,,,,,
GA,13,Butts,13035,2013,,,,,,,,,,,,,,,
GA,13,Butts,13035,2014,,,,,,,,,,,,,,,
GA,13,Butts,13035,2015,,,,,,,,,,,,,,,
GA,13,Butts,13035,2016,,,,,,,,,,,,,,,
GA,13,Butts,13035,2017,,,,,,,,,,,,,,,
GA,13,Butts,13035,2018,,,,,,,,,,,,,,,
GA,13,Butts,13035,2019,,,,,,,,,,,,,,,
GA,13,Butts,13035,2020,,,,,,,,,,,,,,,
GA,13,Butts,13035,2021,,,,,,,,,,,,,,,
GA,13,Butts,13035,2022,,,,,,,,,,,,,,,
GA,13,Calhoun,13037,2000,,,,,,,,,,,,,,,
GA,13,Calhoun,13037,2001,,,,,,,,,,,,,,,
GA,13,Calhoun,13037,2002,,110956170.0,,104410575.0,,,,,,,,,,,
GA,13,Calhoun,13037,2003,,,,,,,,,,,,,,,
GA,13,Calhoun,13037,2004,,,,,,,,,,,,,,,
GA,13,Calhoun,13037,2005,,,,,,,,,,,,,,,
GA,13,Calhoun,13037,2006,,,,,,,,,,,,,,,
GA,13,Calhoun,13037,2007,,,,,,,,,,,,,,,
GA,13,Calhoun,13037,2008,,,,,,,,,,,,,,,
GA,13,Calhoun,13037,2009,,,,,,,,,,,,,,,
GA,13,Calhoun,13037,2010,,,,,,,,,,,,,,,
GA,13,Calhoun,13037,2011,,,,,,,,,,,,,,,
GA,13,Calhoun,13037,2012,,,,,,,,,,,,,,,
GA,13,Calhoun,13037,2013,,,,,,,,,,,,,,,
GA,13,Calhoun,13037,2014,,,,,,,,,,,,,,,
GA,13,Calhoun,13037,2015,,,,,,,,,,,,,,,
GA,13,Calhoun,13037,2016,,,,,,,,,,,,,,,
GA,13,Calhoun,13037,2017,,,,,,,,,,,,,,,
GA,13,Calhoun,13037,2018,,,,,,,,,,,,,,,
GA,13,Calhoun,13037,2019,,,,,,,,,,,,,,,
GA,13,Calhoun,13037,2020,,,,,,,,,,,,,,,
GA,13,Calhoun,13037,2021,,,,,,,,,,,,,,,
GA,13,Calhoun,13037,2022,,,,,,,,,,,,,,,
GA,13,Camden,13039,2000,,,,,,,,,,,,,,,
GA,13,Camden,13039,2001,,,,,,,,,,,,,,,
GA,13,Camden,13039,2002,,831698068.0,,774888446.0,,,,,,,,,,,
GA,13,Camden,13039,2003,,,,,,,,,,,,,,,
GA,13,Camden,13039,2004,,,,,,,,,,,,,,,
GA,13,Camden,13039,2005,,,,,,,,,,,,,,,
GA,13,Camden,13039,2006,,,,,,,,,,,,,,,
GA,13,Camden,13039,2007,,,,,,,,,,,,,,,
GA,13,Camden,13039,2008,,,,,,,,,,,,,,,
GA,13,Camden,13039,2009,,,,,,,,,,,,,,,
GA,13,Camden,13039,2010,,,,,,,,,,,,,,,
GA,13,Camden,13039,2011,,,,,,,,,,,,,,,
GA,13,Camden,13039,2012,,,,,,,,,,,,,,,
GA,13,Camden,13039,2013,,,,,,,,,,,,,,,
GA,13,Camden,13039,2014,,,,,,,,,,,,,,,
GA,13,Camden,13039,2015,,,,,,,,,,,,,,,
GA,13,Camden,13039,2016,,,,,,,,,,,,,,,
GA,13,Camden,13039,2017,,,,,,,,,,,,,,,
GA,13,Camden,13039,2018,,,,,,,,,,,,,,,
GA,13,Camden,13039,2019,,,,,,,,,,,,,,,
GA,13,Camden,13039,2020,,,,,,,,,,,,,,,
GA,13,Camden,13039,2021,,,,,,,,,,,,,,,
GA,13,Camden,13039,2022,,,,,,,,,,,,,,,
GA,13,Candler,13043,2000,,,,,,,,,,,,,,,
GA,13,Candler,13043,2001,,,,,,,,,,,,,,,
GA,13,Candler,13043,2002,,164010059.0,,150150157.0,,,,,,,,,,,
GA,13,Candler,13043,2003,,,,,,,,,,,,,,,
GA,13,Candler,13043,2004,,,,,,,,,,,,,,,
GA,13,Candler,13043,2005,,,,,,,,,,,,,,,
GA,13,Candler,13043,2006,,,,,,,,,,,,,,,
GA,13,Candler,13043,2007,,,,,,,,,,,,,,,
GA,13,Candler,13043,2008,,,,,,,,,,,,,,,
GA,13,Candler,13043,2009,,,,,,,,,,,,,,,
GA,13,Candler,13043,2010,,,,,,,,,,,,,,,
GA,13,Candler,13043,2011,,,,,,,,,,,,,,,
GA,13,Candler,13043,2012,,,,,,,,,,,,,,,
GA,13,Candler,13043,2013,,,,,,,,,,,,,,,
GA,13,Candler,13043,2014,,,,,,,,,,,,,,,
GA,13,Candler,13043,2015,,,,,,,,,,,,,,,
GA,13,Candler,13043,2016,,,,,,,,,,,,,,,
GA,13,Candler,13043,2017,,,,,,,,,,,,,,,
GA,13,Candler,13043,2018,,,,,,,,,,,,,,,
GA,13,Candler,13043,2019,,,,,,,,,,,,,,,
GA,13,Candler,13043,2020,,,,,,,,,,,,,,,
GA,13,Candler,13043,2021,,,,,,,,,,,,,,,
GA,13,Candler,13043,2022,,,,,,,,,,,,,,,
GA,13,Carroll,13045,2000,,,,,,,,,,,,,,,
GA,13,Carroll,13045,2001,,,,,,,,,,,,,,,
GA,13,Carroll,13045,2002,,2143467656.0,,1939909580.0,,,,,,,,,,,
GA,13,Carroll,13045,2003,,,,,,,,,,,,,,,
GA,13,Carroll,13045,2004,,,,,,,,,,,,,,,
GA,13,Carroll,13045,2005,,,,,,,,,,,,,,,
GA,13,Carroll,13045,2006,,,,,,,,,,,,,,,
GA,13,Carroll,13045,2007,,,,,,,,,,,,,,,
GA,13,Carroll,13045,2008,,,,,,,,,,,,,,,
GA,13,Carroll,13045,2009,,,,,,,,,,,,,,,
GA,13,Carroll,13045,2010,,,,,,,,,,,,,,,
GA,13,Carroll,13045,2011,,,,,,,,,,,,,,,
GA,13,Carroll,13045,2012,,,,,,,,,,,,,,,
GA,13,Carroll,13045,2013,,,,,,,,,,,,,,,
GA,13,Carroll,13045,2014,,,,,,,,,,,,,,,
GA,13,Carroll,13045,2015,,,,,,,,,,,,,,,
GA,13,Carroll,13045,2016,,,,,,,,,,,,,,,
GA,13,Carroll,13045,2017,,,,,,,,,,,,,,,
GA,13,Carroll,13045,2018,,,,,,,,,,,,,,,
GA,13,Carroll,13045,2019,,,,,,,,,,,,,,,
GA,13,Carroll,13045,2020,,,,,,,,,,,,,,,
GA,13,Carroll,13045,2021,,,,,,,,,,,,,,,
GA,13,Carroll,13045,2022,,,,,,,,,,,,,,,
GA,13,Catoosa,13047,2000,,,,,,,,,,,,,,,
GA,13,Catoosa,13047,2001,,,,,,,,,,,,,,,
GA,13,Catoosa,13047,2002,,1114876901.0,,1013156442.0,,,,,,,,,,,
GA,13,Catoosa,13047,2003,,,,,,,,,,,,,,,
GA,13,Catoosa,13047,2004,,,,,,,,,,,,,,,
GA,13,Catoosa,13047,2005,,,,,,,,,,,,,,,
GA,13,Catoosa,13047,2006,,,,,,,,,,,,,,,
GA,13,Catoosa,13047,2007,,,,,,,,,,,,,,,
GA,13,Catoosa,13047,2008,,,,,,,,,,,,,,,
GA,13,Catoosa,13047,2009,,,,,,,,,,,,,,,
GA,13,Catoosa,13047,2010,,,,,,,,,,,,,,,
GA,13,Catoosa,13047,2011,,,,,,,,,,,,,,,
GA,13,Catoosa,13047,2012,,,,,,,,,,,,,,,
GA,13,Catoosa,13047,2013,,,,,,,,,,,,,,,
GA,13,Catoosa,13047,2014,,,,,,,,,,,,,,,
GA,13,Catoosa,13047,2015,,,,,,,,,,,,,,,
GA,13,Catoosa,13047,2016,,,,,,,,,,,,,,,
GA,13,Catoosa,13047,2017,,,,,,,,,,,,,,,
GA,13,Catoosa,13047,2018,,,,,,,,,,,,,,,
GA,13,Catoosa,13047,2019,,,,,,,,,,,,,,,
GA,13,Catoosa,13047,2020,,,,,,,,,,,,,,,
GA,13,Catoosa,13047,2021,,,,,,,,,,,,,,,
GA,13,Catoosa,13047,2022,,,,,,,,,,,,,,,
GA,13,Charlton,13049,2000,,,,,,,,,,,,,,,
GA,13,Charlton,13049,2001,,,,,,,,,,,,,,,
GA,13,Charlton,13049,2002,,199314413.0,,180247919.0,,,,,,,,,,,
GA,13,Charlton,13049,2003,,,,,,,,,,,,,,,
GA,13,Charlton,13049,2004,,,,,,,,,,,,,,,
GA,13,Charlton,13049,2005,,,,,,,,,,,,,,,
GA,13,Charlton,13049,2006,,,,,,,,,,,,,,,
GA,13,Charlton,13049,2007,,,,,,,,,,,,,,,
GA,13,Charlton,13049,2008,,,,,,,,,,,,,,,
GA,13,Charlton,13049,2009,,,,,,,,,,,,,,,
GA,13,Charlton,13049,2010,,,,,,,,,,,,,,,
GA,13,Charlton,13049,2011,,,,,,,,,,,,,,,
GA,13,Charlton,13049,2012,,,,,,,,,,,,,,,
GA,13,Charlton,13049,2013,,,,,,,,,,,,,,,
GA,13,Charlton,13049,2014,,,,,,,,,,,,,,,
GA,13,Charlton,13049,2015,,,,,,,,,,,,,,,
GA,13,Charlton,13049,2016,,,,,,,,,,,,,,,
GA,13,Charlton,13049,2017,,,,,,,,,,,,,,,
GA,13,Charlton,13049,2018,,,,,,,,,,,,,,,
GA,13,Charlton,13049,2019,,,,,,,,,,,,,,,
GA,13,Charlton,13049,2020,,,,,,,,,,,,,,,
GA,13,Charlton,13049,2021,,,,,,,,,,,,,,,
GA,13,Charlton,13049,2022,,,,,,,,,,,,,,,
GA,13,Chatham,13051,2000,,,,,,,,,,,,,,,
GA,13,Chatham,13051,2001,,,,,,,,,,,,,,,
GA,13,Chatham,13051,2002,,7723387907.0,,6354315721.0,,,,,,,,,,,
GA,13,Chatham,13051,2003,,,,,,,,,,,,,,,
GA,13,Chatham,13051,2004,,,,,,,,,,,,,,,
GA,13,Chatham,13051,2005,,,,,,,,,,,,,,,
GA,13,Chatham,13051,2006,,,,,,,,,,,,,,,
GA,13,Chatham,13051,2007,,,,,,,,,,,,,,,
GA,13,Chatham,13051,2008,,,,,,,,,,,,,,,
GA,13,Chatham,13051,2009,,,,,,,,,,,,,,,
GA,13,Chatham,13051,2010,,,,,,,,,,,,,,,
GA,13,Chatham,13051,2011,,,,,,,,,,,,,,,
GA,13,Chatham,13051,2012,,,,,,,,,,,,,,,
GA,13,Chatham,13051,2013,,,,,,,,,,,,,,,
GA,13,Chatham,13051,2014,,,,,,,,,,,,,,,
GA,13,Chatham,13051,2015,,,,,,,,,,,,,,,
GA,13,Chatham,13051,2016,,,,,,,,,,,,,,,
GA,13,Chatham,13051,2017,,,,,,,,,,,,,,,
GA,13,Chatham,13051,2018,,,,,,,,,,,,,,,
GA,13,Chatham,13051,2019,,,,,,,,,,,,,,,
GA,13,Chatham,13051,2020,,,,,,,,,,,,,,,
GA,13,Chatham,13051,2021,,,,,,,,,,,,,,,
GA,13,Chatham,13051,2022,,,,,,,,,,,,,,,
GA,13,Chattahoochee,13053,2000,,,,,,,,,,,,,,,
GA,13,Chattahoochee,13053,2001,,,,,,,,,,,,,,,
GA,13,Chattahoochee,13053,2002,,49365440.0,,47275865.0,,,,,,,,,,,
GA,13,Chattahoochee,13053,2003,,,,,,,,,,,,,,,
GA,13,Chattahoochee,13053,2004,,,,,,,,,,,,,,,
GA,13,Chattahoochee,13053,2005,,,,,,,,,,,,,,,
GA,13,Chattahoochee,13053,2006,,,,,,,,,,,,,,,
GA,13,Chattahoochee,13053,2007,,,,,,,,,,,,,,,
GA,13,Chattahoochee,13053,2008,,,,,,,,,,,,,,,
GA,13,Chattahoochee,13053,2009,,,,,,,,,,,,,,,
GA,13,Chattahoochee,13053,2010,,,,,,,,,,,,,,,
GA,13,Chattahoochee,13053,2011,,,,,,,,,,,,,,,
GA,13,Chattahoochee,13053,2012,,,,,,,,,,,,,,,
GA,13,Chattahoochee,13053,2013,,,,,,,,,,,,,,,
GA,13,Chattahoochee,13053,2014,,,,,,,,,,,,,,,
GA,13,Chattahoochee,13053,2015,,,,,,,,,,,,,,,
GA,13,Chattahoochee,13053,2016,,,,,,,,,,,,,,,
GA,13,Chattahoochee,13053,2017,,,,,,,,,,,,,,,
GA,13,Chattahoochee,13053,2018,,,,,,,,,,,,,,,
GA,13,Chattahoochee,13053,2019,,,,,,,,,,,,,,,
GA,13,Chattahoochee,13053,2020,,,,,,,,,,,,,,,
GA,13,Chattahoochee,13053,2021,,,,,,,,,,,,,,,
GA,13,Chattahoochee,13053,2022,,,,,,,,,,,,,,,
GA,13,Chattooga,13055,2000,,,,,,,,,,,,,,,
GA,13,Chattooga,13055,2001,,,,,,,,,,,,,,,
GA,13,Chattooga,13055,2002,,481233946.0,,449297078.0,,,,,,,,,,,
GA,13,Chattooga,13055,2003,,,,,,,,,,,,,,,
GA,13,Chattooga,13055,2004,,,,,,,,,,,,,,,
GA,13,Chattooga,13055,2005,,,,,,,,,,,,,,,
GA,13,Chattooga,13055,2006,,,,,,,,,,,,,,,
GA,13,Chattooga,13055,2007,,,,,,,,,,,,,,,
GA,13,Chattooga,13055,2008,,,,,,,,,,,,,,,
GA,13,Chattooga,13055,2009,,,,,,,,,,,,,,,
GA,13,Chattooga,13055,2010,,,,,,,,,,,,,,,
GA,13,Chattooga,13055,2011,,,,,,,,,,,,,,,
GA,13,Chattooga,13055,2012,,,,,,,,,,,,,,,
GA,13,Chattooga,13055,2013,,,,,,,,,,,,,,,
GA,13,Chattooga,13055,2014,,,,,,,,,,,,,,,
GA,13,Chattooga,13055,2015,,,,,,,,,,,,,,,
GA,13,Chattooga,13055,2016,,,,,,,,,,,,,,,
GA,13,Chattooga,13055,2017,,,,,,,,,,,,,,,
GA,13,Chattooga,13055,2018,,,,,,,,,,,,,,,
GA,13,Chattooga,13055,2019,,,,,,,,,,,,,,,
GA,13,Chattooga,13055,2020,,,,,,,,,,,,,,,
GA,13,Chattooga,13055,2021,,,,,,,,,,,,,,,
GA,13,Chattooga,13055,2022,,,,,,,,,,,,,,,
GA,13,Cherokee,13057,2000,,,,,,,,,,,,,,,
GA,13,Cherokee,13057,2001,,,,,,,,,,,,,,,
GA,13,Cherokee,13057,2002,,5265433460.0,,4828806793.0,,,,,,,,,,,
GA,13,Cherokee,13057,2003,,,,,,,,,,,,,,,
GA,13,Cherokee,13057,2004,,,,,,,,,,,,,,,
GA,13,Cherokee,13057,2005,,,,,,,,,,,,,,,
GA,13,Cherokee,13057,2006,,,,,,,,,,,,,,,
GA,13,Cherokee,13057,2007,,,,,,,,,,,,,,,
GA,13,Cherokee,13057,2008,,,,,,,,,,,,,,,
GA,13,Cherokee,13057,2009,,,,,,,,,,,,,,,
GA,13,Cherokee,13057,2010,,,,,,,,,,,,,,,
GA,13,Cherokee,13057,2011,,,,,,,,,,,,,,,
GA,13,Cherokee,13057,2012,,,,,,,,,,,,,,,
GA,13,Cherokee,13057,2013,,,,,,,,,,,,,,,
GA,13,Cherokee,13057,2014,,,,,,,,,,,,,,,
GA,13,Cherokee,13057,2015,,,,,,,,,,,,,,,
GA,13,Cherokee,13057,2016,,,,,,,,,,,,,,,
GA,13,Cherokee,13057,2017,,,,,,,,,,,,,,,
GA,13,Cherokee,13057,2018,,,,,,,,,,,,,,,
GA,13,Cherokee,13057,2019,,,,,,,,,,,,,,,
GA,13,Cherokee,13057,2020,,,,,,,,,,,,,,,
GA,13,Cherokee,13057,2021,,,,,,,,,,,,,,,
GA,13,Cherokee,13057,2022,,,,,,,,,,,,,,,
GA,13,Clarke,13059,2000,,,,,,,,,,,,,,,
GA,13,Clarke,13059,2001,,,,,,,,,,,,,,,
GA,13,Clarke,13059,2002,,2483113662.0,,2244098891.0,,,,,,,,,,,
GA,13,Clarke,13059,2003,,,,,,,,,,,,,,,
GA,13,Clarke,13059,2004,,,,,,,,,,,,,,,
GA,13,Clarke,13059,2005,,,,,,,,,,,,,,,
GA,13,Clarke,13059,2006,,,,,,,,,,,,,,,
GA,13,Clarke,13059,2007,,,,,,,,,,,,,,,
GA,13,Clarke,13059,2008,,,,,,,,,,,,,,,
GA,13,Clarke,13059,2009,,,,,,,,,,,,,,,
GA,13,Clarke,13059,2010,,,,,,,,,,,,,,,
GA,13,Clarke,13059,2011,,,,,,,,,,,,,,,
GA,13,Clarke,13059,2012,,,,,,,,,,,,,,,
GA,13,Clarke,13059,2013,,,,,,,,,,,,,,,
GA,13,Clarke,13059,2014,,,,,,,,,,,,,,,
GA,13,Clarke,13059,2015,,,,,,,,,,,,,,,
GA,13,Clarke,13059,2016,,,,,,,,,,,,,,,
GA,13,Clarke,13059,2017,,,,,,,,,,,,,,,
GA,13,Clarke,13059,2018,,,,,,,,,,,,,,,
GA,13,Clarke,13059,2019,,,,,,,,,,,,,,,
GA,13,Clarke,13059,2020,,,,,,,,,,,,,,,
GA,13,Clarke,13059,2021,,,,,,,,,,,,,,,
GA,13,Clarke,13059,2022,,,,,,,,,,,,,,,
GA,13,Clay,13061,2000,,,,,,,,,,,,,,,
GA,13,Clay,13061,2001,,,,,,,,,,,,,,,
GA,13,Clay,13061,2002,,67964171.0,,62203386.0,,,,,,,,,,,
GA,13,Clay,13061,2003,,,,,,,,,,,,,,,
GA,13,Clay,13061,2004,,,,,,,,,,,,,,,
GA,13,Clay,13061,2005,,,,,,,,,,,,,,,
GA,13,Clay,13061,2006,,,,,,,,,,,,,,,
GA,13,Clay,13061,2007,,,,,,,,,,,,,,,
GA,13,Clay,13061,2008,,,,,,,,,,,,,,,
GA,13,Clay,13061,2009,,,,,,,,,,,,,,,
GA,13,Clay,13061,2010,,,,,,,,,,,,,,,
GA,13,Clay,13061,2011,,,,,,,,,,,,,,,
GA,13,Clay,13061,2012,,,,,,,,,,,,,,,
GA,13,Clay,13061,2013,,,,,,,,,,,,,,,
GA,13,Clay,13061,2014,,,,,,,,,,,,,,,
GA,13,Clay,13061,2015,,,,,,,,,,,,,,,
GA,13,Clay,13061,2016,,,,,,,,,,,,,,,
GA,13,Clay,13061,2017,,,,,,,,,,,,,,,
GA,13,Clay,13061,2018,,,,,,,,,,,,,,,
GA,13,Clay,13061,2019,,,,,,,,,,,,,,,
GA,13,Clay,13061,2020,,,,,,,,,,,,,,,
GA,13,Clay,13061,2021,,,,,,,,,,,,,,,
GA,13,Clay,13061,2022,,,,,,,,,,,,,,,
GA,13,Clayton,13063,2000,,,,,,,,,,,,,,,
GA,13,Clayton,13063,2001,,,,,,,,,,,,,,,
GA,13,Clayton,13063,2002,,7134364086.0,,6446531961.0,,,,,,,,,,,
GA,13,Clayton,13063,2003,,,,,,,,,,,,,,,
GA,13,Clayton,13063,2004,,,,,,,,,,,,,,,
GA,13,Clayton,13063,2005,,,,,,,,,,,,,,,
GA,13,Clayton,13063,2006,,,,,,,,,,,,,,,
GA,13,Clayton,13063,2007,,,,,,,,,,,,,,,
GA,13,Clayton,13063,2008,,,,,,,,,,,,,,,
GA,13,Clayton,13063,2009,,,,,,,,,,,,,,,
GA,13,Clayton,13063,2010,,,,,,,,,,,,,,,
GA,13,Clayton,13063,2011,,,,,,,,,,,,,,,
GA,13,Clayton,13063,2012,,,,,,,,,,,,,,,
GA,13,Clayton,13063,2013,,,,,,,,,,,,,,,
GA,13,Clayton,13063,2014,,,,,,,,,,,,,,,
GA,13,Clayton,13063,2015,,,,,,,,,,,,,,,
GA,13,Clayton,13063,2016,,,,,,,,,,,,,,,
GA,13,Clayton,13063,2017,,,,,,,,,,,,,,,
GA,13,Clayton,13063,2018,,,,,,,,,,,,,,,
GA,13,Clayton,13063,2019,,,,,,,,,,,,,,,
GA,13,Clayton,13063,2020,,,,,,,,,,,,,,,
GA,13,Clayton,13063,2021,,,,,,,,,,,,,,,
GA,13,Clayton,13063,2022,,,,,,,,,,,,,,,
GA,13,Clinch,13065,2000,,,,,,,,,,,,,,,
GA,13,Clinch,13065,2001,,,,,,,,,,,,,,,
GA,13,Clinch,13065,2002,,161208221.0,,151856657.0,,,,,,,,,,,
GA,13,Clinch,13065,2003,,,,,,,,,,,,,,,
GA,13,Clinch,13065,2004,,,,,,,,,,,,,,,
GA,13,Clinch,13065,2005,,,,,,,,,,,,,,,
GA,13,Clinch,13065,2006,,,,,,,,,,,,,,,
GA,13,Clinch,13065,2007,,,,,,,,,,,,,,,
GA,13,Clinch,13065,2008,,,,,,,,,,,,,,,
GA,13,Clinch,13065,2009,,,,,,,,,,,,,,,
GA,13,Clinch,13065,2010,,,,,,,,,,,,,,,
GA,13,Clinch,13065,2011,,,,,,,,,,,,,,,
GA,13,Clinch,13065,2012,,,,,,,,,,,,,,,
GA,13,Clinch,13065,2013,,,,,,,,,,,,,,,
GA,13,Clinch,13065,2014,,,,,,,,,,,,,,,
GA,13,Clinch,13065,2015,,,,,,,,,,,,,,,
GA,13,Clinch,13065,2016,,,,,,,,,,,,,,,
GA,13,Clinch,13065,2017,,,,,,,,,,,,,,,
GA,13,Clinch,13065,2018,,,,,,,,,,,,,,,
GA,13,Clinch,13065,2019,,,,,,,,,,,,,,,
GA,13,Clinch,13065,2020,,,,,,,,,,,,,,,
GA,13,Clinch,13065,2021,,,,,,,,,,,,,,,
GA,13,Clinch,13065,2022,,,,,,,,,,,,,,,
GA,13,Cobb,13067,2000,,,,,,,,,,,,,,,
GA,13,Cobb,13067,2001,,,,,,,,,,,,,,,
GA,13,Cobb,13067,2002,,23714500523.0,,19776500981.0,,,,,,,,,,,
GA,13,Cobb,13067,2003,,,,,,,,,,,,,,,
GA,13,Cobb,13067,2004,,,,,,,,,,,,,,,
GA,13,Cobb,13067,2005,,,,,,,,,,,,,,,
GA,13,Cobb,13067,2006,,,,,,,,,,,,,,,
GA,13,Cobb,13067,2007,,,,,,,,,,,,,,,
GA,13,Cobb,13067,2008,,,,,,,,,,,,,,,
GA,13,Cobb,13067,2009,,,,,,,,,,,,,,,
GA,13,Cobb,13067,2010,,,,,,,,,,,,,,,
GA,13,Cobb,13067,2011,,,,,,,,,,,,,,,
GA,13,Cobb,13067,2012,,,,,,,,,,,,,,,
GA,13,Cobb,13067,2013,,,,,,,,,,,,,,,
GA,13,Cobb,13067,2014,,,,,,,,,,,,,,,
GA,13,Cobb,13067,2015,,,,,,,,,,,,,,,
GA,13,Cobb,13067,2016,,,,,,,,,,,,,,,
GA,13,Cobb,13067,2017,,,,,,,,,,,,,,,
GA,13,Cobb,13067,2018,,,,,,,,,,,,,,,
GA,13,Cobb,13067,2019,,,,,,,,,,,,,,,
GA,13,Cobb,13067,2020,,,,,,,,,,,,,,,
GA,13,Cobb,13067,2021,,,,,,,,,,,,,,,
GA,13,Cobb,13067,2022,,,,,,,,,,,,,,,
GA,13,Coffee,13069,2000,,,,,,,,,,,,,,,
GA,13,Coffee,13069,2001,,,,,,,,,,,,,,,
GA,13,Coffee,13069,2002,,737146261.0,,664941295.0,,,,,,,,,,,
GA,13,Coffee,13069,2003,,,,,,,,,,,,,,,
GA,13,Coffee,13069,2004,,,,,,,,,,,,,,,
GA,13,Coffee,13069,2005,,,,,,,,,,,,,,,
GA,13,Coffee,13069,2006,,,,,,,,,,,,,,,
GA,13,Coffee,13069,2007,,,,,,,,,,,,,,,
GA,13,Coffee,13069,2008,,,,,,,,,,,,,,,
GA,13,Coffee,13069,2009,,,,,,,,,,,,,,,
GA,13,Coffee,13069,2010,,,,,,,,,,,,,,,
GA,13,Coffee,13069,2011,,,,,,,,,,,,,,,
GA,13,Coffee,13069,2012,,,,,,,,,,,,,,,
GA,13,Coffee,13069,2013,,,,,,,,,,,,,,,
GA,13,Coffee,13069,2014,,,,,,,,,,,,,,,
GA,13,Coffee,13069,2015,,,,,,,,,,,,,,,
GA,13,Coffee,13069,2016,,,,,,,,,,,,,,,
GA,13,Coffee,13069,2017,,,,,,,,,,,,,,,
GA,13,Coffee,13069,2018,,,,,,,,,,,,,,,
GA,13,Coffee,13069,2019,,,,,,,,,,,,,,,
GA,13,Coffee,13069,2020,,,,,,,,,,,,,,,
GA,13,Coffee,13069,2021,,,,,,,,,,,,,,,
GA,13,Coffee,13069,2022,,,,,,,,,,,,,,,
GA,13,Colquitt,13071,2000,,,,,,,,,,,,,,,
GA,13,Colquitt,13071,2001,,,,,,,,,,,,,,,
GA,13,Colquitt,13071,2002,,650237388.0,,604756910.0,,,,,,,,,,,
GA,13,Colquitt,13071,2003,,,,,,,,,,,,,,,
GA,13,Colquitt,13071,2004,,,,,,,,,,,,,,,
GA,13,Colquitt,13071,2005,,,,,,,,,,,,,,,
GA,13,Colquitt,13071,2006,,,,,,,,,,,,,,,
GA,13,Colquitt,13071,2007,,,,,,,,,,,,,,,
GA,13,Colquitt,13071,2008,,,,,,,,,,,,,,,
GA,13,Colquitt,13071,2009,,,,,,,,,,,,,,,
GA,13,Colquitt,13071,2010,,,,,,,,,,,,,,,
GA,13,Colquitt,13071,2011,,,,,,,,,,,,,,,
GA,13,Colquitt,13071,2012,,,,,,,,,,,,,,,
GA,13,Colquitt,13071,2013,,,,,,,,,,,,,,,
GA,13,Colquitt,13071,2014,,,,,,,,,,,,,,,
GA,13,Colquitt,13071,2015,,,,,,,,,,,,,,,
GA,13,Colquitt,13071,2016,,,,,,,,,,,,,,,
GA,13,Colquitt,13071,2017,,,,,,,,,,,,,,,
GA,13,Colquitt,13071,2018,,,,,,,,,,,,,,,
GA,13,Colquitt,13071,2019,,,,,,,,,,,,,,,
GA,13,Colquitt,13071,2020,,,,,,,,,,,,,,,
GA,13,Colquitt,13071,2021,,,,,,,,,,,,,,,
GA,13,Colquitt,13071,2022,,,,,,,,,,,,,,,
GA,13,Columbia,13073,2000,,,,,,,,,,,,,,,
GA,13,Columbia,13073,2001,,,,,,,,,,,,,,,
GA,13,Columbia,13073,2002,,2479718898.0,,2232346900.0,,,,,,,,,,,
GA,13,Columbia,13073,2003,,,,,,,,,,,,,,,
GA,13,Columbia,13073,2004,,,,,,,,,,,,,,,
GA,13,Columbia,13073,2005,,,,,,,,,,,,,,,
GA,13,Columbia,13073,2006,,,,,,,,,,,,,,,
GA,13,Columbia,13073,2007,,,,,,,,,,,,,,,
GA,13,Columbia,13073,2008,,,,,,,,,,,,,,,
GA,13,Columbia,13073,2009,,,,,,,,,,,,,,,
GA,13,Columbia,13073,2010,,,,,,,,,,,,,,,
GA,13,Columbia,13073,2011,,,,,,,,,,,,,,,
GA,13,Columbia,13073,2012,,,,,,,,,,,,,,,
GA,13,Columbia,13073,2013,,,,,,,,,,,,,,,
GA,13,Columbia,13073,2014,,,,,,,,,,,,,,,
GA,13,Columbia,13073,2015,,,,,,,,,,,,,,,
GA,13,Columbia,13073,2016,,,,,,,,,,,,,,,
GA,13,Columbia,13073,2017,,,,,,,,,,,,,,,
GA,13,Columbia,13073,2018,,,,,,,,,,,,,,,
GA,13,Columbia,13073,2019,,,,,,,,,,,,,,,
GA,13,Columbia,13073,2020,,,,,,,,,,,,,,,
GA,13,Columbia,13073,2021,,,,,,,,,,,,,,,
GA,13,Columbia,13073,2022,,,,,,,,,,,,,,,
GA,13,Cook,13075,2000,,,,,,,,,,,,,,,
GA,13,Cook,13075,2001,,,,,,,,,,,,,,,
GA,13,Cook,13075,2002,,338298491.0,,294357524.0,,,,,,,,,,,
GA,13,Cook,13075,2003,,,,,,,,,,,,,,,
GA,13,Cook,13075,2004,,,,,,,,,,,,,,,
GA,13,Cook,13075,2005,,,,,,,,,,,,,,,
GA,13,Cook,13075,2006,,,,,,,,,,,,,,,
GA,13,Cook,13075,2007,,,,,,,,,,,,,,,
GA,13,Cook,13075,2008,,,,,,,,,,,,,,,
GA,13,Cook,13075,2009,,,,,,,,,,,,,,,
GA,13,Cook,13075,2010,,,,,,,,,,,,,,,
GA,13,Cook,13075,2011,,,,,,,,,,,,,,,
GA,13,Cook,13075,2012,,,,,,,,,,,,,,,
GA,13,Cook,13075,2013,,,,,,,,,,,,,,,
GA,13,Cook,13075,2014,,,,,,,,,,,,,,,
GA,13,Cook,13075,2015,,,,,,,,,,,,,,,
GA,13,Cook,13075,2016,,,,,,,,,,,,,,,
GA,13,Cook,13075,2017,,,,,,,,,,,,,,,
GA,13,Cook,13075,2018,,,,,,,,,,,,,,,
GA,13,Cook,13075,2019,,,,,,,,,,,,,,,
GA,13,Cook,13075,2020,,,,,,,,,,,,,,,
GA,13,Cook,13075,2021,,,,,,,,,,,,,,,
GA,13,Cook,13075,2022,,,,,,,,,,,,,,,
GA,13,Coweta,13077,2000,,,,,,,,,,,,,,,
GA,13,Coweta,13077,2001,,,,,,,,,,,,,,,
GA,13,Coweta,13077,2002,,2901611504.0,,2613693769.0,,,,,,,,,,,
GA,13,Coweta,13077,2003,,,,,,,,,,,,,,,
GA,13,Coweta,13077,2004,,,,,,,,,,,,,,,
GA,13,Coweta,13077,2005,,,,,,,,,,,,,,,
GA,13,Coweta,13077,2006,,,,,,,,,,,,,,,
GA,13,Coweta,13077,2007,,,,,,,,,,,,,,,
GA,13,Coweta,13077,2008,,,,,,,,,,,,,,,
GA,13,Coweta,13077,2009,,,,,,,,,,,,,,,
GA,13,Coweta,13077,2010,,,,,,,,,,,,,,,
GA,13,Coweta,13077,2011,,,,,,,,,,,,,,,
GA,13,Coweta,13077,2012,,,,,,,,,,,,,,,
GA,13,Coweta,13077,2013,,,,,,,,,,,,,,,
GA,13,Coweta,13077,2014,,,,,,,,,,,,,,,
GA,13,Coweta,13077,2015,,,,,,,,,,,,,,,
GA,13,Coweta,13077,2016,,,,,,,,,,,,,,,
GA,13,Coweta,13077,2017,,,,,,,,,,,,,,,
GA,13,Coweta,13077,2018,,,,,,,,,,,,,,,
GA,13,Coweta,13077,2019,,,,,,,,,,,,,,,
GA,13,Coweta,13077,2020,,,,,,,,,,,,,,,
GA,13,Coweta,13077,2021,,,,,,,,,,,,,,,
GA,13,Coweta,13077,2022,,,,,,,,,,,,,,,
GA,13,Crawford,13079,2000,,,,,,,,,,,,,,,
GA,13,Crawford,13079,2001,,,,,,,,,,,,,,,
GA,13,Crawford,13079,2002,,225780733.0,,211716861.0,,,,,,,,,,,
GA,13,Crawford,13079,2003,,,,,,,,,,,,,,,
GA,13,Crawford,13079,2004,,,,,,,,,,,,,,,
GA,13,Crawford,13079,2005,,,,,,,,,,,,,,,
GA,13,Crawford,13079,2006,,,,,,,,,,,,,,,
GA,13,Crawford,13079,2007,,,,,,,,,,,,,,,
GA,13,Crawford,13079,2008,,,,,,,,,,,,,,,
GA,13,Crawford,13079,2009,,,,,,,,,,,,,,,
GA,13,Crawford,13079,2010,,,,,,,,,,,,,,,
GA,13,Crawford,13079,2011,,,,,,,,,,,,,,,
GA,13,Crawford,13079,2012,,,,,,,,,,,,,,,
GA,13,Crawford,13079,2013,,,,,,,,,,,,,,,
GA,13,Crawford,13079,2014,,,,,,,,,,,,,,,
GA,13,Crawford,13079,2015,,,,,,,,,,,,,,,
GA,13,Crawford,13079,2016,,,,,,,,,,,,,,,
GA,13,Crawford,13079,2017,,,,,,,,,,,,,,,
GA,13,Crawford,13079,2018,,,,,,,,,,,,,,,
GA,13,Crawford,13079,2019,,,,,,,,,,,,,,,
GA,13,Crawford,13079,2020,,,,,,,,,,,,,,,
GA,13,Crawford,13079,2021,,,,,,,,,,,,,,,
GA,13,Crawford,13079,2022,,,,,,,,,,,,,,,
GA,13,Crisp,13081,2000,,,,,,,,,,,,,,,
GA,13,Crisp,13081,2001,,,,,,,,,,,,,,,
GA,13,Crisp,13081,2002,,410445745.0,,364928903.0,,,,,,,,,,,
GA,13,Crisp,13081,2003,,,,,,,,,,,,,,,
GA,13,Crisp,13081,2004,,,,,,,,,,,,,,,
GA,13,Crisp,13081,2005,,,,,,,,,,,,,,,
GA,13,Crisp,13081,2006,,,,,,,,,,,,,,,
GA,13,Crisp,13081,2007,,,,,,,,,,,,,,,
GA,13,Crisp,13081,2008,,,,,,,,,,,,,,,
GA,13,Crisp,13081,2009,,,,,,,,,,,,,,,
GA,13,Crisp,13081,2010,,,,,,,,,,,,,,,
GA,13,Crisp,13081,2011,,,,,,,,,,,,,,,
GA,13,Crisp,13081,2012,,,,,,,,,,,,,,,
GA,13,Crisp,13081,2013,,,,,,,,,,,,,,,
GA,13,Crisp,13081,2014,,,,,,,,,,,,,,,
GA,13,Crisp,13081,2015,,,,,,,,,,,,,,,
GA,13,Crisp,13081,2016,,,,,,,,,,,,,,,
GA,13,Crisp,13081,2017,,,,,,,,,,,,,,,
GA,13,Crisp,13081,2018,,,,,,,,,,,,,,,
GA,13,Crisp,13081,2019,,,,,,,,,,,,,,,
GA,13,Crisp,13081,2020,,,,,,,,,,,,,,,
GA,13,Crisp,13081,2021,,,,,,,,,,,,,,,
GA,13,Crisp,13081,2022,,,,,,,,,,,,,,,
GA,13,Dade,13083,2000,,,,,,,,,,,,,,,
GA,13,Dade,13083,2001,,,,,,,,,,,,,,,
GA,13,Dade,13083,2002,,274634245.0,,258863531.0,,,,,,,,,,,
GA,13,Dade,13083,2003,,,,,,,,,,,,,,,
GA,13,Dade,13083,2004,,,,,,,,,,,,,,,
GA,13,Dade,13083,2005,,,,,,,,,,,,,,,
GA,13,Dade,13083,2006,,,,,,,,,,,,,,,
GA,13,Dade,13083,2007,,,,,,,,,,,,,,,
GA,13,Dade,13083,2008,,,,,,,,,,,,,,,
GA,13,Dade,13083,2009,,,,,,,,,,,,,,,
GA,13,Dade,13083,2010,,,,,,,,,,,,,,,
GA,13,Dade,13083,2011,,,,,,,,,,,,,,,
GA,13,Dade,13083,2012,,,,,,,,,,,,,,,
GA,13,Dade,13083,2013,,,,,,,,,,,,,,,
GA,13,Dade,13083,2014,,,,,,,,,,,,,,,
GA,13,Dade,13083,2015,,,,,,,,,,,,,,,
GA,13,Dade,13083,2016,,,,,,,,,,,,,,,
GA,13,Dade,13083,2017,,,,,,,,,,,,,,,
GA,13,Dade,13083,2018,,,,,,,,,,,,,,,
GA,13,Dade,13083,2019,,,,,,,,,,,,,,,
GA,13,Dade,13083,2020,,,,,,,,,,,,,,,
GA,13,Dade,13083,2021,,,,,,,,,,,,,,,
GA,13,Dade,13083,2022,,,,,,,,,,,,,,,
GA,13,Dawson,13085,2000,,,,,,,,,,,,,,,
GA,13,Dawson,13085,2001,,,,,,,,,,,,,,,
GA,13,Dawson,13085,2002,,885624040.0,,830848663.0,,,,,,,,,,,
GA,13,Dawson,13085,2003,,,,,,,,,,,,,,,
GA,13,Dawson,13085,2004,,,,,,,,,,,,,,,
GA,13,Dawson,13085,2005,,,,,,,,,,,,,,,
GA,13,Dawson,13085,2006,,,,,,,,,,,,,,,
GA,13,Dawson,13085,2007,,,,,,,,,,,,,,,
GA,13,Dawson,13085,2008,,,,,,,,,,,,,,,
GA,13,Dawson,13085,2009,,,,,,,,,,,,,,,
GA,13,Dawson,13085,2010,,,,,,,,,,,,,,,
GA,13,Dawson,13085,2011,,,,,,,,,,,,,,,
GA,13,Dawson,13085,2012,,,,,,,,,,,,,,,
GA,13,Dawson,13085,2013,,,,,,,,,,,,,,,
GA,13,Dawson,13085,2014,,,,,,,,,,,,,,,
GA,13,Dawson,13085,2015,,,,,,,,,,,,,,,
GA,13,Dawson,13085,2016,,,,,,,,,,,,,,,
GA,13,Dawson,13085,2017,,,,,,,,,,,,,,,
GA,13,Dawson,13085,2018,,,,,,,,,,,,,,,
GA,13,Dawson,13085,2019,,,,,,,,,,,,,,,
GA,13,Dawson,13085,2020,,,,,,,,,,,,,,,
GA,13,Dawson,13085,2021,,,,,,,,,,,,,,,
GA,13,Dawson,13085,2022,,,,,,,,,,,,,,,
GA,13,Decatur,13087,2000,,,,,,,,,,,,,,,
GA,13,Decatur,13087,2001,,,,,,,,,,,,,,,
GA,13,Decatur,13087,2002,,696848134.0,,618619453.0,,,,,,,,,,,
GA,13,Decatur,13087,2003,,,,,,,,,,,,,,,
GA,13,Decatur,13087,2004,,,,,,,,,,,,,,,
GA,13,Decatur,13087,2005,,,,,,,,,,,,,,,
GA,13,Decatur,13087,2006,,,,,,,,,,,,,,,
GA,13,Decatur,13087,2007,,,,,,,,,,,,,,,
GA,13,Decatur,13087,2008,,,,,,,,,,,,,,,
GA,13,Decatur,13087,2009,,,,,,,,,,,,,,,
GA,13,Decatur,13087,2010,,,,,,,,,,,,,,,
GA,13,Decatur,13087,2011,,,,,,,,,,,,,,,
GA,13,Decatur,13087,2012,,,,,,,,,,,,,,,
GA,13,Decatur,13087,2013,,,,,,,,,,,,,,,
GA,13,Decatur,13087,2014,,,,,,,,,,,,,,,
GA,13,Decatur,13087,2015,,,,,,,,,,,,,,,
GA,13,Decatur,13087,2016,,,,,,,,,,,,,,,
GA,13,Decatur,13087,2017,,,,,,,,,,,,,,,
GA,13,Decatur,13087,2018,,,,,,,,,,,,,,,
GA,13,Decatur,13087,2019,,,,,,,,,,,,,,,
GA,13,Decatur,13087,2020,,,,,,,,,,,,,,,
GA,13,Decatur,13087,2021,,,,,,,,,,,,,,,
GA,13,Decatur,13087,2022,,,,,,,,,,,,,,,
GA,13,DeKalb,13089,2000,,,,,,,,,,,,,,,
GA,13,DeKalb,13089,2001,,,,,,,,,,,,,,,
GA,13,DeKalb,13089,2002,,20759881216.0,,18672951929.0,,,,,,,,,,,
GA,13,DeKalb,13089,2003,,,,,,,,,,,,,,,
GA,13,DeKalb,13089,2004,,,,,,,,,,,,,,,
GA,13,DeKalb,13089,2005,,,,,,,,,,,,,,,
GA,13,DeKalb,13089,2006,,,,,,,,,,,,,,,
GA,13,DeKalb,13089,2007,,,,,,,,,,,,,,,
GA,13,DeKalb,13089,2008,,,,,,,,,,,,,,,
GA,13,DeKalb,13089,2009,,,,,,,,,,,,,,,
GA,13,DeKalb,13089,2010,,,,,,,,,,,,,,,
GA,13,DeKalb,13089,2011,,,,,,,,,,,,,,,
GA,13,DeKalb,13089,2012,,,,,,,,,,,,,,,
GA,13,DeKalb,13089,2013,,,,,,,,,,,,,,,
GA,13,DeKalb,13089,2014,,,,,,,,,,,,,,,
GA,13,DeKalb,13089,2015,,,,,,,,,,,,,,,
GA,13,DeKalb,13089,2016,,,,,,,,,,,,,,,
GA,13,DeKalb,13089,2017,,,,,,,,,,,,,,,
GA,13,DeKalb,13089,2018,,,,,,,,,,,,,,,
GA,13,DeKalb,13089,2019,,,,,,,,,,,,,,,
GA,13,DeKalb,13089,2020,,,,,,,,,,,,,,,
GA,13,DeKalb,13089,2021,,,,,,,,,,,,,,,
GA,13,DeKalb,13089,2022,,,,,,,,,,,,,,,
GA,13,Dodge,13091,2000,,,,,,,,,,,,,,,
GA,13,Dodge,13091,2001,,,,,,,,,,,,,,,
GA,13,Dodge,13091,2002,,323687406.0,,290617290.0,,,,,,,,,,,
GA,13,Dodge,13091,2003,,,,,,,,,,,,,,,
GA,13,Dodge,13091,2004,,,,,,,,,,,,,,,
GA,13,Dodge,13091,2005,,,,,,,,,,,,,,,
GA,13,Dodge,13091,2006,,,,,,,,,,,,,,,
GA,13,Dodge,13091,2007,,,,,,,,,,,,,,,
GA,13,Dodge,13091,2008,,,,,,,,,,,,,,,
GA,13,Dodge,13091,2009,,,,,,,,,,,,,,,
GA,13,Dodge,13091,2010,,,,,,,,,,,,,,,
GA,13,Dodge,13091,2011,,,,,,,,,,,,,,,
GA,13,Dodge,13091,2012,,,,,,,,,,,,,,,
GA,13,Dodge,13091,2013,,,,,,,,,,,,,,,
GA,13,Dodge,13091,2014,,,,,,,,,,,,,,,
GA,13,Dodge,13091,2015,,,,,,,,,,,,,,,
GA,13,Dodge,13091,2016,,,,,,,,,,,,,,,
GA,13,Dodge,13091,2017,,,,,,,,,,,,,,,
GA,13,Dodge,13091,2018,,,,,,,,,,,,,,,
GA,13,Dodge,13091,2019,,,,,,,,,,,,,,,
GA,13,Dodge,13091,2020,,,,,,,,,,,,,,,
GA,13,Dodge,13091,2021,,,,,,,,,,,,,,,
GA,13,Dodge,13091,2022,,,,,,,,,,,,,,,
GA,13,Dooly,13093,2000,,,,,,,,,,,,,,,
GA,13,Dooly,13093,2001,,,,,,,,,,,,,,,
GA,13,Dooly,13093,2002,,259261945.0,,219884390.0,,,,,,,,,,,
GA,13,Dooly,13093,2003,,,,,,,,,,,,,,,
GA,13,Dooly,13093,2004,,,,,,,,,,,,,,,
GA,13,Dooly,13093,2005,,,,,,,,,,,,,,,
GA,13,Dooly,13093,2006,,,,,,,,,,,,,,,
GA,13,Dooly,13093,2007,,,,,,,,,,,,,,,
GA,13,Dooly,13093,2008,,,,,,,,,,,,,,,
GA,13,Dooly,13093,2009,,,,,,,,,,,,,,,
GA,13,Dooly,13093,2010,,,,,,,,,,,,,,,
GA,13,Dooly,13093,2011,,,,,,,,,,,,,,,
GA,13,Dooly,13093,2012,,,,,,,,,,,,,,,
GA,13,Dooly,13093,2013,,,,,,,,,,,,,,,
GA,13,Dooly,13093,2014,,,,,,,,,,,,,,,
GA,13,Dooly,13093,2015,,,,,,,,,,,,,,,
GA,13,Dooly,13093,2016,,,,,,,,,,,,,,,
GA,13,Dooly,13093,2017,,,,,,,,,,,,,,,
GA,13,Dooly,13093,2018,,,,,,,,,,,,,,,
GA,13,Dooly,13093,2019,,,,,,,,,,,,,,,
GA,13,Dooly,13093,2020,,,,,,,,,,,,,,,
GA,13,Dooly,13093,2021,,,,,,,,,,,,,,,
GA,13,Dooly,13093,2022,,,,,,,,,,,,,,,
GA,13,Dougherty,13095,2000,,,,,,,,,,,,,,,
GA,13,Dougherty,13095,2001,,,,,,,,,,,,,,,
GA,13,Dougherty,13095,2002,,2082947524.0,,1903225632.0,,,,,,,,,,,
GA,13,Dougherty,13095,2003,,,,,,,,,,,,,,,
GA,13,Dougherty,13095,2004,,,,,,,,,,,,,,,
GA,13,Dougherty,13095,2005,,,,,,,,,,,,,,,
GA,13,Dougherty,13095,2006,,,,,,,,,,,,,,,
GA,13,Dougherty,13095,2007,,,,,,,,,,,,,,,
GA,13,Dougherty,13095,2008,,,,,,,,,,,,,,,
GA,13,Dougherty,13095,2009,,,,,,,,,,,,,,,
GA,13,Dougherty,13095,2010,,,,,,,,,,,,,,,
GA,13,Dougherty,13095,2011,,,,,,,,,,,,,,,
GA,13,Dougherty,13095,2012,,,,,,,,,,,,,,,
GA,13,Dougherty,13095,2013,,,,,,,,,,,,,,,
GA,13,Dougherty,13095,2014,,,,,,,,,,,,,,,
GA,13,Dougherty,13095,2015,,,,,,,,,,,,,,,
GA,13,Dougherty,13095,2016,,,,,,,,,,,,,,,
GA,13,Dougherty,13095,2017,,,,,,,,,,,,,,,
GA,13,Dougherty,13095,2018,,,,,,,,,,,,,,,
GA,13,Dougherty,13095,2019,,,,,,,,,,,,,,,
GA,13,Dougherty,13095,2020,,,,,,,,,,,,,,,
GA,13,Dougherty,13095,2021,,,,,,,,,,,,,,,
GA,13,Dougherty,13095,2022,,,,,,,,,,,,,,,
GA,13,Douglas,13097,2000,,,,,,,,,,,,,,,
GA,13,Douglas,13097,2001,,,,,,,,,,,,,,,
GA,13,Douglas,13097,2002,,2997303459.0,,2781000092.0,,,,,,,,,,,
GA,13,Douglas,13097,2003,,,,,,,,,,,,,,,
GA,13,Douglas,13097,2004,,,,,,,,,,,,,,,
GA,13,Douglas,13097,2005,,,,,,,,,,,,,,,
GA,13,Douglas,13097,2006,,,,,,,,,,,,,,,
GA,13,Douglas,13097,2007,,,,,,,,,,,,,,,
GA,13,Douglas,13097,2008,,,,,,,,,,,,,,,
GA,13,Douglas,13097,2009,,,,,,,,,,,,,,,
GA,13,Douglas,13097,2010,,,,,,,,,,,,,,,
GA,13,Douglas,13097,2011,,,,,,,,,,,,,,,
GA,13,Douglas,13097,2012,,,,,,,,,,,,,,,
GA,13,Douglas,13097,2013,,,,,,,,,,,,,,,
GA,13,Douglas,13097,2014,,,,,,,,,,,,,,,
GA,13,Douglas,13097,2015,,,,,,,,,,,,,,,
GA,13,Douglas,13097,2016,,,,,,,,,,,,,,,
GA,13,Douglas,13097,2017,,,,,,,,,,,,,,,
GA,13,Douglas,13097,2018,,,,,,,,,,,,,,,
GA,13,Douglas,13097,2019,,,,,,,,,,,,,,,
GA,13,Douglas,13097,2020,,,,,,,,,,,,,,,
GA,13,Douglas,13097,2021,,,,,,,,,,,,,,,
GA,13,Douglas,13097,2022,,,,,,,,,,,,,,,
GA,13,Early,13099,2000,,,,,,,,,,,,,,,
GA,13,Early,13099,2001,,,,,,,,,,,,,,,
GA,13,Early,13099,2002,,323223110.0,,263399612.0,,,,,,,,,,,
GA,13,Early,13099,2003,,,,,,,,,,,,,,,
GA,13,Early,13099,2004,,,,,,,,,,,,,,,
GA,13,Early,13099,2005,,,,,,,,,,,,,,,
GA,13,Early,13099,2006,,,,,,,,,,,,,,,
GA,13,Early,13099,2007,,,,,,,,,,,,,,,
GA,13,Early,13099,2008,,,,,,,,,,,,,,,
GA,13,Early,13099,2009,,,,,,,,,,,,,,,
GA,13,Early,13099,2010,,,,,,,,,,,,,,,
GA,13,Early,13099,2011,,,,,,,,,,,,,,,
GA,13,Early,13099,2012,,,,,,,,,,,,,,,
GA,13,Early,13099,2013,,,,,,,,,,,,,,,
GA,13,Early,13099,2014,,,,,,,,,,,,,,,
GA,13,Early,13099,2015,,,,,,,,,,,,,,,
GA,13,Early,13099,2016,,,,,,,,,,,,,,,
GA,13,Early,13099,2017,,,,,,,,,,,,,,,
GA,13,Early,13099,2018,,,,,,,,,,,,,,,
GA,13,Early,13099,2019,,,,,,,,,,,,,,,
GA,13,Early,13099,2020,,,,,,,,,,,,,,,
GA,13,Early,13099,2021,,,,,,,,,,,,,,,
GA,13,Early,13099,2022,,,,,,,,,,,,,,,
GA,13,Echols,13101,2000,,,,,,,,,,,,,,,
GA,13,Echols,13101,2001,,,,,,,,,,,,,,,
GA,13,Echols,13101,2002,,82022596.0,,80606636.0,,,,,,,,,,,
GA,13,Echols,13101,2003,,,,,,,,,,,,,,,
GA,13,Echols,13101,2004,,,,,,,,,,,,,,,
GA,13,Echols,13101,2005,,,,,,,,,,,,,,,
GA,13,Echols,13101,2006,,,,,,,,,,,,,,,
GA,13,Echols,13101,2007,,,,,,,,,,,,,,,
GA,13,Echols,13101,2008,,,,,,,,,,,,,,,
GA,13,Echols,13101,2009,,,,,,,,,,,,,,,
GA,13,Echols,13101,2010,,,,,,,,,,,,,,,
GA,13,Echols,13101,2011,,,,,,,,,,,,,,,
GA,13,Echols,13101,2012,,,,,,,,,,,,,,,
GA,13,Echols,13101,2013,,,,,,,,,,,,,,,
GA,13,Echols,13101,2014,,,,,,,,,,,,,,,
GA,13,Echols,13101,2015,,,,,,,,,,,,,,,
GA,13,Echols,13101,2016,,,,,,,,,,,,,,,
GA,13,Echols,13101,2017,,,,,,,,,,,,,,,
GA,13,Echols,13101,2018,,,,,,,,,,,,,,,
GA,13,Echols,13101,2019,,,,,,,,,,,,,,,
GA,13,Echols,13101,2020,,,,,,,,,,,,,,,
GA,13,Echols,13101,2021,,,,,,,,,,,,,,,
GA,13,Echols,13101,2022,,,,,,,,,,,,,,,
GA,13,Effingham,13103,2000,,,,,,,,,,,,,,,
GA,13,Effingham,13103,2001,,,,,,,,,,,,,,,
GA,13,Effingham,13103,2002,,938782851.0,,868477126.0,,,,,,,,,,,
GA,13,Effingham,13103,2003,,,,,,,,,,,,,,,
GA,13,Effingham,13103,2004,,,,,,,,,,,,,,,
GA,13,Effingham,13103,2005,,,,,,,,,,,,,,,
GA,13,Effingham,13103,2006,,,,,,,,,,,,,,,
GA,13,Effingham,13103,2007,,,,,,,,,,,,,,,
GA,13,Effingham,13103,2008,,,,,,,,,,,,,,,
GA,13,Effingham,13103,2009,,,,,,,,,,,,,,,
GA,13,Effingham,13103,2010,,,,,,,,,,,,,,,
GA,13,Effingham,13103,2011,,,,,,,,,,,,,,,
GA,13,Effingham,13103,2012,,,,,,,,,,,,,,,
GA,13,Effingham,13103,2013,,,,,,,,,,,,,,,
GA,13,Effingham,13103,2014,,,,,,,,,,,,,,,
GA,13,Effingham,13103,2015,,,,,,,,,,,,,,,
GA,13,Effingham,13103,2016,,,,,,,,,,,,,,,
GA,13,Effingham,13103,2017,,,,,,,,,,,,,,,
GA,13,Effingham,13103,2018,,,,,,,,,,,,,,,
GA,13,Effingham,13103,2019,,,,,,,,,,,,,,,
GA,13,Effingham,13103,2020,,,,,,,,,,,,,,,
GA,13,Effingham,13103,2021,,,,,,,,,,,,,,,
GA,13,Effingham,13103,2022,,,,,,,,,,,,,,,
GA,13,Elbert,13105,2000,,,,,,,,,,,,,,,
GA,13,Elbert,13105,2001,,,,,,,,,,,,,,,
GA,13,Elbert,13105,2002,,475328296.0,,406835598.0,,,,,,,,,,,
GA,13,Elbert,13105,2003,,,,,,,,,,,,,,,
GA,13,Elbert,13105,2004,,,,,,,,,,,,,,,
GA,13,Elbert,13105,2005,,,,,,,,,,,,,,,
GA,13,Elbert,13105,2006,,,,,,,,,,,,,,,
GA,13,Elbert,13105,2007,,,,,,,,,,,,,,,
GA,13,Elbert,13105,2008,,,,,,,,,,,,,,,
GA,13,Elbert,13105,2009,,,,,,,,,,,,,,,
GA,13,Elbert,13105,2010,,,,,,,,,,,,,,,
GA,13,Elbert,13105,2011,,,,,,,,,,,,,,,
GA,13,Elbert,13105,2012,,,,,,,,,,,,,,,
GA,13,Elbert,13105,2013,,,,,,,,,,,,,,,
GA,13,Elbert,13105,2014,,,,,,,,,,,,,,,
GA,13,Elbert,13105,2015,,,,,,,,,,,,,,,
GA,13,Elbert,13105,2016,,,,,,,,,,,,,,,
GA,13,Elbert,13105,2017,,,,,,,,,,,,,,,
GA,13,Elbert,13105,2018,,,,,,,,,,,,,,,
GA,13,Elbert,13105,2019,,,,,,,,,,,,,,,
GA,13,Elbert,13105,2020,,,,,,,,,,,,,,,
GA,13,Elbert,13105,2021,,,,,,,,,,,,,,,
GA,13,Elbert,13105,2022,,,,,,,,,,,,,,,
GA,13,Emanuel,13107,2000,,,,,,,,,,,,,,,
GA,13,Emanuel,13107,2001,,,,,,,,,,,,,,,
GA,13,Emanuel,13107,2002,,401658194.0,,363924381.0,,,,,,,,,,,
GA,13,Emanuel,13107,2003,,,,,,,,,,,,,,,
GA,13,Emanuel,13107,2004,,,,,,,,,,,,,,,
GA,13,Emanuel,13107,2005,,,,,,,,,,,,,,,
GA,13,Emanuel,13107,2006,,,,,,,,,,,,,,,
GA,13,Emanuel,13107,2007,,,,,,,,,,,,,,,
GA,13,Emanuel,13107,2008,,,,,,,,,,,,,,,
GA,13,Emanuel,13107,2009,,,,,,,,,,,,,,,
GA,13,Emanuel,13107,2010,,,,,,,,,,,,,,,
GA,13,Emanuel,13107,2011,,,,,,,,,,,,,,,
GA,13,Emanuel,13107,2012,,,,,,,,,,,,,,,
GA,13,Emanuel,13107,2013,,,,,,,,,,,,,,,
GA,13,Emanuel,13107,2014,,,,,,,,,,,,,,,
GA,13,Emanuel,13107,2015,,,,,,,,,,,,,,,
GA,13,Emanuel,13107,2016,,,,,,,,,,,,,,,
GA,13,Emanuel,13107,2017,,,,,,,,,,,,,,,
GA,13,Emanuel,13107,2018,,,,,,,,,,,,,,,
GA,13,Emanuel,13107,2019,,,,,,,,,,,,,,,
GA,13,Emanuel,13107,2020,,,,,,,,,,,,,,,
GA,13,Emanuel,13107,2021,,,,,,,,,,,,,,,
GA,13,Emanuel,13107,2022,,,,,,,,,,,,,,,
GA,13,Evans,13109,2000,,,,,,,,,,,,,,,
GA,13,Evans,13109,2001,,,,,,,,,,,,,,,
GA,13,Evans,13109,2002,,186290357.0,,177143654.0,,,,,,,,,,,
GA,13,Evans,13109,2003,,,,,,,,,,,,,,,
GA,13,Evans,13109,2004,,,,,,,,,,,,,,,
GA,13,Evans,13109,2005,,,,,,,,,,,,,,,
GA,13,Evans,13109,2006,,,,,,,,,,,,,,,
GA,13,Evans,13109,2007,,,,,,,,,,,,,,,
GA,13,Evans,13109,2008,,,,,,,,,,,,,,,
GA,13,Evans,13109,2009,,,,,,,,,,,,,,,
GA,13,Evans,13109,2010,,,,,,,,,,,,,,,
GA,13,Evans,13109,2011,,,,,,,,,,,,,,,
GA,13,Evans,13109,2012,,,,,,,,,,,,,,,
GA,13,Evans,13109,2013,,,,,,,,,,,,,,,
GA,13,Evans,13109,2014,,,,,,,,,,,,,,,
GA,13,Evans,13109,2015,,,,,,,,,,,,,,,
GA,13,Evans,13109,2016,,,,,,,,,,,,,,,
GA,13,Evans,13109,2017,,,,,,,,,,,,,,,
GA,13,Evans,13109,2018,,,,,,,,,,,,,,,
GA,13,Evans,13109,2019,,,,,,,,,,,,,,,
GA,13,Evans,13109,2020,,,,,,,,,,,,,,,
GA,13,Evans,13109,2021,,,,,,,,,,,,,,,
GA,13,Evans,13109,2022,,,,,,,,,,,,,,,
GA,13,Fannin,13111,2000,,,,,,,,,,,,,,,
GA,13,Fannin,13111,2001,,,,,,,,,,,,,,,
GA,13,Fannin,13111,2002,,594635814.0,,548365236.0,,,,,,,,,,,
GA,13,Fannin,13111,2003,,,,,,,,,,,,,,,
GA,13,Fannin,13111,2004,,,,,,,,,,,,,,,
GA,13,Fannin,13111,2005,,,,,,,,,,,,,,,
GA,13,Fannin,13111,2006,,,,,,,,,,,,,,,
GA,13,Fannin,13111,2007,,,,,,,,,,,,,,,
GA,13,Fannin,13111,2008,,,,,,,,,,,,,,,
GA,13,Fannin,13111,2009,,,,,,,,,,,,,,,
GA,13,Fannin,13111,2010,,,,,,,,,,,,,,,
GA,13,Fannin,13111,2011,,,,,,,,,,,,,,,
GA,13,Fannin,13111,2012,,,,,,,,,,,,,,,
GA,13,Fannin,13111,2013,,,,,,,,,,,,,,,
GA,13,Fannin,13111,2014,,,,,,,,,,,,,,,
GA,13,Fannin,13111,2015,,,,,,,,,,,,,,,
GA,13,Fannin,13111,2016,,,,,,,,,,,,,,,
GA,13,Fannin,13111,2017,,,,,,,,,,,,,,,
GA,13,Fannin,13111,2018,,,,,,,,,,,,,,,
GA,13,Fannin,13111,2019,,,,,,,,,,,,,,,
GA,13,Fannin,13111,2020,,,,,,,,,,,,,,,
GA,13,Fannin,13111,2021,,,,,,,,,,,,,,,
GA,13,Fannin,13111,2022,,,,,,,,,,,,,,,
GA,13,Fayette,13113,2000,,,,,,,,,,,,,,,
GA,13,Fayette,13113,2001,,,,,,,,,,,,,,,
GA,13,Fayette,13113,2002,,3844204427.0,,3608527139.0,,,,,,,,,,,
GA,13,Fayette,13113,2003,,,,,,,,,,,,,,,
GA,13,Fayette,13113,2004,,,,,,,,,,,,,,,
GA,13,Fayette,13113,2005,,,,,,,,,,,,,,,
GA,13,Fayette,13113,2006,,,,,,,,,,,,,,,
GA,13,Fayette,13113,2007,,,,,,,,,,,,,,,
GA,13,Fayette,13113,2008,,,,,,,,,,,,,,,
GA,13,Fayette,13113,2009,,,,,,,,,,,,,,,
GA,13,Fayette,13113,2010,,,,,,,,,,,,,,,
GA,13,Fayette,13113,2011,,,,,,,,,,,,,,,
GA,13,Fayette,13113,2012,,,,,,,,,,,,,,,
GA,13,Fayette,13113,2013,,,,,,,,,,,,,,,
GA,13,Fayette,13113,2014,,,,,,,,,,,,,,,
GA,13,Fayette,13113,2015,,,,,,,,,,,,,,,
GA,13,Fayette,13113,2016,,,,,,,,,,,,,,,
GA,13,Fayette,13113,2017,,,,,,,,,,,,,,,
GA,13,Fayette,13113,2018,,,,,,,,,,,,,,,
GA,13,Fayette,13113,2019,,,,,,,,,,,,,,,
GA,13,Fayette,13113,2020,,,,,,,,,,,,,,,
GA,13,Fayette,13113,2021,,,,,,,,,,,,,,,
GA,13,Fayette,13113,2022,,,,,,,,,,,,,,,
GA,13,Floyd,13115,2000,,,,,,,,,,,,,,,
GA,13,Floyd,13115,2001,,,,,,,,,,,,,,,
GA,13,Floyd,13115,2002,,2445583804.0,,2266407234.0,,,,,,,,,,,
GA,13,Floyd,13115,2003,,,,,,,,,,,,,,,
GA,13,Floyd,13115,2004,,,,,,,,,,,,,,,
GA,13,Floyd,13115,2005,,,,,,,,,,,,,,,
GA,13,Floyd,13115,2006,,,,,,,,,,,,,,,
GA,13,Floyd,13115,2007,,,,,,,,,,,,,,,
GA,13,Floyd,13115,2008,,,,,,,,,,,,,,,
GA,13,Floyd,13115,2009,,,,,,,,,,,,,,,
GA,13,Floyd,13115,2010,,,,,,,,,,,,,,,
GA,13,Floyd,13115,2011,,,,,,,,,,,,,,,
GA,13,Floyd,13115,2012,,,,,,,,,,,,,,,
GA,13,Floyd,13115,2013,,,,,,,,,,,,,,,
GA,13,Floyd,13115,2014,,,,,,,,,,,,,,,
GA,13,Floyd,13115,2015,,,,,,,,,,,,,,,
GA,13,Floyd,13115,2016,,,,,,,,,,,,,,,
GA,13,Floyd,13115,2017,,,,,,,,,,,,,,,
GA,13,Floyd,13115,2018,,,,,,,,,,,,,,,
GA,13,Floyd,13115,2019,,,,,,,,,,,,,,,
GA,13,Floyd,13115,2020,,,,,,,,,,,,,,,
GA,13,Floyd,13115,2021,,,,,,,,,,,,,,,
GA,13,Floyd,13115,2022,,,,,,,,,,,,,,,
GA,13,Forsyth,13117,2000,,,,,,,,,,,,,,,
GA,13,Forsyth,13117,2001,,,,,,,,,,,,,,,
GA,13,Forsyth,13117,2002,,5661337370.0,,4926866082.0,,,,,,,,,,,
GA,13,Forsyth,13117,2003,,,,,,,,,,,,,,,
GA,13,Forsyth,13117,2004,,,,,,,,,,,,,,,
GA,13,Forsyth,13117,2005,,,,,,,,,,,,,,,
GA,13,Forsyth,13117,2006,,,,,,,,,,,,,,,
GA,13,Forsyth,13117,2007,,,,,,,,,,,,,,,
GA,13,Forsyth,13117,2008,,,,,,,,,,,,,,,
GA,13,Forsyth,13117,2009,,,,,,,,,,,,,,,
GA,13,Forsyth,13117,2010,,,,,,,,,,,,,,,
GA,13,Forsyth,13117,2011,,,,,,,,,,,,,,,
GA,13,Forsyth,13117,2012,,,,,,,,,,,,,,,
GA,13,Forsyth,13117,2013,,,,,,,,,,,,,,,
GA,13,Forsyth,13117,2014,,,,,,,,,,,,,,,
GA,13,Forsyth,13117,2015,,,,,,,,,,,,,,,
GA,13,Forsyth,13117,2016,,,,,,,,,,,,,,,
GA,13,Forsyth,13117,2017,,,,,,,,,,,,,,,
GA,13,Forsyth,13117,2018,,,,,,,,,,,,,,,
GA,13,Forsyth,13117,2019,,,,,,,,,,,,,,,
GA,13,Forsyth,13117,2020,,,,,,,,,,,,,,,
GA,13,Forsyth,13117,2021,,,,,,,,,,,,,,,
GA,13,Forsyth,13117,2022,,,,,,,,,,,,,,,
GA,13,Franklin,13119,2000,,,,,,,,,,,,,,,
GA,13,Franklin,13119,2001,,,,,,,,,,,,,,,
GA,13,Franklin,13119,2002,,644280080.0,,544211141.0,,,,,,,,,,,
GA,13,Franklin,13119,2003,,,,,,,,,,,,,,,
GA,13,Franklin,13119,2004,,,,,,,,,,,,,,,
GA,13,Franklin,13119,2005,,,,,,,,,,,,,,,
GA,13,Franklin,13119,2006,,,,,,,,,,,,,,,
GA,13,Franklin,13119,2007,,,,,,,,,,,,,,,
GA,13,Franklin,13119,2008,,,,,,,,,,,,,,,
GA,13,Franklin,13119,2009,,,,,,,,,,,,,,,
GA,13,Franklin,13119,2010,,,,,,,,,,,,,,,
GA,13,Franklin,13119,2011,,,,,,,,,,,,,,,
GA,13,Franklin,13119,2012,,,,,,,,,,,,,,,
GA,13,Franklin,13119,2013,,,,,,,,,,,,,,,
GA,13,Franklin,13119,2014,,,,,,,,,,,,,,,
GA,13,Franklin,13119,2015,,,,,,,,,,,,,,,
GA,13,Franklin,13119,2016,,,,,,,,,,,,,,,
GA,13,Franklin,13119,2017,,,,,,,,,,,,,,,
GA,13,Franklin,13119,2018,,,,,,,,,,,,,,,
GA,13,Franklin,13119,2019,,,,,,,,,,,,,,,
GA,13,Franklin,13119,2020,,,,,,,,,,,,,,,
GA,13,Franklin,13119,2021,,,,,,,,,,,,,,,
GA,13,Franklin,13119,2022,,,,,,,,,,,,,,,
GA,13,Fulton,13121,2000,,,,,,,,,,,,,,,
GA,13,Fulton,13121,2001,,,,,,,,,,,,,,,
GA,13,Fulton,13121,2002,,38116234195.0,,34040098218.0,,,,,,,,,,,
GA,13,Fulton,13121,2003,,,,,,,,,,,,,,,
GA,13,Fulton,13121,2004,,,,,,,,,,,,,,,
GA,13,Fulton,13121,2005,,,,,,,,,,,,,,,
GA,13,Fulton,13121,2006,,,,,,,,,,,,,,,
GA,13,Fulton,13121,2007,,,,,,,,,,,,,,,
GA,13,Fulton,13121,2008,,,,,,,,,,,,,,,
GA,13,Fulton,13121,2009,,,,,,,,,,,,,,,
GA,13,Fulton,13121,2010,,,,,,,,,,,,,,,
GA,13,Fulton,13121,2011,,,,,,,,,,,,,,,
GA,13,Fulton,13121,2012,,,,,,,,,,,,,,,
GA,13,Fulton,13121,2013,,,,,,,,,,,,,,,
GA,13,Fulton,13121,2014,,,,,,,,,,,,,,,
GA,13,Fulton,13121,2015,,,,,,,,,,,,,,,
GA,13,Fulton,13121,2016,,,,,,,,,,,,,,,
GA,13,Fulton,13121,2017,,,,,,,,,,,,,,,
GA,13,Fulton,13121,2018,,,,,,,,,,,,,,,
GA,13,Fulton,13121,2019,,,,,,,,,,,,,,,
GA,13,Fulton,13121,2020,,,,,,,,,,,,,,,
GA,13,Fulton,13121,2021,,,,,,,,,,,,,,,
GA,13,Fulton,13121,2022,,,,,,,,,,,,,,,
GA,13,Gilmer,13123,2000,,,,,,,,,,,,,,,
GA,13,Gilmer,13123,2001,,,,,,,,,,,,,,,
GA,13,Gilmer,13123,2002,,808322374.0,,747479931.0,,,,,,,,,,,
GA,13,Gilmer,13123,2003,,,,,,,,,,,,,,,
GA,13,Gilmer,13123,2004,,,,,,,,,,,,,,,
GA,13,Gilmer,13123,2005,,,,,,,,,,,,,,,
GA,13,Gilmer,13123,2006,,,,,,,,,,,,,,,
GA,13,Gilmer,13123,2007,,,,,,,,,,,,,,,
GA,13,Gilmer,13123,2008,,,,,,,,,,,,,,,
GA,13,Gilmer,13123,2009,,,,,,,,,,,,,,,
GA,13,Gilmer,13123,2010,,,,,,,,,,,,,,,
GA,13,Gilmer,13123,2011,,,,,,,,,,,,,,,
GA,13,Gilmer,13123,2012,,,,,,,,,,,,,,,
GA,13,Gilmer,13123,2013,,,,,,,,,,,,,,,
GA,13,Gilmer,13123,2014,,,,,,,,,,,,,,,
GA,13,Gilmer,13123,2015,,,,,,,,,,,,,,,
GA,13,Gilmer,13123,2016,,,,,,,,,,,,,,,
GA,13,Gilmer,13123,2017,,,,,,,,,,,,,,,
GA,13,Gilmer,13123,2018,,,,,,,,,,,,,,,
GA,13,Gilmer,13123,2019,,,,,,,,,,,,,,,
GA,13,Gilmer,13123,2020,,,,,,,,,,,,,,,
GA,13,Gilmer,13123,2021,,,,,,,,,,,,,,,
GA,13,Gilmer,13123,2022,,,,,,,,,,,,,,,
GA,13,Glascock,13125,2000,,,,,,,,,,,,,,,
GA,13,Glascock,13125,2001,,,,,,,,,,,,,,,
GA,13,Glascock,13125,2002,,58462636.0,,55934008.0,,,,,,,,,,,
GA,13,Glascock,13125,2003,,,,,,,,,,,,,,,
GA,13,Glascock,13125,2004,,,,,,,,,,,,,,,
GA,13,Glascock,13125,2005,,,,,,,,,,,,,,,
GA,13,Glascock,13125,2006,,,,,,,,,,,,,,,
GA,13,Glascock,13125,2007,,,,,,,,,,,,,,,
GA,13,Glascock,13125,2008,,,,,,,,,,,,,,,
GA,13,Glascock,13125,2009,,,,,,,,,,,,,,,
GA,13,Glascock,13125,2010,,,,,,,,,,,,,,,
GA,13,Glascock,13125,2011,,,,,,,,,,,,,,,
GA,13,Glascock,13125,2012,,,,,,,,,,,,,,,
GA,13,Glascock,13125,2013,,,,,,,,,,,,,,,
GA,13,Glascock,13125,2014,,,,,,,,,,,,,,,
GA,13,Glascock,13125,2015,,,,,,,,,,,,,,,
GA,13,Glascock,13125,2016,,,,,,,,,,,,,,,
GA,13,Glascock,13125,2017,,,,,,,,,,,,,,,
GA,13,Glascock,13125,2018,,,,,,,,,,,,,,,
GA,13,Glascock,13125,2019,,,,,,,,,,,,,,,
GA,13,Glascock,13125,2020,,,,,,,,,,,,,,,
GA,13,Glascock,13125,2021,,,,,,,,,,,,,,,
GA,13,Glascock,13125,2022,,,,,,,,,,,,,,,
GA,13,Glynn,13127,2000,,,,,,,,,,,,,,,
GA,13,Glynn,13127,2001,,,,,,,,,,,,,,,
GA,13,Glynn,13127,2002,,3336351204.0,,2913875369.0,,,,,,,,,,,
GA,13,Glynn,13127,2003,,,,,,,,,,,,,,,
GA,13,Glynn,13127,2004,,,,,,,,,,,,,,,
GA,13,Glynn,13127,2005,,,,,,,,,,,,,,,
GA,13,Glynn,13127,2006,,,,,,,,,,,,,,,
GA,13,Glynn,13127,2007,,,,,,,,,,,,,,,
GA,13,Glynn,13127,2008,,,,,,,,,,,,,,,
GA,13,Glynn,13127,2009,,,,,,,,,,,,,,,
GA,13,Glynn,13127,2010,,,,,,,,,,,,,,,
GA,13,Glynn,13127,2011,,,,,,,,,,,,,,,
GA,13,Glynn,13127,2012,,,,,,,,,,,,,,,
GA,13,Glynn,13127,2013,,,,,,,,,,,,,,,
GA,13,Glynn,13127,2014,,,,,,,,,,,,,,,
GA,13,Glynn,13127,2015,,,,,,,,,,,,,,,
GA,13,Glynn,13127,2016,,,,,,,,,,,,,,,
GA,13,Glynn,13127,2017,,,,,,,,,,,,,,,
GA,13,Glynn,13127,2018,,,,,,,,,,,,,,,
GA,13,Glynn,13127,2019,,,,,,,,,,,,,,,
GA,13,Glynn,13127,2020,,,,,,,,,,,,,,,
GA,13,Glynn,13127,2021,,,,,,,,,,,,,,,
GA,13,Glynn,13127,2022,,,,,,,,,,,,,,,
GA,13,Gordon,13129,2000,,,,,,,,,,,,,,,
GA,13,Gordon,13129,2001,,,,,,,,,,,,,,,
GA,13,Gordon,13129,2002,,1266592422.0,,1191495576.0,,,,,,,,,,,
GA,13,Gordon,13129,2003,,,,,,,,,,,,,,,
GA,13,Gordon,13129,2004,,,,,,,,,,,,,,,
GA,13,Gordon,13129,2005,,,,,,,,,,,,,,,
GA,13,Gordon,13129,2006,,,,,,,,,,,,,,,
GA,13,Gordon,13129,2007,,,,,,,,,,,,,,,
GA,13,Gordon,13129,2008,,,,,,,,,,,,,,,
GA,13,Gordon,13129,2009,,,,,,,,,,,,,,,
GA,13,Gordon,13129,2010,,,,,,,,,,,,,,,
GA,13,Gordon,13129,2011,,,,,,,,,,,,,,,
GA,13,Gordon,13129,2012,,,,,,,,,,,,,,,
GA,13,Gordon,13129,2013,,,,,,,,,,,,,,,
GA,13,Gordon,13129,2014,,,,,,,,,,,,,,,
GA,13,Gordon,13129,2015,,,,,,,,,,,,,,,
GA,13,Gordon,13129,2016,,,,,,,,,,,,,,,
GA,13,Gordon,13129,2017,,,,,,,,,,,,,,,
GA,13,Gordon,13129,2018,,,,,,,,,,,,,,,
GA,13,Gordon,13129,2019,,,,,,,,,,,,,,,
GA,13,Gordon,13129,2020,,,,,,,,,,,,,,,
GA,13,Gordon,13129,2021,,,,,,,,,,,,,,,
GA,13,Gordon,13129,2022,,,,,,,,,,,,,,,
GA,13,Grady,13131,2000,,,,,,,,,,,,,,,
GA,13,Grady,13131,2001,,,,,,,,,,,,,,,
GA,13,Grady,13131,2002,,518597689.0,,442393280.0,,,,,,,,,,,
GA,13,Grady,13131,2003,,,,,,,,,,,,,,,
GA,13,Grady,13131,2004,,,,,,,,,,,,,,,
GA,13,Grady,13131,2005,,,,,,,,,,,,,,,
GA,13,Grady,13131,2006,,,,,,,,,,,,,,,
GA,13,Grady,13131,2007,,,,,,,,,,,,,,,
GA,13,Grady,13131,2008,,,,,,,,,,,,,,,
GA,13,Grady,13131,2009,,,,,,,,,,,,,,,
GA,13,Grady,13131,2010,,,,,,,,,,,,,,,
GA,13,Grady,13131,2011,,,,,,,,,,,,,,,
GA,13,Grady,13131,2012,,,,,,,,,,,,,,,
GA,13,Grady,13131,2013,,,,,,,,,,,,,,,
GA,13,Grady,13131,2014,,,,,,,,,,,,,,,
GA,13,Grady,13131,2015,,,,,,,,,,,,,,,
GA,13,Grady,13131,2016,,,,,,,,,,,,,,,
GA,13,Grady,13131,2017,,,,,,,,,,,,,,,
GA,13,Grady,13131,2018,,,,,,,,,,,,,,,
GA,13,Grady,13131,2019,,,,,,,,,,,,,,,
GA,13,Grady,13131,2020,,,,,,,,,,,,,,,
GA,13,Grady,13131,2021,,,,,,,,,,,,,,,
GA,13,Grady,13131,2022,,,,,,,,,,,,,,,
GA,13,Greene,13133,2000,,,,,,,,,,,,,,,
GA,13,Greene,13133,2001,,,,,,,,,,,,,,,
GA,13,Greene,13133,2002,,801732364.0,,778459358.0,,,,,,,,,,,
GA,13,Greene,13133,2003,,,,,,,,,,,,,,,
GA,13,Greene,13133,2004,,,,,,,,,,,,,,,
GA,13,Greene,13133,2005,,,,,,,,,,,,,,,
GA,13,Greene,13133,2006,,,,,,,,,,,,,,,
GA,13,Greene,13133,2007,,,,,,,,,,,,,,,
GA,13,Greene,13133,2008,,,,,,,,,,,,,,,
GA,13,Greene,13133,2009,,,,,,,,,,,,,,,
GA,13,Greene,13133,2010,,,,,,,,,,,,,,,
GA,13,Greene,13133,2011,,,,,,,,,,,,,,,
GA,13,Greene,13133,2012,,,,,,,,,,,,,,,
GA,13,Greene,13133,2013,,,,,,,,,,,,,,,
GA,13,Greene,13133,2014,,,,,,,,,,,,,,,
GA,13,Greene,13133,2015,,,,,,,,,,,,,,,
GA,13,Greene,13133,2016,,,,,,,,,,,,,,,
GA,13,Greene,13133,2017,,,,,,,,,,,,,,,
GA,13,Greene,13133,2018,,,,,,,,,,,,,,,
GA,13,Greene,13133,2019,,,,,,,,,,,,,,,
GA,13,Greene,13133,2020,,,,,,,,,,,,,,,
GA,13,Greene,13133,2021,,,,,,,,,,,,,,,
GA,13,Greene,13133,2022,,,,,,,,,,,,,,,
GA,13,Gwinnett,13135,2000,,,,,,,,,,,,,,,
GA,13,Gwinnett,13135,2001,,,,,,,,,,,,,,,
GA,13,Gwinnett,13135,2002,,23148621099.0,,19738448596.0,,,,,,,,,,,
GA,13,Gwinnett,13135,2003,,,,,,,,,,,,,,,
GA,13,Gwinnett,13135,2004,,,,,,,,,,,,,,,
GA,13,Gwinnett,13135,2005,,,,,,,,,,,,,,,
GA,13,Gwinnett,13135,2006,,,,,,,,,,,,,,,
GA,13,Gwinnett,13135,2007,,,,,,,,,,,,,,,
GA,13,Gwinnett,13135,2008,,,,,,,,,,,,,,,
GA,13,Gwinnett,13135,2009,,,,,,,,,,,,,,,
GA,13,Gwinnett,13135,2010,,,,,,,,,,,,,,,
GA,13,Gwinnett,13135,2011,,,,,,,,,,,,,,,
GA,13,Gwinnett,13135,2012,,,,,,,,,,,,,,,
GA,13,Gwinnett,13135,2013,,,,,,,,,,,,,,,
GA,13,Gwinnett,13135,2014,,,,,,,,,,,,,,,
GA,13,Gwinnett,13135,2015,,,,,,,,,,,,,,,
GA,13,Gwinnett,13135,2016,,,,,,,,,,,,,,,
GA,13,Gwinnett,13135,2017,,,,,,,,,,,,,,,
GA,13,Gwinnett,13135,2018,,,,,,,,,,,,,,,
GA,13,Gwinnett,13135,2019,,,,,,,,,,,,,,,
GA,13,Gwinnett,13135,2020,,,,,,,,,,,,,,,
GA,13,Gwinnett,13135,2021,,,,,,,,,,,,,,,
GA,13,Gwinnett,13135,2022,,,,,,,,,,,,,,,
GA,13,Habersham,13137,2000,,,,,,,,,,,,,,,
GA,13,Habersham,13137,2001,,,,,,,,,,,,,,,
GA,13,Habersham,13137,2002,,1123579215.0,,989807932.0,,,,,,,,,,,
GA,13,Habersham,13137,2003,,,,,,,,,,,,,,,
GA,13,Habersham,13137,2004,,,,,,,,,,,,,,,
GA,13,Habersham,13137,2005,,,,,,,,,,,,,,,
GA,13,Habersham,13137,2006,,,,,,,,,,,,,,,
GA,13,Habersham,13137,2007,,,,,,,,,,,,,,,
GA,13,Habersham,13137,2008,,,,,,,,,,,,,,,
GA,13,Habersham,13137,2009,,,,,,,,,,,,,,,
GA,13,Habersham,13137,2010,,,,,,,,,,,,,,,
GA,13,Habersham,13137,2011,,,,,,,,,,,,,,,
GA,13,Habersham,13137,2012,,,,,,,,,,,,,,,
GA,13,Habersham,13137,2013,,,,,,,,,,,,,,,
GA,13,Habersham,13137,2014,,,,,,,,,,,,,,,
GA,13,Habersham,13137,2015,,,,,,,,,,,,,,,
GA,13,Habersham,13137,2016,,,,,,,,,,,,,,,
GA,13,Habersham,13137,2017,,,,,,,,,,,,,,,
GA,13,Habersham,13137,2018,,,,,,,,,,,,,,,
GA,13,Habersham,13137,2019,,,,,,,,,,,,,,,
GA,13,Habersham,13137,2020,,,,,,,,,,,,,,,
GA,13,Habersham,13137,2021,,,,,,,,,,,,,,,
GA,13,Habersham,13137,2022,,,,,,,,,,,,,,,
GA,13,Hall,13139,2000,,,,,,,,,,,,,,,
GA,13,Hall,13139,2001,,,,,,,,,,,,,,,
GA,13,Hall,13139,2002,,4260711444.0,,4040319515.0,,,,,,,,,,,
GA,13,Hall,13139,2003,,,,,,,,,,,,,,,
GA,13,Hall,13139,2004,,,,,,,,,,,,,,,
GA,13,Hall,13139,2005,,,,,,,,,,,,,,,
GA,13,Hall,13139,2006,,,,,,,,,,,,,,,
GA,13,Hall,13139,2007,,,,,,,,,,,,,,,
GA,13,Hall,13139,2008,,,,,,,,,,,,,,,
GA,13,Hall,13139,2009,,,,,,,,,,,,,,,
GA,13,Hall,13139,2010,,,,,,,,,,,,,,,
GA,13,Hall,13139,2011,,,,,,,,,,,,,,,
GA,13,Hall,13139,2012,,,,,,,,,,,,,,,
GA,13,Hall,13139,2013,,,,,,,,,,,,,,,
GA,13,Hall,13139,2014,,,,,,,,,,,,,,,
GA,13,Hall,13139,2015,,,,,,,,,,,,,,,
GA,13,Hall,13139,2016,,,,,,,,,,,,,,,
GA,13,Hall,13139,2017,,,,,,,,,,,,,,,
GA,13,Hall,13139,2018,,,,,,,,,,,,,,,
GA,13,Hall,13139,2019,,,,,,,,,,,,,,,
GA,13,Hall,13139,2020,,,,,,,,,,,,,,,
GA,13,Hall,13139,2021,,,,,,,,,,,,,,,
GA,13,Hall,13139,2022,,,,,,,,,,,,,,,
GA,13,Hancock,13141,2000,,,,,,,,,,,,,,,
GA,13,Hancock,13141,2001,,,,,,,,,,,,,,,
GA,13,Hancock,13141,2002,,191392884.0,,181649553.0,,,,,,,,,,,
GA,13,Hancock,13141,2003,,,,,,,,,,,,,,,
GA,13,Hancock,13141,2004,,,,,,,,,,,,,,,
GA,13,Hancock,13141,2005,,,,,,,,,,,,,,,
GA,13,Hancock,13141,2006,,,,,,,,,,,,,,,
GA,13,Hancock,13141,2007,,,,,,,,,,,,,,,
GA,13,Hancock,13141,2008,,,,,,,,,,,,,,,
GA,13,Hancock,13141,2009,,,,,,,,,,,,,,,
GA,13,Hancock,13141,2010,,,,,,,,,,,,,,,
GA,13,Hancock,13141,2011,,,,,,,,,,,,,,,
GA,13,Hancock,13141,2012,,,,,,,,,,,,,,,
GA,13,Hancock,13141,2013,,,,,,,,,,,,,,,
GA,13,Hancock,13141,2014,,,,,,,,,,,,,,,
GA,13,Hancock,13141,2015,,,,,,,,,,,,,,,
GA,13,Hancock,13141,2016,,,,,,,,,,,,,,,
GA,13,Hancock,13141,2017,,,,,,,,,,,,,,,
GA,13,Hancock,13141,2018,,,,,,,,,,,,,,,
GA,13,Hancock,13141,2019,,,,,,,,,,,,,,,
GA,13,Hancock,13141,2020,,,,,,,,,,,,,,,
GA,13,Hancock,13141,2021,,,,,,,,,,,,,,,
GA,13,Hancock,13141,2022,,,,,,,,,,,,,,,
GA,13,Haralson,13143,2000,,,,,,,,,,,,,,,
GA,13,Haralson,13143,2001,,,,,,,,,,,,,,,
GA,13,Haralson,13143,2002,,577005094.0,,515156611.0,,,,,,,,,,,
GA,13,Haralson,13143,2003,,,,,,,,,,,,,,,
GA,13,Haralson,13143,2004,,,,,,,,,,,,,,,
GA,13,Haralson,13143,2005,,,,,,,,,,,,,,,
GA,13,Haralson,13143,2006,,,,,,,,,,,,,,,
GA,13,Haralson,13143,2007,,,,,,,,,,,,,,,
GA,13,Haralson,13143,2008,,,,,,,,,,,,,,,
GA,13,Haralson,13143,2009,,,,,,,,,,,,,,,
GA,13,Haralson,13143,2010,,,,,,,,,,,,,,,
GA,13,Haralson,13143,2011,,,,,,,,,,,,,,,
GA,13,Haralson,13143,2012,,,,,,,,,,,,,,,
GA,13,Haralson,13143,2013,,,,,,,,,,,,,,,
GA,13,Haralson,13143,2014,,,,,,,,,,,,,,,
GA,13,Haralson,13143,2015,,,,,,,,,,,,,,,
GA,13,Haralson,13143,2016,,,,,,,,,,,,,,,
GA,13,Haralson,13143,2017,,,,,,,,,,,,,,,
GA,13,Haralson,13143,2018,,,,,,,,,,,,,,,
GA,13,Haralson,13143,2019,,,,,,,,,,,,,,,
GA,13,Haralson,13143,2020,,,,,,,,,,,,,,,
GA,13,Haralson,13143,2021,,,,,,,,,,,,,,,
GA,13,Haralson,13143,2022,,,,,,,,,,,,,,,
GA,13,Harris,13145,2000,,,,,,,,,,,,,,,
GA,13,Harris,13145,2001,,,,,,,,,,,,,,,
GA,13,Harris,13145,2002,,674972040.0,,632760666.0,,,,,,,,,,,
GA,13,Harris,13145,2003,,,,,,,,,,,,,,,
GA,13,Harris,13145,2004,,,,,,,,,,,,,,,
GA,13,Harris,13145,2005,,,,,,,,,,,,,,,
GA,13,Harris,13145,2006,,,,,,,,,,,,,,,
GA,13,Harris,13145,2007,,,,,,,,,,,,,,,
GA,13,Harris,13145,2008,,,,,,,,,,,,,,,
GA,13,Harris,13145,2009,,,,,,,,,,,,,,,
GA,13,Harris,13145,2010,,,,,,,,,,,,,,,
GA,13,Harris,13145,2011,,,,,,,,,,,,,,,
GA,13,Harris,13145,2012,,,,,,,,,,,,,,,
GA,13,Harris,13145,2013,,,,,,,,,,,,,,,
GA,13,Harris,13145,2014,,,,,,,,,,,,,,,
GA,13,Harris,13145,2015,,,,,,,,,,,,,,,
GA,13,Harris,13145,2016,,,,,,,,,,,,,,,
GA,13,Harris,13145,2017,,,,,,,,,,,,,,,
GA,13,Harris,13145,2018,,,,,,,,,,,,,,,
GA,13,Harris,13145,2019,,,,,,,,,,,,,,,
GA,13,Harris,13145,2020,,,,,,,,,,,,,,,
GA,13,Harris,13145,2021,,,,,,,,,,,,,,,
GA,13,Harris,13145,2022,,,,,,,,,,,,,,,
GA,13,Hart,13147,2000,,,,,,,,,,,,,,,
GA,13,Hart,13147,2001,,,,,,,,,,,,,,,
GA,13,Hart,13147,2002,,880802636.0,,794191725.0,,,,,,,,,,,
GA,13,Hart,13147,2003,,,,,,,,,,,,,,,
GA,13,Hart,13147,2004,,,,,,,,,,,,,,,
GA,13,Hart,13147,2005,,,,,,,,,,,,,,,
GA,13,Hart,13147,2006,,,,,,,,,,,,,,,
GA,13,Hart,13147,2007,,,,,,,,,,,,,,,
GA,13,Hart,13147,2008,,,,,,,,,,,,,,,
GA,13,Hart,13147,2009,,,,,,,,,,,,,,,
GA,13,Hart,13147,2010,,,,,,,,,,,,,,,
GA,13,Hart,13147,2011,,,,,,,,,,,,,,,
GA,13,Hart,13147,2012,,,,,,,,,,,,,,,
GA,13,Hart,13147,2013,,,,,,,,,,,,,,,
GA,13,Hart,13147,2014,,,,,,,,,,,,,,,
GA,13,Hart,13147,2015,,,,,,,,,,,,,,,
GA,13,Hart,13147,2016,,,,,,,,,,,,,,,
GA,13,Hart,13147,2017,,,,,,,,,,,,,,,
GA,13,Hart,13147,2018,,,,,,,,,,,,,,,
GA,13,Hart,13147,2019,,,,,,,,,,,,,,,
GA,13,Hart,13147,2020,,,,,,,,,,,,,,,
GA,13,Hart,13147,2021,,,,,,,,,,,,,,,
GA,13,Hart,13147,2022,,,,,,,,,,,,,,,
GA,13,Heard,13149,2000,,,,,,,,,,,,,,,
GA,13,Heard,13149,2001,,,,,,,,,,,,,,,
GA,13,Heard,13149,2002,,313187521.0,,285168569.0,,,,,,,,,,,
GA,13,Heard,13149,2003,,,,,,,,,,,,,,,
GA,13,Heard,13149,2004,,,,,,,,,,,,,,,
GA,13,Heard,13149,2005,,,,,,,,,,,,,,,
GA,13,Heard,13149,2006,,,,,,,,,,,,,,,
GA,13,Heard,13149,2007,,,,,,,,,,,,,,,
GA,13,Heard,13149,2008,,,,,,,,,,,,,,,
GA,13,Heard,13149,2009,,,,,,,,,,,,,,,
GA,13,Heard,13149,2010,,,,,,,,,,,,,,,
GA,13,Heard,13149,2011,,,,,,,,,,,,,,,
GA,13,Heard,13149,2012,,,,,,,,,,,,,,,
GA,13,Heard,13149,2013,,,,,,,,,,,,,,,
GA,13,Heard,13149,2014,,,,,,,,,,,,,,,
GA,13,Heard,13149,2015,,,,,,,,,,,,,,,
GA,13,Heard,13149,2016,,,,,,,,,,,,,,,
GA,13,Heard,13149,2017,,,,,,,,,,,,,,,
GA,13,Heard,13149,2018,,,,,,,,,,,,,,,
GA,13,Heard,13149,2019,,,,,,,,,,,,,,,
GA,13,Heard,13149,2020,,,,,,,,,,,,,,,
GA,13,Heard,13149,2021,,,,,,,,,,,,,,,
GA,13,Heard,13149,2022,,,,,,,,,,,,,,,
GA,13,Henry,13151,2000,,,,,,,,,,,,,,,
GA,13,Henry,13151,2001,,,,,,,,,,,,,,,
GA,13,Henry,13151,2002,,4538911497.0,,3835575285.0,,,,,,,,,,,
GA,13,Henry,13151,2003,,,,,,,,,,,,,,,
GA,13,Henry,13151,2004,,,,,,,,,,,,,,,
GA,13,Henry,13151,2005,,,,,,,,,,,,,,,
GA,13,Henry,13151,2006,,,,,,,,,,,,,,,
GA,13,Henry,13151,2007,,,,,,,,,,,,,,,
GA,13,Henry,13151,2008,,,,,,,,,,,,,,,
GA,13,Henry,13151,2009,,,,,,,,,,,,,,,
GA,13,Henry,13151,2010,,,,,,,,,,,,,,,
GA,13,Henry,13151,2011,,,,,,,,,,,,,,,
GA,13,Henry,13151,2012,,,,,,,,,,,,,,,
GA,13,Henry,13151,2013,,,,,,,,,,,,,,,
GA,13,Henry,13151,2014,,,,,,,,,,,,,,,
GA,13,Henry,13151,2015,,,,,,,,,,,,,,,
GA,13,Henry,13151,2016,,,,,,,,,,,,,,,
GA,13,Henry,13151,2017,,,,,,,,,,,,,,,
GA,13,Henry,13151,2018,,,,,,,,,,,,,,,
GA,13,Henry,13151,2019,,,,,,,,,,,,,,,
GA,13,Henry,13151,2020,,,,,,,,,,,,,,,
GA,13,Henry,13151,2021,,,,,,,,,,,,,,,
GA,13,Henry,13151,2022,,,,,,,,,,,,,,,
GA,13,Houston,13153,2000,,,,,,,,,,,,,,,
GA,13,Houston,13153,2001,,,,,,,,,,,,,,,
GA,13,Houston,13153,2002,,2322171018.0,,2210517656.0,,,,,,,,,,,
GA,13,Houston,13153,2003,,,,,,,,,,,,,,,
GA,13,Houston,13153,2004,,,,,,,,,,,,,,,
GA,13,Houston,13153,2005,,,,,,,,,,,,,,,
GA,13,Houston,13153,2006,,,,,,,,,,,,,,,
GA,13,Houston,13153,2007,,,,,,,,,,,,,,,
GA,13,Houston,13153,2008,,,,,,,,,,,,,,,
GA,13,Houston,13153,2009,,,,,,,,,,,,,,,
GA,13,Houston,13153,2010,,,,,,,,,,,,,,,
GA,13,Houston,13153,2011,,,,,,,,,,,,,,,
GA,13,Houston,13153,2012,,,,,,,,,,,,,,,
GA,13,Houston,13153,2013,,,,,,,,,,,,,,,
GA,13,Houston,13153,2014,,,,,,,,,,,,,,,
GA,13,Houston,13153,2015,,,,,,,,,,,,,,,
GA,13,Houston,13153,2016,,,,,,,,,,,,,,,
GA,13,Houston,13153,2017,,,,,,,,,,,,,,,
GA,13,Houston,13153,2018,,,,,,,,,,,,,,,
GA,13,Houston,13153,2019,,,,,,,,,,,,,,,
GA,13,Houston,13153,2020,,,,,,,,,,,,,,,
GA,13,Houston,13153,2021,,,,,,,,,,,,,,,
GA,13,Houston,13153,2022,,,,,,,,,,,,,,,
GA,13,Irwin,13155,2000,,,,,,,,,,,,,,,
GA,13,Irwin,13155,2001,,,,,,,,,,,,,,,
GA,13,Irwin,13155,2002,,184045443.0,,165975799.0,,,,,,,,,,,
GA,13,Irwin,13155,2003,,,,,,,,,,,,,,,
GA,13,Irwin,13155,2004,,,,,,,,,,,,,,,
GA,13,Irwin,13155,2005,,,,,,,,,,,,,,,
GA,13,Irwin,13155,2006,,,,,,,,,,,,,,,
GA,13,Irwin,13155,2007,,,,,,,,,,,,,,,
GA,13,Irwin,13155,2008,,,,,,,,,,,,,,,
GA,13,Irwin,13155,2009,,,,,,,,,,,,,,,
GA,13,Irwin,13155,2010,,,,,,,,,,,,,,,
GA,13,Irwin,13155,2011,,,,,,,,,,,,,,,
GA,13,Irwin,13155,2012,,,,,,,,,,,,,,,
GA,13,Irwin,13155,2013,,,,,,,,,,,,,,,
GA,13,Irwin,13155,2014,,,,,,,,,,,,,,,
GA,13,Irwin,13155,2015,,,,,,,,,,,,,,,
GA,13,Irwin,13155,2016,,,,,,,,,,,,,,,
GA,13,Irwin,13155,2017,,,,,,,,,,,,,,,
GA,13,Irwin,13155,2018,,,,,,,,,,,,,,,
GA,13,Irwin,13155,2019,,,,,,,,,,,,,,,
GA,13,Irwin,13155,2020,,,,,,,,,,,,,,,
GA,13,Irwin,13155,2021,,,,,,,,,,,,,,,
GA,13,Irwin,13155,2022,,,,,,,,,,,,,,,
GA,13,Jackson,13157,2000,,,,,,,,,,,,,,,
GA,13,Jackson,13157,2001,,,,,,,,,,,,,,,
GA,13,Jackson,13157,2002,,1465074616.0,,1274877240.0,,,,,,,,,,,
GA,13,Jackson,13157,2003,,,,,,,,,,,,,,,
GA,13,Jackson,13157,2004,,,,,,,,,,,,,,,
GA,13,Jackson,13157,2005,,,,,,,,,,,,,,,
GA,13,Jackson,13157,2006,,,,,,,,,,,,,,,
GA,13,Jackson,13157,2007,,,,,,,,,,,,,,,
GA,13,Jackson,13157,2008,,,,,,,,,,,,,,,
GA,13,Jackson,13157,2009,,,,,,,,,,,,,,,
GA,13,Jackson,13157,2010,,,,,,,,,,,,,,,
GA,13,Jackson,13157,2011,,,,,,,,,,,,,,,
GA,13,Jackson,13157,2012,,,,,,,,,,,,,,,
GA,13,Jackson,13157,2013,,,,,,,,,,,,,,,
GA,13,Jackson,13157,2014,,,,,,,,,,,,,,,
GA,13,Jackson,13157,2015,,,,,,,,,,,,,,,
GA,13,Jackson,13157,2016,,,,,,,,,,,,,,,
GA,13,Jackson,13157,2017,,,,,,,,,,,,,,,
GA,13,Jackson,13157,2018,,,,,,,,,,,,,,,
GA,13,Jackson,13157,2019,,,,,,,,,,,,,,,
GA,13,Jackson,13157,2020,,,,,,,,,,,,,,,
GA,13,Jackson,13157,2021,,,,,,,,,,,,,,,
GA,13,Jackson,13157,2022,,,,,,,,,,,,,,,
GA,13,Jasper,13159,2000,,,,,,,,,,,,,,,
GA,13,Jasper,13159,2001,,,,,,,,,,,,,,,
GA,13,Jasper,13159,2002,,361004374.0,,266860854.0,,,,,,,,,,,
GA,13,Jasper,13159,2003,,,,,,,,,,,,,,,
GA,13,Jasper,13159,2004,,,,,,,,,,,,,,,
GA,13,Jasper,13159,2005,,,,,,,,,,,,,,,
GA,13,Jasper,13159,2006,,,,,,,,,,,,,,,
GA,13,Jasper,13159,2007,,,,,,,,,,,,,,,
GA,13,Jasper,13159,2008,,,,,,,,,,,,,,,
GA,13,Jasper,13159,2009,,,,,,,,,,,,,,,
GA,13,Jasper,13159,2010,,,,,,,,,,,,,,,
GA,13,Jasper,13159,2011,,,,,,,,,,,,,,,
GA,13,Jasper,13159,2012,,,,,,,,,,,,,,,
GA,13,Jasper,13159,2013,,,,,,,,,,,,,,,
GA,13,Jasper,13159,2014,,,,,,,,,,,,,,,
GA,13,Jasper,13159,2015,,,,,,,,,,,,,,,
GA,13,Jasper,13159,2016,,,,,,,,,,,,,,,
GA,13,Jasper,13159,2017,,,,,,,,,,,,,,,
GA,13,Jasper,13159,2018,,,,,,,,,,,,,,,
GA,13,Jasper,13159,2019,,,,,,,,,,,,,,,
GA,13,Jasper,13159,2020,,,,,,,,,,,,,,,
GA,13,Jasper,13159,2021,,,,,,,,,,,,,,,
GA,13,Jasper,13159,2022,,,,,,,,,,,,,,,
GA,13,Jeff Davis,13161,2000,,,,,,,,,,,,,,,
GA,13,Jeff Davis,13161,2001,,,,,,,,,,,,,,,
GA,13,Jeff Davis,13161,2002,,250180679.0,,234598434.0,,,,,,,,,,,
GA,13,Jeff Davis,13161,2003,,,,,,,,,,,,,,,
GA,13,Jeff Davis,13161,2004,,,,,,,,,,,,,,,
GA,13,Jeff Davis,13161,2005,,,,,,,,,,,,,,,
GA,13,Jeff Davis,13161,2006,,,,,,,,,,,,,,,
GA,13,Jeff Davis,13161,2007,,,,,,,,,,,,,,,
GA,13,Jeff Davis,13161,2008,,,,,,,,,,,,,,,
GA,13,Jeff Davis,13161,2009,,,,,,,,,,,,,,,
GA,13,Jeff Davis,13161,2010,,,,,,,,,,,,,,,
GA,13,Jeff Davis,13161,2011,,,,,,,,,,,,,,,
GA,13,Jeff Davis,13161,2012,,,,,,,,,,,,,,,
GA,13,Jeff Davis,13161,2013,,,,,,,,,,,,,,,
GA,13,Jeff Davis,13161,2014,,,,,,,,,,,,,,,
GA,13,Jeff Davis,13161,2015,,,,,,,,,,,,,,,
GA,13,Jeff Davis,13161,2016,,,,,,,,,,,,,,,
GA,13,Jeff Davis,13161,2017,,,,,,,,,,,,,,,
GA,13,Jeff Davis,13161,2018,,,,,,,,,,,,,,,
GA,13,Jeff Davis,13161,2019,,,,,,,,,,,,,,,
GA,13,Jeff Davis,13161,2020,,,,,,,,,,,,,,,
GA,13,Jeff Davis,13161,2021,,,,,,,,,,,,,,,
GA,13,Jeff Davis,13161,2022,,,,,,,,,,,,,,,
GA,13,Jefferson,13163,2000,,,,,,,,,,,,,,,
GA,13,Jefferson,13163,2001,,,,,,,,,,,,,,,
GA,13,Jefferson,13163,2002,,409403641.0,,359972004.0,,,,,,,,,,,
GA,13,Jefferson,13163,2003,,,,,,,,,,,,,,,
GA,13,Jefferson,13163,2004,,,,,,,,,,,,,,,
GA,13,Jefferson,13163,2005,,,,,,,,,,,,,,,
GA,13,Jefferson,13163,2006,,,,,,,,,,,,,,,
GA,13,Jefferson,13163,2007,,,,,,,,,,,,,,,
GA,13,Jefferson,13163,2008,,,,,,,,,,,,,,,
GA,13,Jefferson,13163,2009,,,,,,,,,,,,,,,
GA,13,Jefferson,13163,2010,,,,,,,,,,,,,,,
GA,13,Jefferson,13163,2011,,,,,,,,,,,,,,,
GA,13,Jefferson,13163,2012,,,,,,,,,,,,,,,
GA,13,Jefferson,13163,2013,,,,,,,,,,,,,,,
GA,13,Jefferson,13163,2014,,,,,,,,,,,,,,,
GA,13,Jefferson,13163,2015,,,,,,,,,,,,,,,
GA,13,Jefferson,13163,2016,,,,,,,,,,,,,,,
GA,13,Jefferson,13163,2017,,,,,,,,,,,,,,,
GA,13,Jefferson,13163,2018,,,,,,,,,,,,,,,
GA,13,Jefferson,13163,2019,,,,,,,,,,,,,,,
GA,13,Jefferson,13163,2020,,,,,,,,,,,,,,,
GA,13,Jefferson,13163,2021,,,,,,,,,,,,,,,
GA,13,Jefferson,13163,2022,,,,,,,,,,,,,,,
GA,13,Jenkins,13165,2000,,,,,,,,,,,,,,,
GA,13,Jenkins,13165,2001,,,,,,,,,,,,,,,
GA,13,Jenkins,13165,2002,,132417133.0,,124705054.0,,,,,,,,,,,
GA,13,Jenkins,13165,2003,,,,,,,,,,,,,,,
GA,13,Jenkins,13165,2004,,,,,,,,,,,,,,,
GA,13,Jenkins,13165,2005,,,,,,,,,,,,,,,
GA,13,Jenkins,13165,2006,,,,,,,,,,,,,,,
GA,13,Jenkins,13165,2007,,,,,,,,,,,,,,,
GA,13,Jenkins,13165,2008,,,,,,,,,,,,,,,
GA,13,Jenkins,13165,2009,,,,,,,,,,,,,,,
GA,13,Jenkins,13165,2010,,,,,,,,,,,,,,,
GA,13,Jenkins,13165,2011,,,,,,,,,,,,,,,
GA,13,Jenkins,13165,2012,,,,,,,,,,,,,,,
GA,13,Jenkins,13165,2013,,,,,,,,,,,,,,,
GA,13,Jenkins,13165,2014,,,,,,,,,,,,,,,
GA,13,Jenkins,13165,2015,,,,,,,,,,,,,,,
GA,13,Jenkins,13165,2016,,,,,,,,,,,,,,,
GA,13,Jenkins,13165,2017,,,,,,,,,,,,,,,
GA,13,Jenkins,13165,2018,,,,,,,,,,,,,,,
GA,13,Jenkins,13165,2019,,,,,,,,,,,,,,,
GA,13,Jenkins,13165,2020,,,,,,,,,,,,,,,
GA,13,Jenkins,13165,2021,,,,,,,,,,,,,,,
GA,13,Jenkins,13165,2022,,,,,,,,,,,,,,,
GA,13,Johnson,13167,2000,,,,,,,,,,,,,,,
GA,13,Johnson,13167,2001,,,,,,,,,,,,,,,
GA,13,Johnson,13167,2002,,146216752.0,,131780888.0,,,,,,,,,,,
GA,13,Johnson,13167,2003,,,,,,,,,,,,,,,
GA,13,Johnson,13167,2004,,,,,,,,,,,,,,,
GA,13,Johnson,13167,2005,,,,,,,,,,,,,,,
GA,13,Johnson,13167,2006,,,,,,,,,,,,,,,
GA,13,Johnson,13167,2007,,,,,,,,,,,,,,,
GA,13,Johnson,13167,2008,,,,,,,,,,,,,,,
GA,13,Johnson,13167,2009,,,,,,,,,,,,,,,
GA,13,Johnson,13167,2010,,,,,,,,,,,,,,,
GA,13,Johnson,13167,2011,,,,,,,,,,,,,,,
GA,13,Johnson,13167,2012,,,,,,,,,,,,,,,
GA,13,Johnson,13167,2013,,,,,,,,,,,,,,,
GA,13,Johnson,13167,2014,,,,,,,,,,,,,,,
GA,13,Johnson,13167,2015,,,,,,,,,,,,,,,
GA,13,Johnson,13167,2016,,,,,,,,,,,,,,,
GA,13,Johnson,13167,2017,,,,,,,,,,,,,,,
GA,13,Johnson,13167,2018,,,,,,,,,,,,,,,
GA,13,Johnson,13167,2019,,,,,,,,,,,,,,,
GA,13,Johnson,13167,2020,,,,,,,,,,,,,,,
GA,13,Johnson,13167,2021,,,,,,,,,,,,,,,
GA,13,Johnson,13167,2022,,,,,,,,,,,,,,,
GA,13,Jones,13169,2000,,,,,,,,,,,,,,,
GA,13,Jones,13169,2001,,,,,,,,,,,,,,,
GA,13,Jones,13169,2002,,541915009.0,,508795937.0,,,,,,,,,,,
GA,13,Jones,13169,2003,,,,,,,,,,,,,,,
GA,13,Jones,13169,2004,,,,,,,,,,,,,,,
GA,13,Jones,13169,2005,,,,,,,,,,,,,,,
GA,13,Jones,13169,2006,,,,,,,,,,,,,,,
GA,13,Jones,13169,2007,,,,,,,,,,,,,,,
GA,13,Jones,13169,2008,,,,,,,,,,,,,,,
GA,13,Jones,13169,2009,,,,,,,,,,,,,,,
GA,13,Jones,13169,2010,,,,,,,,,,,,,,,
GA,13,Jones,13169,2011,,,,,,,,,,,,,,,
GA,13,Jones,13169,2012,,,,,,,,,,,,,,,
GA,13,Jones,13169,2013,,,,,,,,,,,,,,,
GA,13,Jones,13169,2014,,,,,,,,,,,,,,,
GA,13,Jones,13169,2015,,,,,,,,,,,,,,,
GA,13,Jones,13169,2016,,,,,,,,,,,,,,,
GA,13,Jones,13169,2017,,,,,,,,,,,,,,,
GA,13,Jones,13169,2018,,,,,,,,,,,,,,,
GA,13,Jones,13169,2019,,,,,,,,,,,,,,,
GA,13,Jones,13169,2020,,,,,,,,,,,,,,,
GA,13,Jones,13169,2021,,,,,,,,,,,,,,,
GA,13,Jones,13169,2022,,,,,,,,,,,,,,,
GA,13,Lamar,13171,2000,,,,,,,,,,,,,,,
GA,13,Lamar,13171,2001,,,,,,,,,,,,,,,
GA,13,Lamar,13171,2002,,374184664.0,,321626609.0,,,,,,,,,,,
GA,13,Lamar,13171,2003,,,,,,,,,,,,,,,
GA,13,Lamar,13171,2004,,,,,,,,,,,,,,,
GA,13,Lamar,13171,2005,,,,,,,,,,,,,,,
GA,13,Lamar,13171,2006,,,,,,,,,,,,,,,
GA,13,Lamar,13171,2007,,,,,,,,,,,,,,,
GA,13,Lamar,13171,2008,,,,,,,,,,,,,,,
GA,13,Lamar,13171,2009,,,,,,,,,,,,,,,
GA,13,Lamar,13171,2010,,,,,,,,,,,,,,,
GA,13,Lamar,13171,2011,,,,,,,,,,,,,,,
GA,13,Lamar,13171,2012,,,,,,,,,,,,,,,
GA,13,Lamar,13171,2013,,,,,,,,,,,,,,,
GA,13,Lamar,13171,2014,,,,,,,,,,,,,,,
GA,13,Lamar,13171,2015,,,,,,,,,,,,,,,
GA,13,Lamar,13171,2016,,,,,,,,,,,,,,,
GA,13,Lamar,13171,2017,,,,,,,,,,,,,,,
GA,13,Lamar,13171,2018,,,,,,,,,,,,,,,
GA,13,Lamar,13171,2019,,,,,,,,,,,,,,,
GA,13,Lamar,13171,2020,,,,,,,,,,,,,,,
GA,13,Lamar,13171,2021,,,,,,,,,,,,,,,
GA,13,Lamar,13171,2022,,,,,,,,,,,,,,,
GA,13,Lanier,13173,2000,,,,,,,,,,,,,,,
GA,13,Lanier,13173,2001,,,,,,,,,,,,,,,
GA,13,Lanier,13173,2002,,89420546.0,,84901842.0,,,,,,,,,,,
GA,13,Lanier,13173,2003,,,,,,,,,,,,,,,
GA,13,Lanier,13173,2004,,,,,,,,,,,,,,,
GA,13,Lanier,13173,2005,,,,,,,,,,,,,,,
GA,13,Lanier,13173,2006,,,,,,,,,,,,,,,
GA,13,Lanier,13173,2007,,,,,,,,,,,,,,,
GA,13,Lanier,13173,2008,,,,,,,,,,,,,,,
GA,13,Lanier,13173,2009,,,,,,,,,,,,,,,
GA,13,Lanier,13173,2010,,,,,,,,,,,,,,,
GA,13,Lanier,13173,2011,,,,,,,,,,,,,,,
GA,13,Lanier,13173,2012,,,,,,,,,,,,,,,
GA,13,Lanier,13173,2013,,,,,,,,,,,,,,,
GA,13,Lanier,13173,2014,,,,,,,,,,,,,,,
GA,13,Lanier,13173,2015,,,,,,,,,,,,,,,
GA,13,Lanier,13173,2016,,,,,,,,,,,,,,,
GA,13,Lanier,13173,2017,,,,,,,,,,,,,,,
GA,13,Lanier,13173,2018,,,,,,,,,,,,,,,
GA,13,Lanier,13173,2019,,,,,,,,,,,,,,,
GA,13,Lanier,13173,2020,,,,,,,,,,,,,,,
GA,13,Lanier,13173,2021,,,,,,,,,,,,,,,
GA,13,Lanier,13173,2022,,,,,,,,,,,,,,,
GA,13,Laurens,13175,2000,,,,,,,,,,,,,,,
GA,13,Laurens,13175,2001,,,,,,,,,,,,,,,
GA,13,Laurens,13175,2002,,1108633260.0,,988931319.0,,,,,,,,,,,
GA,13,Laurens,13175,2003,,,,,,,,,,,,,,,
GA,13,Laurens,13175,2004,,,,,,,,,,,,,,,
GA,13,Laurens,13175,2005,,,,,,,,,,,,,,,
GA,13,Laurens,13175,2006,,,,,,,,,,,,,,,
GA,13,Laurens,13175,2007,,,,,,,,,,,,,,,
GA,13,Laurens,13175,2008,,,,,,,,,,,,,,,
GA,13,Laurens,13175,2009,,,,,,,,,,,,,,,
GA,13,Laurens,13175,2010,,,,,,,,,,,,,,,
GA,13,Laurens,13175,2011,,,,,,,,,,,,,,,
GA,13,Laurens,13175,2012,,,,,,,,,,,,,,,
GA,13,Laurens,13175,2013,,,,,,,,,,,,,,,
GA,13,Laurens,13175,2014,,,,,,,,,,,,,,,
GA,13,Laurens,13175,2015,,,,,,,,,,,,,,,
GA,13,Laurens,13175,2016,,,,,,,,,,,,,,,
GA,13,Laurens,13175,2017,,,,,,,,,,,,,,,
GA,13,Laurens,13175,2018,,,,,,,,,,,,,,,
GA,13,Laurens,13175,2019,,,,,,,,,,,,,,,
GA,13,Laurens,13175,2020,,,,,,,,,,,,,,,
GA,13,Laurens,13175,2021,,,,,,,,,,,,,,,
GA,13,Laurens,13175,2022,,,,,,,,,,,,,,,
GA,13,Lee,13177,2000,,,,,,,,,,,,,,,
GA,13,Lee,13177,2001,,,,,,,,,,,,,,,
GA,13,Lee,13177,2002,,531248943.0,,504341134.0,,,,,,,,,,,
GA,13,Lee,13177,2003,,,,,,,,,,,,,,,
GA,13,Lee,13177,2004,,,,,,,,,,,,,,,
GA,13,Lee,13177,2005,,,,,,,,,,,,,,,
GA,13,Lee,13177,2006,,,,,,,,,,,,,,,
GA,13,Lee,13177,2007,,,,,,,,,,,,,,,
GA,13,Lee,13177,2008,,,,,,,,,,,,,,,
GA,13,Lee,13177,2009,,,,,,,,,,,,,,,
GA,13,Lee,13177,2010,,,,,,,,,,,,,,,
GA,13,Lee,13177,2011,,,,,,,,,,,,,,,
GA,13,Lee,13177,2012,,,,,,,,,,,,,,,
GA,13,Lee,13177,2013,,,,,,,,,,,,,,,
GA,13,Lee,13177,2014,,,,,,,,,,,,,,,
GA,13,Lee,13177,2015,,,,,,,,,,,,,,,
GA,13,Lee,13177,2016,,,,,,,,,,,,,,,
GA,13,Lee,13177,2017,,,,,,,,,,,,,,,
GA,13,Lee,13177,2018,,,,,,,,,,,,,,,
GA,13,Lee,13177,2019,,,,,,,,,,,,,,,
GA,13,Lee,13177,2020,,,,,,,,,,,,,,,
GA,13,Lee,13177,2021,,,,,,,,,,,,,,,
GA,13,Lee,13177,2022,,,,,,,,,,,,,,,
GA,13,Liberty,13179,2000,,,,,,,,,,,,,,,
GA,13,Liberty,13179,2001,,,,,,,,,,,,,,,
GA,13,Liberty,13179,2002,,704104267.0,,644869231.0,,,,,,,,,,,
GA,13,Liberty,13179,2003,,,,,,,,,,,,,,,
GA,13,Liberty,13179,2004,,,,,,,,,,,,,,,
GA,13,Liberty,13179,2005,,,,,,,,,,,,,,,
GA,13,Liberty,13179,2006,,,,,,,,,,,,,,,
GA,13,Liberty,13179,2007,,,,,,,,,,,,,,,
GA,13,Liberty,13179,2008,,,,,,,,,,,,,,,
GA,13,Liberty,13179,2009,,,,,,,,,,,,,,,
GA,13,Liberty,13179,2010,,,,,,,,,,,,,,,
GA,13,Liberty,13179,2011,,,,,,,,,,,,,,,
GA,13,Liberty,13179,2012,,,,,,,,,,,,,,,
GA,13,Liberty,13179,2013,,,,,,,,,,,,,,,
GA,13,Liberty,13179,2014,,,,,,,,,,,,,,,
GA,13,Liberty,13179,2015,,,,,,,,,,,,,,,
GA,13,Liberty,13179,2016,,,,,,,,,,,,,,,
GA,13,Liberty,13179,2017,,,,,,,,,,,,,,,
GA,13,Liberty,13179,2018,,,,,,,,,,,,,,,
GA,13,Liberty,13179,2019,,,,,,,,,,,,,,,
GA,13,Liberty,13179,2020,,,,,,,,,,,,,,,
GA,13,Liberty,13179,2021,,,,,,,,,,,,,,,
GA,13,Liberty,13179,2022,,,,,,,,,,,,,,,
GA,13,Lincoln,13181,2000,,,,,,,,,,,,,,,
GA,13,Lincoln,13181,2001,,,,,,,,,,,,,,,
GA,13,Lincoln,13181,2002,,220424036.0,,198942241.0,,,,,,,,,,,
GA,13,Lincoln,13181,2003,,,,,,,,,,,,,,,
GA,13,Lincoln,13181,2004,,,,,,,,,,,,,,,
GA,13,Lincoln,13181,2005,,,,,,,,,,,,,,,
GA,13,Lincoln,13181,2006,,,,,,,,,,,,,,,
GA,13,Lincoln,13181,2007,,,,,,,,,,,,,,,
GA,13,Lincoln,13181,2008,,,,,,,,,,,,,,,
GA,13,Lincoln,13181,2009,,,,,,,,,,,,,,,
GA,13,Lincoln,13181,2010,,,,,,,,,,,,,,,
GA,13,Lincoln,13181,2011,,,,,,,,,,,,,,,
GA,13,Lincoln,13181,2012,,,,,,,,,,,,,,,
GA,13,Lincoln,13181,2013,,,,,,,,,,,,,,,
GA,13,Lincoln,13181,2014,,,,,,,,,,,,,,,
GA,13,Lincoln,13181,2015,,,,,,,,,,,,,,,
GA,13,Lincoln,13181,2016,,,,,,,,,,,,,,,
GA,13,Lincoln,13181,2017,,,,,,,,,,,,,,,
GA,13,Lincoln,13181,2018,,,,,,,,,,,,,,,
GA,13,Lincoln,13181,2019,,,,,,,,,,,,,,,
GA,13,Lincoln,13181,2020,,,,,,,,,,,,,,,
GA,13,Lincoln,13181,2021,,,,,,,,,,,,,,,
GA,13,Lincoln,13181,2022,,,,,,,,,,,,,,,
GA,13,Long,13183,2000,,,,,,,,,,,,,,,
GA,13,Long,13183,2001,,,,,,,,,,,,,,,
GA,13,Long,13183,2002,,128815395.0,,122510492.0,,,,,,,,,,,
GA,13,Long,13183,2003,,,,,,,,,,,,,,,
GA,13,Long,13183,2004,,,,,,,,,,,,,,,
GA,13,Long,13183,2005,,,,,,,,,,,,,,,
GA,13,Long,13183,2006,,,,,,,,,,,,,,,
GA,13,Long,13183,2007,,,,,,,,,,,,,,,
GA,13,Long,13183,2008,,,,,,,,,,,,,,,
GA,13,Long,13183,2009,,,,,,,,,,,,,,,
GA,13,Long,13183,2010,,,,,,,,,,,,,,,
GA,13,Long,13183,2011,,,,,,,,,,,,,,,
GA,13,Long,13183,2012,,,,,,,,,,,,,,,
GA,13,Long,13183,2013,,,,,,,,,,,,,,,
GA,13,Long,13183,2014,,,,,,,,,,,,,,,
GA,13,Long,13183,2015,,,,,,,,,,,,,,,
GA,13,Long,13183,2016,,,,,,,,,,,,,,,
GA,13,Long,13183,2017,,,,,,,,,,,,,,,
GA,13,Long,13183,2018,,,,,,,,,,,,,,,
GA,13,Long,13183,2019,,,,,,,,,,,,,,,
GA,13,Long,13183,2020,,,,,,,,,,,,,,,
GA,13,Long,13183,2021,,,,,,,,,,,,,,,
GA,13,Long,13183,2022,,,,,,,,,,,,,,,
GA,13,Lowndes,13185,2000,,,,,,,,,,,,,,,
GA,13,Lowndes,13185,2001,,,,,,,,,,,,,,,
GA,13,Lowndes,13185,2002,,2033283290.0,,1831102771.0,,,,,,,,,,,
GA,13,Lowndes,13185,2003,,,,,,,,,,,,,,,
GA,13,Lowndes,13185,2004,,,,,,,,,,,,,,,
GA,13,Lowndes,13185,2005,,,,,,,,,,,,,,,
GA,13,Lowndes,13185,2006,,,,,,,,,,,,,,,
GA,13,Lowndes,13185,2007,,,,,,,,,,,,,,,
GA,13,Lowndes,13185,2008,,,,,,,,,,,,,,,
GA,13,Lowndes,13185,2009,,,,,,,,,,,,,,,
GA,13,Lowndes,13185,2010,,,,,,,,,,,,,,,
GA,13,Lowndes,13185,2011,,,,,,,,,,,,,,,
GA,13,Lowndes,13185,2012,,,,,,,,,,,,,,,
GA,13,Lowndes,13185,2013,,,,,,,,,,,,,,,
GA,13,Lowndes,13185,2014,,,,,,,,,,,,,,,
GA,13,Lowndes,13185,2015,,,,,,,,,,,,,,,
GA,13,Lowndes,13185,2016,,,,,,,,,,,,,,,
GA,13,Lowndes,13185,2017,,,,,,,,,,,,,,,
GA,13,Lowndes,13185,2018,,,,,,,,,,,,,,,
GA,13,Lowndes,13185,2019,,,,,,,,,,,,,,,
GA,13,Lowndes,13185,2020,,,,,,,,,,,,,,,
GA,13,Lowndes,13185,2021,,,,,,,,,,,,,,,
GA,13,Lowndes,13185,2022,,,,,,,,,,,,,,,
GA,13,Lumpkin,13187,2000,,,,,,,,,,,,,,,
GA,13,Lumpkin,13187,2001,,,,,,,,,,,,,,,
GA,13,Lumpkin,13187,2002,,892886389.0,,774789115.0,,,,,,,,,,,
GA,13,Lumpkin,13187,2003,,,,,,,,,,,,,,,
GA,13,Lumpkin,13187,2004,,,,,,,,,,,,,,,
GA,13,Lumpkin,13187,2005,,,,,,,,,,,,,,,
GA,13,Lumpkin,13187,2006,,,,,,,,,,,,,,,
GA,13,Lumpkin,13187,2007,,,,,,,,,,,,,,,
GA,13,Lumpkin,13187,2008,,,,,,,,,,,,,,,
GA,13,Lumpkin,13187,2009,,,,,,,,,,,,,,,
GA,13,Lumpkin,13187,2010,,,,,,,,,,,,,,,
GA,13,Lumpkin,13187,2011,,,,,,,,,,,,,,,
GA,13,Lumpkin,13187,2012,,,,,,,,,,,,,,,
GA,13,Lumpkin,13187,2013,,,,,,,,,,,,,,,
GA,13,Lumpkin,13187,2014,,,,,,,,,,,,,,,
GA,13,Lumpkin,13187,2015,,,,,,,,,,,,,,,
GA,13,Lumpkin,13187,2016,,,,,,,,,,,,,,,
GA,13,Lumpkin,13187,2017,,,,,,,,,,,,,,,
GA,13,Lumpkin,13187,2018,,,,,,,,,,,,,,,
GA,13,Lumpkin,13187,2019,,,,,,,,,,,,,,,
GA,13,Lumpkin,13187,2020,,,,,,,,,,,,,,,
GA,13,Lumpkin,13187,2021,,,,,,,,,,,,,,,
GA,13,Lumpkin,13187,2022,,,,,,,,,,,,,,,
GA,13,McDuffie,13189,2000,,,,,,,,,,,,,,,
GA,13,McDuffie,13189,2001,,,,,,,,,,,,,,,
GA,13,McDuffie,13189,2002,,465427945.0,,410327023.0,,,,,,,,,,,
GA,13,McDuffie,13189,2003,,,,,,,,,,,,,,,
GA,13,McDuffie,13189,2004,,,,,,,,,,,,,,,
GA,13,McDuffie,13189,2005,,,,,,,,,,,,,,,
GA,13,McDuffie,13189,2006,,,,,,,,,,,,,,,
GA,13,McDuffie,13189,2007,,,,,,,,,,,,,,,
GA,13,McDuffie,13189,2008,,,,,,,,,,,,,,,
GA,13,McDuffie,13189,2009,,,,,,,,,,,,,,,
GA,13,McDuffie,13189,2010,,,,,,,,,,,,,,,
GA,13,McDuffie,13189,2011,,,,,,,,,,,,,,,
GA,13,McDuffie,13189,2012,,,,,,,,,,,,,,,
GA,13,McDuffie,13189,2013,,,,,,,,,,,,,,,
GA,13,McDuffie,13189,2014,,,,,,,,,,,,,,,
GA,13,McDuffie,13189,2015,,,,,,,,,,,,,,,
GA,13,McDuffie,13189,2016,,,,,,,,,,,,,,,
GA,13,McDuffie,13189,2017,,,,,,,,,,,,,,,
GA,13,McDuffie,13189,2018,,,,,,,,,,,,,,,
GA,13,McDuffie,13189,2019,,,,,,,,,,,,,,,
GA,13,McDuffie,13189,2020,,,,,,,,,,,,,,,
GA,13,McDuffie,13189,2021,,,,,,,,,,,,,,,
GA,13,McDuffie,13189,2022,,,,,,,,,,,,,,,
GA,13,McIntosh,13191,2000,,,,,,,,,,,,,,,
GA,13,McIntosh,13191,2001,,,,,,,,,,,,,,,
GA,13,McIntosh,13191,2002,,228844654.0,,220152014.0,,,,,,,,,,,
GA,13,McIntosh,13191,2003,,,,,,,,,,,,,,,
GA,13,McIntosh,13191,2004,,,,,,,,,,,,,,,
GA,13,McIntosh,13191,2005,,,,,,,,,,,,,,,
GA,13,McIntosh,13191,2006,,,,,,,,,,,,,,,
GA,13,McIntosh,13191,2007,,,,,,,,,,,,,,,
GA,13,McIntosh,13191,2008,,,,,,,,,,,,,,,
GA,13,McIntosh,13191,2009,,,,,,,,,,,,,,,
GA,13,McIntosh,13191,2010,,,,,,,,,,,,,,,
GA,13,McIntosh,13191,2011,,,,,,,,,,,,,,,
GA,13,McIntosh,13191,2012,,,,,,,,,,,,,,,
GA,13,McIntosh,13191,2013,,,,,,,,,,,,,,,
GA,13,McIntosh,13191,2014,,,,,,,,,,,,,,,
GA,13,McIntosh,13191,2015,,,,,,,,,,,,,,,
GA,13,McIntosh,13191,2016,,,,,,,,,,,,,,,
GA,13,McIntosh,13191,2017,,,,,,,,,,,,,,,
GA,13,McIntosh,13191,2018,,,,,,,,,,,,,,,
GA,13,McIntosh,13191,2019,,,,,,,,,,,,,,,
GA,13,McIntosh,13191,2020,,,,,,,,,,,,,,,
GA,13,McIntosh,13191,2021,,,,,,,,,,,,,,,
GA,13,McIntosh,13191,2022,,,,,,,,,,,,,,,
GA,13,Macon,13193,2000,,,,,,,,,,,,,,,
GA,13,Macon,13193,2001,,,,,,,,,,,,,,,
GA,13,Macon,13193,2002,,263677443.0,,253280220.0,,,,,,,,,,,
GA,13,Macon,13193,2003,,,,,,,,,,,,,,,
GA,13,Macon,13193,2004,,,,,,,,,,,,,,,
GA,13,Macon,13193,2005,,,,,,,,,,,,,,,
GA,13,Macon,13193,2006,,,,,,,,,,,,,,,
GA,13,Macon,13193,2007,,,,,,,,,,,,,,,
GA,13,Macon,13193,2008,,,,,,,,,,,,,,,
GA,13,Macon,13193,2009,,,,,,,,,,,,,,,
GA,13,Macon,13193,2010,,,,,,,,,,,,,,,
GA,13,Macon,13193,2011,,,,,,,,,,,,,,,
GA,13,Macon,13193,2012,,,,,,,,,,,,,,,
GA,13,Macon,13193,2013,,,,,,,,,,,,,,,
GA,13,Macon,13193,2014,,,,,,,,,,,,,,,
GA,13,Macon,13193,2015,,,,,,,,,,,,,,,
GA,13,Macon,13193,2016,,,,,,,,,,,,,,,
GA,13,Macon,13193,2017,,,,,,,,,,,,,,,
GA,13,Macon,13193,2018,,,,,,,,,,,,,,,
GA,13,Macon,13193,2019,,,,,,,,,,,,,,,
GA,13,Macon,13193,2020,,,,,,,,,,,,,,,
GA,13,Macon,13193,2021,,,,,,,,,,,,,,,
GA,13,Macon,13193,2022,,,,,,,,,,,,,,,
GA,13,Madison,13195,2000,,,,,,,,,,,,,,,
GA,13,Madison,13195,2001,,,,,,,,,,,,,,,
GA,13,Madison,13195,2002,,501428618.0,,451207288.0,,,,,,,,,,,
GA,13,Madison,13195,2003,,,,,,,,,,,,,,,
GA,13,Madison,13195,2004,,,,,,,,,,,,,,,
GA,13,Madison,13195,2005,,,,,,,,,,,,,,,
GA,13,Madison,13195,2006,,,,,,,,,,,,,,,
GA,13,Madison,13195,2007,,,,,,,,,,,,,,,
GA,13,Madison,13195,2008,,,,,,,,,,,,,,,
GA,13,Madison,13195,2009,,,,,,,,,,,,,,,
GA,13,Madison,13195,2010,,,,,,,,,,,,,,,
GA,13,Madison,13195,2011,,,,,,,,,,,,,,,
GA,13,Madison,13195,2012,,,,,,,,,,,,,,,
GA,13,Madison,13195,2013,,,,,,,,,,,,,,,
GA,13,Madison,13195,2014,,,,,,,,,,,,,,,
GA,13,Madison,13195,2015,,,,,,,,,,,,,,,
GA,13,Madison,13195,2016,,,,,,,,,,,,,,,
GA,13,Madison,13195,2017,,,,,,,,,,,,,,,
GA,13,Madison,13195,2018,,,,,,,,,,,,,,,
GA,13,Madison,13195,2019,,,,,,,,,,,,,,,
GA,13,Madison,13195,2020,,,,,,,,,,,,,,,
GA,13,Madison,13195,2021,,,,,,,,,,,,,,,
GA,13,Madison,13195,2022,,,,,,,,,,,,,,,
GA,13,Marion,13197,2000,,,,,,,,,,,,,,,
GA,13,Marion,13197,2001,,,,,,,,,,,,,,,
GA,13,Marion,13197,2002,,135969621.0,,131353961.0,,,,,,,,,,,
GA,13,Marion,13197,2003,,,,,,,,,,,,,,,
GA,13,Marion,13197,2004,,,,,,,,,,,,,,,
GA,13,Marion,13197,2005,,,,,,,,,,,,,,,
GA,13,Marion,13197,2006,,,,,,,,,,,,,,,
GA,13,Marion,13197,2007,,,,,,,,,,,,,,,
GA,13,Marion,13197,2008,,,,,,,,,,,,,,,
GA,13,Marion,13197,2009,,,,,,,,,,,,,,,
GA,13,Marion,13197,2010,,,,,,,,,,,,,,,
GA,13,Marion,13197,2011,,,,,,,,,,,,,,,
GA,13,Marion,13197,2012,,,,,,,,,,,,,,,
GA,13,Marion,13197,2013,,,,,,,,,,,,,,,
GA,13,Marion,13197,2014,,,,,,,,,,,,,,,
GA,13,Marion,13197,2015,,,,,,,,,,,,,,,
GA,13,Marion,13197,2016,,,,,,,,,,,,,,,
GA,13,Marion,13197,2017,,,,,,,,,,,,,,,
GA,13,Marion,13197,2018,,,,,,,,,,,,,,,
GA,13,Marion,13197,2019,,,,,,,,,,,,,,,
GA,13,Marion,13197,2020,,,,,,,,,,,,,,,
GA,13,Marion,13197,2021,,,,,,,,,,,,,,,
GA,13,Marion,13197,2022,,,,,,,,,,,,,,,
GA,13,Meriwether,13199,2000,,,,,,,,,,,,,,,
GA,13,Meriwether,13199,2001,,,,,,,,,,,,,,,
GA,13,Meriwether,13199,2002,,474098550.0,,399081763.0,,,,,,,,,,,
GA,13,Meriwether,13199,2003,,,,,,,,,,,,,,,
GA,13,Meriwether,13199,2004,,,,,,,,,,,,,,,
GA,13,Meriwether,13199,2005,,,,,,,,,,,,,,,
GA,13,Meriwether,13199,2006,,,,,,,,,,,,,,,
GA,13,Meriwether,13199,2007,,,,,,,,,,,,,,,
GA,13,Meriwether,13199,2008,,,,,,,,,,,,,,,
GA,13,Meriwether,13199,2009,,,,,,,,,,,,,,,
GA,13,Meriwether,13199,2010,,,,,,,,,,,,,,,
GA,13,Meriwether,13199,2011,,,,,,,,,,,,,,,
GA,13,Meriwether,13199,2012,,,,,,,,,,,,,,,
GA,13,Meriwether,13199,2013,,,,,,,,,,,,,,,
GA,13,Meriwether,13199,2014,,,,,,,,,,,,,,,
GA,13,Meriwether,13199,2015,,,,,,,,,,,,,,,
GA,13,Meriwether,13199,2016,,,,,,,,,,,,,,,
GA,13,Meriwether,13199,2017,,,,,,,,,,,,,,,
GA,13,Meriwether,13199,2018,,,,,,,,,,,,,,,
GA,13,Meriwether,13199,2019,,,,,,,,,,,,,,,
GA,13,Meriwether,13199,2020,,,,,,,,,,,,,,,
GA,13,Meriwether,13199,2021,,,,,,,,,,,,,,,
GA,13,Meriwether,13199,2022,,,,,,,,,,,,,,,
GA,13,Miller,13201,2000,,,,,,,,,,,,,,,
GA,13,Miller,13201,2001,,,,,,,,,,,,,,,
GA,13,Miller,13201,2002,,121868241.0,,107611328.0,,,,,,,,,,,
GA,13,Miller,13201,2003,,,,,,,,,,,,,,,
GA,13,Miller,13201,2004,,,,,,,,,,,,,,,
GA,13,Miller,13201,2005,,,,,,,,,,,,,,,
GA,13,Miller,13201,2006,,,,,,,,,,,,,,,
GA,13,Miller,13201,2007,,,,,,,,,,,,,,,
GA,13,Miller,13201,2008,,,,,,,,,,,,,,,
GA,13,Miller,13201,2009,,,,,,,,,,,,,,,
GA,13,Miller,13201,2010,,,,,,,,,,,,,,,
GA,13,Miller,13201,2011,,,,,,,,,,,,,,,
GA,13,Miller,13201,2012,,,,,,,,,,,,,,,
GA,13,Miller,13201,2013,,,,,,,,,,,,,,,
GA,13,Miller,13201,2014,,,,,,,,,,,,,,,
GA,13,Miller,13201,2015,,,,,,,,,,,,,,,
GA,13,Miller,13201,2016,,,,,,,,,,,,,,,
GA,13,Miller,13201,2017,,,,,,,,,,,,,,,
GA,13,Miller,13201,2018,,,,,,,,,,,,,,,
GA,13,Miller,13201,2019,,,,,,,,,,,,,,,
GA,13,Miller,13201,2020,,,,,,,,,,,,,,,
GA,13,Miller,13201,2021,,,,,,,,,,,,,,,
GA,13,Miller,13201,2022,,,,,,,,,,,,,,,
GA,13,Mitchell,13205,2000,,,,,,,,,,,,,,,
GA,13,Mitchell,13205,2001,,,,,,,,,,,,,,,
GA,13,Mitchell,13205,2002,,485917183.0,,408717873.0,,,,,,,,,,,
GA,13,Mitchell,13205,2003,,,,,,,,,,,,,,,
GA,13,Mitchell,13205,2004,,,,,,,,,,,,,,,
GA,13,Mitchell,13205,2005,,,,,,,,,,,,,,,
GA,13,Mitchell,13205,2006,,,,,,,,,,,,,,,
GA,13,Mitchell,13205,2007,,,,,,,,,,,,,,,
GA,13,Mitchell,13205,2008,,,,,,,,,,,,,,,
GA,13,Mitchell,13205,2009,,,,,,,,,,,,,,,
GA,13,Mitchell,13205,2010,,,,,,,,,,,,,,,
GA,13,Mitchell,13205,2011,,,,,,,,,,,,,,,
GA,13,Mitchell,13205,2012,,,,,,,,,,,,,,,
GA,13,Mitchell,13205,2013,,,,,,,,,,,,,,,
GA,13,Mitchell,13205,2014,,,,,,,,,,,,,,,
GA,13,Mitchell,13205,2015,,,,,,,,,,,,,,,
GA,13,Mitchell,13205,2016,,,,,,,,,,,,,,,
GA,13,Mitchell,13205,2017,,,,,,,,,,,,,,,
GA,13,Mitchell,13205,2018,,,,,,,,,,,,,,,
GA,13,Mitchell,13205,2019,,,,,,,,,,,,,,,
GA,13,Mitchell,13205,2020,,,,,,,,,,,,,,,
GA,13,Mitchell,13205,2021,,,,,,,,,,,,,,,
GA,13,Mitchell,13205,2022,,,,,,,,,,,,,,,
GA,13,Monroe,13207,2000,,,,,,,,,,,,,,,
GA,13,Monroe,13207,2001,,,,,,,,,,,,,,,
GA,13,Monroe,13207,2002,,1058956669.0,,960135206.0,,,,,,,,,,,
GA,13,Monroe,13207,2003,,,,,,,,,,,,,,,
GA,13,Monroe,13207,2004,,,,,,,,,,,,,,,
GA,13,Monroe,13207,2005,,,,,,,,,,,,,,,
GA,13,Monroe,13207,2006,,,,,,,,,,,,,,,
GA,13,Monroe,13207,2007,,,,,,,,,,,,,,,
GA,13,Monroe,13207,2008,,,,,,,,,,,,,,,
GA,13,Monroe,13207,2009,,,,,,,,,,,,,,,
GA,13,Monroe,13207,2010,,,,,,,,,,,,,,,
GA,13,Monroe,13207,2011,,,,,,,,,,,,,,,
GA,13,Monroe,13207,2012,,,,,,,,,,,,,,,
GA,13,Monroe,13207,2013,,,,,,,,,,,,,,,
GA,13,Monroe,13207,2014,,,,,,,,,,,,,,,
GA,13,Monroe,13207,2015,,,,,,,,,,,,,,,
GA,13,Monroe,13207,2016,,,,,,,,,,,,,,,
GA,13,Monroe,13207,2017,,,,,,,,,,,,,,,
GA,13,Monroe,13207,2018,,,,,,,,,,,,,,,
GA,13,Monroe,13207,2019,,,,,,,,,,,,,,,
GA,13,Monroe,13207,2020,,,,,,,,,,,,,,,
GA,13,Monroe,13207,2021,,,,,,,,,,,,,,,
GA,13,Monroe,13207,2022,,,,,,,,,,,,,,,
GA,13,Montgomery,13209,2000,,,,,,,,,,,,,,,
GA,13,Montgomery,13209,2001,,,,,,,,,,,,,,,
GA,13,Montgomery,13209,2002,,152766036.0,,137485793.0,,,,,,,,,,,
GA,13,Montgomery,13209,2003,,,,,,,,,,,,,,,
GA,13,Montgomery,13209,2004,,,,,,,,,,,,,,,
GA,13,Montgomery,13209,2005,,,,,,,,,,,,,,,
GA,13,Montgomery,13209,2006,,,,,,,,,,,,,,,
GA,13,Montgomery,13209,2007,,,,,,,,,,,,,,,
GA,13,Montgomery,13209,2008,,,,,,,,,,,,,,,
GA,13,Montgomery,13209,2009,,,,,,,,,,,,,,,
GA,13,Montgomery,13209,2010,,,,,,,,,,,,,,,
GA,13,Montgomery,13209,2011,,,,,,,,,,,,,,,
GA,13,Montgomery,13209,2012,,,,,,,,,,,,,,,
GA,13,Montgomery,13209,2013,,,,,,,,,,,,,,,
GA,13,Montgomery,13209,2014,,,,,,,,,,,,,,,
GA,13,Montgomery,13209,2015,,,,,,,,,,,,,,,
GA,13,Montgomery,13209,2016,,,,,,,,,,,,,,,
GA,13,Montgomery,13209,2017,,,,,,,,,,,,,,,
GA,13,Montgomery,13209,2018,,,,,,,,,,,,,,,
GA,13,Montgomery,13209,2019,,,,,,,,,,,,,,,
GA,13,Montgomery,13209,2020,,,,,,,,,,,,,,,
GA,13,Montgomery,13209,2021,,,,,,,,,,,,,,,
GA,13,Montgomery,13209,2022,,,,,,,,,,,,,,,
GA,13,Morgan,13211,2000,,,,,,,,,,,,,,,
GA,13,Morgan,13211,2001,,,,,,,,,,,,,,,
GA,13,Morgan,13211,2002,,661216085.0,,528017313.0,,,,,,,,,,,
GA,13,Morgan,13211,2003,,,,,,,,,,,,,,,
GA,13,Morgan,13211,2004,,,,,,,,,,,,,,,
GA,13,Morgan,13211,2005,,,,,,,,,,,,,,,
GA,13,Morgan,13211,2006,,,,,,,,,,,,,,,
GA,13,Morgan,13211,2007,,,,,,,,,,,,,,,
GA,13,Morgan,13211,2008,,,,,,,,,,,,,,,
GA,13,Morgan,13211,2009,,,,,,,,,,,,,,,
GA,13,Morgan,13211,2010,,,,,,,,,,,,,,,
GA,13,Morgan,13211,2011,,,,,,,,,,,,,,,
GA,13,Morgan,13211,2012,,,,,,,,,,,,,,,
GA,13,Morgan,13211,2013,,,,,,,,,,,,,,,
GA,13,Morgan,13211,2014,,,,,,,,,,,,,,,
GA,13,Morgan,13211,2015,,,,,,,,,,,,,,,
GA,13,Morgan,13211,2016,,,,,,,,,,,,,,,
GA,13,Morgan,13211,2017,,,,,,,,,,,,,,,
GA,13,Morgan,13211,2018,,,,,,,,,,,,,,,
GA,13,Morgan,13211,2019,,,,,,,,,,,,,,,
GA,13,Morgan,13211,2020,,,,,,,,,,,,,,,
GA,13,Morgan,13211,2021,,,,,,,,,,,,,,,
GA,13,Morgan,13211,2022,,,,,,,,,,,,,,,
GA,13,Murray,13213,2000,,,,,,,,,,,,,,,
GA,13,Murray,13213,2001,,,,,,,,,,,,,,,
GA,13,Murray,13213,2002,,847257960.0,,811747606.0,,,,,,,,,,,
GA,13,Murray,13213,2003,,,,,,,,,,,,,,,
GA,13,Murray,13213,2004,,,,,,,,,,,,,,,
GA,13,Murray,13213,2005,,,,,,,,,,,,,,,
GA,13,Murray,13213,2006,,,,,,,,,,,,,,,
GA,13,Murray,13213,2007,,,,,,,,,,,,,,,
GA,13,Murray,13213,2008,,,,,,,,,,,,,,,
GA,13,Murray,13213,2009,,,,,,,,,,,,,,,
GA,13,Murray,13213,2010,,,,,,,,,,,,,,,
GA,13,Murray,13213,2011,,,,,,,,,,,,,,,
GA,13,Murray,13213,2012,,,,,,,,,,,,,,,
GA,13,Murray,13213,2013,,,,,,,,,,,,,,,
GA,13,Murray,13213,2014,,,,,,,,,,,,,,,
GA,13,Murray,13213,2015,,,,,,,,,,,,,,,
GA,13,Murray,13213,2016,,,,,,,,,,,,,,,
GA,13,Murray,13213,2017,,,,,,,,,,,,,,,
GA,13,Murray,13213,2018,,,,,,,,,,,,,,,
GA,13,Murray,13213,2019,,,,,,,,,,,,,,,
GA,13,Murray,13213,2020,,,,,,,,,,,,,,,
GA,13,Murray,13213,2021,,,,,,,,,,,,,,,
GA,13,Murray,13213,2022,,,,,,,,,,,,,,,
GA,13,Muscogee,13215,2000,,,,,,,,,,,,,,,
GA,13,Muscogee,13215,2001,,,,,,,,,,,,,,,
GA,13,Muscogee,13215,2002,,3982285393.0,,3027005979.0,,,,,,,,,,,
GA,13,Muscogee,13215,2003,,,,,,,,,,,,,,,
GA,13,Muscogee,13215,2004,,,,,,,,,,,,,,,
GA,13,Muscogee,13215,2005,,,,,,,,,,,,,,,
GA,13,Muscogee,13215,2006,,,,,,,,,,,,,,,
GA,13,Muscogee,13215,2007,,,,,,,,,,,,,,,
GA,13,Muscogee,13215,2008,,,,,,,,,,,,,,,
GA,13,Muscogee,13215,2009,,,,,,,,,,,,,,,
GA,13,Muscogee,13215,2010,,,,,,,,,,,,,,,
GA,13,Muscogee,13215,2011,,,,,,,,,,,,,,,
GA,13,Muscogee,13215,2012,,,,,,,,,,,,,,,
GA,13,Muscogee,13215,2013,,,,,,,,,,,,,,,
GA,13,Muscogee,13215,2014,,,,,,,,,,,,,,,
GA,13,Muscogee,13215,2015,,,,,,,,,,,,,,,
GA,13,Muscogee,13215,2016,,,,,,,,,,,,,,,
GA,13,Muscogee,13215,2017,,,,,,,,,,,,,,,
GA,13,Muscogee,13215,2018,,,,,,,,,,,,,,,
GA,13,Muscogee,13215,2019,,,,,,,,,,,,,,,
GA,13,Muscogee,13215,2020,,,,,,,,,,,,,,,
GA,13,Muscogee,13215,2021,,,,,,,,,,,,,,,
GA,13,Muscogee,13215,2022,,,,,,,,,,,,,,,
GA,13,Newton,13217,2000,,,,,,,,,,,,,,,
GA,13,Newton,13217,2001,,,,,,,,,,,,,,,
GA,13,Newton,13217,2002,,1921672141.0,,1648662832.0,,,,,,,,,,,
GA,13,Newton,13217,2003,,,,,,,,,,,,,,,
GA,13,Newton,13217,2004,,,,,,,,,,,,,,,
GA,13,Newton,13217,2005,,,,,,,,,,,,,,,
GA,13,Newton,13217,2006,,,,,,,,,,,,,,,
GA,13,Newton,13217,2007,,,,,,,,,,,,,,,
GA,13,Newton,13217,2008,,,,,,,,,,,,,,,
GA,13,Newton,13217,2009,,,,,,,,,,,,,,,
GA,13,Newton,13217,2010,,,,,,,,,,,,,,,
GA,13,Newton,13217,2011,,,,,,,,,,,,,,,
GA,13,Newton,13217,2012,,,,,,,,,,,,,,,
GA,13,Newton,13217,2013,,,,,,,,,,,,,,,
GA,13,Newton,13217,2014,,,,,,,,,,,,,,,
GA,13,Newton,13217,2015,,,,,,,,,,,,,,,
GA,13,Newton,13217,2016,,,,,,,,,,,,,,,
GA,13,Newton,13217,2017,,,,,,,,,,,,,,,
GA,13,Newton,13217,2018,,,,,,,,,,,,,,,
GA,13,Newton,13217,2019,,,,,,,,,,,,,,,
GA,13,Newton,13217,2020,,,,,,,,,,,,,,,
GA,13,Newton,13217,2021,,,,,,,,,,,,,,,
GA,13,Newton,13217,2022,,,,,,,,,,,,,,,
GA,13,Oconee,13219,2000,,,,,,,,,,,,,,,
GA,13,Oconee,13219,2001,,,,,,,,,,,,,,,
GA,13,Oconee,13219,2002,,962930166.0,,862901203.0,,,,,,,,,,,
GA,13,Oconee,13219,2003,,,,,,,,,,,,,,,
GA,13,Oconee,13219,2004,,,,,,,,,,,,,,,
GA,13,Oconee,13219,2005,,,,,,,,,,,,,,,
GA,13,Oconee,13219,2006,,,,,,,,,,,,,,,
GA,13,Oconee,13219,2007,,,,,,,,,,,,,,,
GA,13,Oconee,13219,2008,,,,,,,,,,,,,,,
GA,13,Oconee,13219,2009,,,,,,,,,,,,,,,
GA,13,Oconee,13219,2010,,,,,,,,,,,,,,,
GA,13,Oconee,13219,2011,,,,,,,,,,,,,,,
GA,13,Oconee,13219,2012,,,,,,,,,,,,,,,
GA,13,Oconee,13219,2013,,,,,,,,,,,,,,,
GA,13,Oconee,13219,2014,,,,,,,,,,,,,,,
GA,13,Oconee,13219,2015,,,,,,,,,,,,,,,
GA,13,Oconee,13219,2016,,,,,,,,,,,,,,,
GA,13,Oconee,13219,2017,,,,,,,,,,,,,,,
GA,13,Oconee,13219,2018,,,,,,,,,,,,,,,
GA,13,Oconee,13219,2019,,,,,,,,,,,,,,,
GA,13,Oconee,13219,2020,,,,,,,,,,,,,,,
GA,13,Oconee,13219,2021,,,,,,,,,,,,,,,
GA,13,Oconee,13219,2022,,,,,,,,,,,,,,,
GA,13,Oglethorpe,13221,2000,,,,,,,,,,,,,,,
GA,13,Oglethorpe,13221,2001,,,,,,,,,,,,,,,
GA,13,Oglethorpe,13221,2002,,350500597.0,,322159452.0,,,,,,,,,,,
GA,13,Oglethorpe,13221,2003,,,,,,,,,,,,,,,
GA,13,Oglethorpe,13221,2004,,,,,,,,,,,,,,,
GA,13,Oglethorpe,13221,2005,,,,,,,,,,,,,,,
GA,13,Oglethorpe,13221,2006,,,,,,,,,,,,,,,
GA,13,Oglethorpe,13221,2007,,,,,,,,,,,,,,,
GA,13,Oglethorpe,13221,2008,,,,,,,,,,,,,,,
GA,13,Oglethorpe,13221,2009,,,,,,,,,,,,,,,
GA,13,Oglethorpe,13221,2010,,,,,,,,,,,,,,,
GA,13,Oglethorpe,13221,2011,,,,,,,,,,,,,,,
GA,13,Oglethorpe,13221,2012,,,,,,,,,,,,,,,
GA,13,Oglethorpe,13221,2013,,,,,,,,,,,,,,,
GA,13,Oglethorpe,13221,2014,,,,,,,,,,,,,,,
GA,13,Oglethorpe,13221,2015,,,,,,,,,,,,,,,
GA,13,Oglethorpe,13221,2016,,,,,,,,,,,,,,,
GA,13,Oglethorpe,13221,2017,,,,,,,,,,,,,,,
GA,13,Oglethorpe,13221,2018,,,,,,,,,,,,,,,
GA,13,Oglethorpe,13221,2019,,,,,,,,,,,,,,,
GA,13,Oglethorpe,13221,2020,,,,,,,,,,,,,,,
GA,13,Oglethorpe,13221,2021,,,,,,,,,,,,,,,
GA,13,Oglethorpe,13221,2022,,,,,,,,,,,,,,,
GA,13,Paulding,13223,2000,,,,,,,,,,,,,,,
GA,13,Paulding,13223,2001,,,,,,,,,,,,,,,
GA,13,Paulding,13223,2002,,2249122484.0,,2110836862.0,,,,,,,,,,,
GA,13,Paulding,13223,2003,,,,,,,,,,,,,,,
GA,13,Paulding,13223,2004,,,,,,,,,,,,,,,
GA,13,Paulding,13223,2005,,,,,,,,,,,,,,,
GA,13,Paulding,13223,2006,,,,,,,,,,,,,,,
GA,13,Paulding,13223,2007,,,,,,,,,,,,,,,
GA,13,Paulding,13223,2008,,,,,,,,,,,,,,,
GA,13,Paulding,13223,2009,,,,,,,,,,,,,,,
GA,13,Paulding,13223,2010,,,,,,,,,,,,,,,
GA,13,Paulding,13223,2011,,,,,,,,,,,,,,,
GA,13,Paulding,13223,2012,,,,,,,,,,,,,,,
GA,13,Paulding,13223,2013,,,,,,,,,,,,,,,
GA,13,Paulding,13223,2014,,,,,,,,,,,,,,,
GA,13,Paulding,13223,2015,,,,,,,,,,,,,,,
GA,13,Paulding,13223,2016,,,,,,,,,,,,,,,
GA,13,Paulding,13223,2017,,,,,,,,,,,,,,,
GA,13,Paulding,13223,2018,,,,,,,,,,,,,,,
GA,13,Paulding,13223,2019,,,,,,,,,,,,,,,
GA,13,Paulding,13223,2020,,,,,,,,,,,,,,,
GA,13,Paulding,13223,2021,,,,,,,,,,,,,,,
GA,13,Paulding,13223,2022,,,,,,,,,,,,,,,
GA,13,Peach,13225,2000,,,,,,,,,,,,,,,
GA,13,Peach,13225,2001,,,,,,,,,,,,,,,
GA,13,Peach,13225,2002,,424860972.0,,398062984.0,,,,,,,,,,,
GA,13,Peach,13225,2003,,,,,,,,,,,,,,,
GA,13,Peach,13225,2004,,,,,,,,,,,,,,,
GA,13,Peach,13225,2005,,,,,,,,,,,,,,,
GA,13,Peach,13225,2006,,,,,,,,,,,,,,,
GA,13,Peach,13225,2007,,,,,,,,,,,,,,,
GA,13,Peach,13225,2008,,,,,,,,,,,,,,,
GA,13,Peach,13225,2009,,,,,,,,,,,,,,,
GA,13,Peach,13225,2010,,,,,,,,,,,,,,,
GA,13,Peach,13225,2011,,,,,,,,,,,,,,,
GA,13,Peach,13225,2012,,,,,,,,,,,,,,,
GA,13,Peach,13225,2013,,,,,,,,,,,,,,,
GA,13,Peach,13225,2014,,,,,,,,,,,,,,,
GA,13,Peach,13225,2015,,,,,,,,,,,,,,,
GA,13,Peach,13225,2016,,,,,,,,,,,,,,,
GA,13,Peach,13225,2017,,,,,,,,,,,,,,,
GA,13,Peach,13225,2018,,,,,,,,,,,,,,,
GA,13,Peach,13225,2019,,,,,,,,,,,,,,,
GA,13,Peach,13225,2020,,,,,,,,,,,,,,,
GA,13,Peach,13225,2021,,,,,,,,,,,,,,,
GA,13,Peach,13225,2022,,,,,,,,,,,,,,,
GA,13,Pickens,13227,2000,,,,,,,,,,,,,,,
GA,13,Pickens,13227,2001,,,,,,,,,,,,,,,
GA,13,Pickens,13227,2002,,909171113.0,,842828985.0,,,,,,,,,,,
GA,13,Pickens,13227,2003,,,,,,,,,,,,,,,
GA,13,Pickens,13227,2004,,,,,,,,,,,,,,,
GA,13,Pickens,13227,2005,,,,,,,,,,,,,,,
GA,13,Pickens,13227,2006,,,,,,,,,,,,,,,
GA,13,Pickens,13227,2007,,,,,,,,,,,,,,,
GA,13,Pickens,13227,2008,,,,,,,,,,,,,,,
GA,13,Pickens,13227,2009,,,,,,,,,,,,,,,
GA,13,Pickens,13227,2010,,,,,,,,,,,,,,,
GA,13,Pickens,13227,2011,,,,,,,,,,,,,,,
GA,13,Pickens,13227,2012,,,,,,,,,,,,,,,
GA,13,Pickens,13227,2013,,,,,,,,,,,,,,,
GA,13,Pickens,13227,2014,,,,,,,,,,,,,,,
GA,13,Pickens,13227,2015,,,,,,,,,,,,,,,
GA,13,Pickens,13227,2016,,,,,,,,,,,,,,,
GA,13,Pickens,13227,2017,,,,,,,,,,,,,,,
GA,13,Pickens,13227,2018,,,,,,,,,,,,,,,
GA,13,Pickens,13227,2019,,,,,,,,,,,,,,,
GA,13,Pickens,13227,2020,,,,,,,,,,,,,,,
GA,13,Pickens,13227,2021,,,,,,,,,,,,,,,
GA,13,Pickens,13227,2022,,,,,,,,,,,,,,,
GA,13,Pierce,13229,2000,,,,,,,,,,,,,,,
GA,13,Pierce,13229,2001,,,,,,,,,,,,,,,
GA,13,Pierce,13229,2002,,291138251.0,,273157260.0,,,,,,,,,,,
GA,13,Pierce,13229,2003,,,,,,,,,,,,,,,
GA,13,Pierce,13229,2004,,,,,,,,,,,,,,,
GA,13,Pierce,13229,2005,,,,,,,,,,,,,,,
GA,13,Pierce,13229,2006,,,,,,,,,,,,,,,
GA,13,Pierce,13229,2007,,,,,,,,,,,,,,,
GA,13,Pierce,13229,2008,,,,,,,,,,,,,,,
GA,13,Pierce,13229,2009,,,,,,,,,,,,,,,
GA,13,Pierce,13229,2010,,,,,,,,,,,,,,,
GA,13,Pierce,13229,2011,,,,,,,,,,,,,,,
GA,13,Pierce,13229,2012,,,,,,,,,,,,,,,
GA,13,Pierce,13229,2013,,,,,,,,,,,,,,,
GA,13,Pierce,13229,2014,,,,,,,,,,,,,,,
GA,13,Pierce,13229,2015,,,,,,,,,,,,,,,
GA,13,Pierce,13229,2016,,,,,,,,,,,,,,,
GA,13,Pierce,13229,2017,,,,,,,,,,,,,,,
GA,13,Pierce,13229,2018,,,,,,,,,,,,,,,
GA,13,Pierce,13229,2019,,,,,,,,,,,,,,,
GA,13,Pierce,13229,2020,,,,,,,,,,,,,,,
GA,13,Pierce,13229,2021,,,,,,,,,,,,,,,
GA,13,Pierce,13229,2022,,,,,,,,,,,,,,,
GA,13,Pike,13231,2000,,,,,,,,,,,,,,,
GA,13,Pike,13231,2001,,,,,,,,,,,,,,,
GA,13,Pike,13231,2002,,386711920.0,,326257388.0,,,,,,,,,,,
GA,13,Pike,13231,2003,,,,,,,,,,,,,,,
GA,13,Pike,13231,2004,,,,,,,,,,,,,,,
GA,13,Pike,13231,2005,,,,,,,,,,,,,,,
GA,13,Pike,13231,2006,,,,,,,,,,,,,,,
GA,13,Pike,13231,2007,,,,,,,,,,,,,,,
GA,13,Pike,13231,2008,,,,,,,,,,,,,,,
GA,13,Pike,13231,2009,,,,,,,,,,,,,,,
GA,13,Pike,13231,2010,,,,,,,,,,,,,,,
GA,13,Pike,13231,2011,,,,,,,,,,,,,,,
GA,13,Pike,13231,2012,,,,,,,,,,,,,,,
GA,13,Pike,13231,2013,,,,,,,,,,,,,,,
GA,13,Pike,13231,2014,,,,,,,,,,,,,,,
GA,13,Pike,13231,2015,,,,,,,,,,,,,,,
GA,13,Pike,13231,2016,,,,,,,,,,,,,,,
GA,13,Pike,13231,2017,,,,,,,,,,,,,,,
GA,13,Pike,13231,2018,,,,,,,,,,,,,,,
GA,13,Pike,13231,2019,,,,,,,,,,,,,,,
GA,13,Pike,13231,2020,,,,,,,,,,,,,,,
GA,13,Pike,13231,2021,,,,,,,,,,,,,,,
GA,13,Pike,13231,2022,,,,,,,,,,,,,,,
GA,13,Polk,13233,2000,,,,,,,,,,,,,,,
GA,13,Polk,13233,2001,,,,,,,,,,,,,,,
GA,13,Polk,13233,2002,,827925740.0,,754441357.0,,,,,,,,,,,
GA,13,Polk,13233,2003,,,,,,,,,,,,,,,
GA,13,Polk,13233,2004,,,,,,,,,,,,,,,
GA,13,Polk,13233,2005,,,,,,,,,,,,,,,
GA,13,Polk,13233,2006,,,,,,,,,,,,,,,
GA,13,Polk,13233,2007,,,,,,,,,,,,,,,
GA,13,Polk,13233,2008,,,,,,,,,,,,,,,
GA,13,Polk,13233,2009,,,,,,,,,,,,,,,
GA,13,Polk,13233,2010,,,,,,,,,,,,,,,
GA,13,Polk,13233,2011,,,,,,,,,,,,,,,
GA,13,Polk,13233,2012,,,,,,,,,,,,,,,
GA,13,Polk,13233,2013,,,,,,,,,,,,,,,
GA,13,Polk,13233,2014,,,,,,,,,,,,,,,
GA,13,Polk,13233,2015,,,,,,,,,,,,,,,
GA,13,Polk,13233,2016,,,,,,,,,,,,,,,
GA,13,Polk,13233,2017,,,,,,,,,,,,,,,
GA,13,Polk,13233,2018,,,,,,,,,,,,,,,
GA,13,Polk,13233,2019,,,,,,,,,,,,,,,
GA,13,Polk,13233,2020,,,,,,,,,,,,,,,
GA,13,Polk,13233,2021,,,,,,,,,,,,,,,
GA,13,Polk,13233,2022,,,,,,,,,,,,,,,
GA,13,Pulaski,13235,2000,,,,,,,,,,,,,,,
GA,13,Pulaski,13235,2001,,,,,,,,,,,,,,,
GA,13,Pulaski,13235,2002,,183884149.0,,170829503.0,,,,,,,,,,,
GA,13,Pulaski,13235,2003,,,,,,,,,,,,,,,
GA,13,Pulaski,13235,2004,,,,,,,,,,,,,,,
GA,13,Pulaski,13235,2005,,,,,,,,,,,,,,,
GA,13,Pulaski,13235,2006,,,,,,,,,,,,,,,
GA,13,Pulaski,13235,2007,,,,,,,,,,,,,,,
GA,13,Pulaski,13235,2008,,,,,,,,,,,,,,,
GA,13,Pulaski,13235,2009,,,,,,,,,,,,,,,
GA,13,Pulaski,13235,2010,,,,,,,,,,,,,,,
GA,13,Pulaski,13235,2011,,,,,,,,,,,,,,,
GA,13,Pulaski,13235,2012,,,,,,,,,,,,,,,
GA,13,Pulaski,13235,2013,,,,,,,,,,,,,,,
GA,13,Pulaski,13235,2014,,,,,,,,,,,,,,,
GA,13,Pulaski,13235,2015,,,,,,,,,,,,,,,
GA,13,Pulaski,13235,2016,,,,,,,,,,,,,,,
GA,13,Pulaski,13235,2017,,,,,,,,,,,,,,,
GA,13,Pulaski,13235,2018,,,,,,,,,,,,,,,
GA,13,Pulaski,13235,2019,,,,,,,,,,,,,,,
GA,13,Pulaski,13235,2020,,,,,,,,,,,,,,,
GA,13,Pulaski,13235,2021,,,,,,,,,,,,,,,
GA,13,Pulaski,13235,2022,,,,,,,,,,,,,,,
GA,13,Putnam,13237,2000,,,,,,,,,,,,,,,
GA,13,Putnam,13237,2001,,,,,,,,,,,,,,,
GA,13,Putnam,13237,2002,,855453748.0,,774866590.0,,,,,,,,,,,
GA,13,Putnam,13237,2003,,,,,,,,,,,,,,,
GA,13,Putnam,13237,2004,,,,,,,,,,,,,,,
GA,13,Putnam,13237,2005,,,,,,,,,,,,,,,
GA,13,Putnam,13237,2006,,,,,,,,,,,,,,,
GA,13,Putnam,13237,2007,,,,,,,,,,,,,,,
GA,13,Putnam,13237,2008,,,,,,,,,,,,,,,
GA,13,Putnam,13237,2009,,,,,,,,,,,,,,,
GA,13,Putnam,13237,2010,,,,,,,,,,,,,,,
GA,13,Putnam,13237,2011,,,,,,,,,,,,,,,
GA,13,Putnam,13237,2012,,,,,,,,,,,,,,,
GA,13,Putnam,13237,2013,,,,,,,,,,,,,,,
GA,13,Putnam,13237,2014,,,,,,,,,,,,,,,
GA,13,Putnam,13237,2015,,,,,,,,,,,,,,,
GA,13,Putnam,13237,2016,,,,,,,,,,,,,,,
GA,13,Putnam,13237,2017,,,,,,,,,,,,,,,
GA,13,Putnam,13237,2018,,,,,,,,,,,,,,,
GA,13,Putnam,13237,2019,,,,,,,,,,,,,,,
GA,13,Putnam,13237,2020,,,,,,,,,,,,,,,
GA,13,Putnam,13237,2021,,,,,,,,,,,,,,,
GA,13,Putnam,13237,2022,,,,,,,,,,,,,,,
GA,13,Quitman,13239,2000,,,,,,,,,,,,,,,
GA,13,Quitman,13239,2001,,,,,,,,,,,,,,,
GA,13,Quitman,13239,2002,,54086810.0,,49205943.0,,,,,,,,,,,
GA,13,Quitman,13239,2003,,,,,,,,,,,,,,,
GA,13,Quitman,13239,2004,,,,,,,,,,,,,,,
GA,13,Quitman,13239,2005,,,,,,,,,,,,,,,
GA,13,Quitman,13239,2006,,,,,,,,,,,,,,,
GA,13,Quitman,13239,2007,,,,,,,,,,,,,,,
GA,13,Quitman,13239,2008,,,,,,,,,,,,,,,
GA,13,Quitman,13239,2009,,,,,,,,,,,,,,,
GA,13,Quitman,13239,2010,,,,,,,,,,,,,,,
GA,13,Quitman,13239,2011,,,,,,,,,,,,,,,
GA,13,Quitman,13239,2012,,,,,,,,,,,,,,,
GA,13,Quitman,13239,2013,,,,,,,,,,,,,,,
GA,13,Quitman,13239,2014,,,,,,,,,,,,,,,
GA,13,Quitman,13239,2015,,,,,,,,,,,,,,,
GA,13,Quitman,13239,2016,,,,,,,,,,,,,,,
GA,13,Quitman,13239,2017,,,,,,,,,,,,,,,
GA,13,Quitman,13239,2018,,,,,,,,,,,,,,,
GA,13,Quitman,13239,2019,,,,,,,,,,,,,,,
GA,13,Quitman,13239,2020,,,,,,,,,,,,,,,
GA,13,Quitman,13239,2021,,,,,,,,,,,,,,,
GA,13,Quitman,13239,2022,,,,,,,,,,,,,,,
GA,13,Rabun,13241,2000,,,,,,,,,,,,,,,
GA,13,Rabun,13241,2001,,,,,,,,,,,,,,,
GA,13,Rabun,13241,2002,,975042474.0,,924347462.0,,,,,,,,,,,
GA,13,Rabun,13241,2003,,,,,,,,,,,,,,,
GA,13,Rabun,13241,2004,,,,,,,,,,,,,,,
GA,13,Rabun,13241,2005,,,,,,,,,,,,,,,
GA,13,Rabun,13241,2006,,,,,,,,,,,,,,,
GA,13,Rabun,13241,2007,,,,,,,,,,,,,,,
GA,13,Rabun,13241,2008,,,,,,,,,,,,,,,
GA,13,Rabun,13241,2009,,,,,,,,,,,,,,,
GA,13,Rabun,13241,2010,,,,,,,,,,,,,,,
GA,13,Rabun,13241,2011,,,,,,,,,,,,,,,
GA,13,Rabun,13241,2012,,,,,,,,,,,,,,,
GA,13,Rabun,13241,2013,,,,,,,,,,,,,,,
GA,13,Rabun,13241,2014,,,,,,,,,,,,,,,
GA,13,Rabun,13241,2015,,,,,,,,,,,,,,,
GA,13,Rabun,13241,2016,,,,,,,,,,,,,,,
GA,13,Rabun,13241,2017,,,,,,,,,,,,,,,
GA,13,Rabun,13241,2018,,,,,,,,,,,,,,,
GA,13,Rabun,13241,2019,,,,,,,,,,,,,,,
GA,13,Rabun,13241,2020,,,,,,,,,,,,,,,
GA,13,Rabun,13241,2021,,,,,,,,,,,,,,,
GA,13,Rabun,13241,2022,,,,,,,,,,,,,,,
GA,13,Randolph,13243,2000,,,,,,,,,,,,,,,
GA,13,Randolph,13243,2001,,,,,,,,,,,,,,,
GA,13,Randolph,13243,2002,,148924193.0,,137828374.0,,,,,,,,,,,
GA,13,Randolph,13243,2003,,,,,,,,,,,,,,,
GA,13,Randolph,13243,2004,,,,,,,,,,,,,,,
GA,13,Randolph,13243,2005,,,,,,,,,,,,,,,
GA,13,Randolph,13243,2006,,,,,,,,,,,,,,,
GA,13,Randolph,13243,2007,,,,,,,,,,,,,,,
GA,13,Randolph,13243,2008,,,,,,,,,,,,,,,
GA,13,Randolph,13243,2009,,,,,,,,,,,,,,,
GA,13,Randolph,13243,2010,,,,,,,,,,,,,,,
GA,13,Randolph,13243,2011,,,,,,,,,,,,,,,
GA,13,Randolph,13243,2012,,,,,,,,,,,,,,,
GA,13,Randolph,13243,2013,,,,,,,,,,,,,,,
GA,13,Randolph,13243,2014,,,,,,,,,,,,,,,
GA,13,Randolph,13243,2015,,,,,,,,,,,,,,,
GA,13,Randolph,13243,2016,,,,,,,,,,,,,,,
GA,13,Randolph,13243,2017,,,,,,,,,,,,,,,
GA,13,Randolph,13243,2018,,,,,,,,,,,,,,,
GA,13,Randolph,13243,2019,,,,,,,,,,,,,,,
GA,13,Randolph,13243,2020,,,,,,,,,,,,,,,
GA,13,Randolph,13243,2021,,,,,,,,,,,,,,,
GA,13,Randolph,13243,2022,,,,,,,,,,,,,,,
GA,13,Richmond,13245,2000,,,,,,,,,,,,,,,
GA,13,Richmond,13245,2001,,,,,,,,,,,,,,,
GA,13,Richmond,13245,2002,,4128857501.0,,3545418080.0,,,,,,,,,,,
GA,13,Richmond,13245,2003,,,,,,,,,,,,,,,
GA,13,Richmond,13245,2004,,,,,,,,,,,,,,,
GA,13,Richmond,13245,2005,,,,,,,,,,,,,,,
GA,13,Richmond,13245,2006,,,,,,,,,,,,,,,
GA,13,Richmond,13245,2007,,,,,,,,,,,,,,,
GA,13,Richmond,13245,2008,,,,,,,,,,,,,,,
GA,13,Richmond,13245,2009,,,,,,,,,,,,,,,
GA,13,Richmond,13245,2010,,,,,,,,,,,,,,,
GA,13,Richmond,13245,2011,,,,,,,,,,,,,,,
GA,13,Richmond,13245,2012,,,,,,,,,,,,,,,
GA,13,Richmond,13245,2013,,,,,,,,,,,,,,,
GA,13,Richmond,13245,2014,,,,,,,,,,,,,,,
GA,13,Richmond,13245,2015,,,,,,,,,,,,,,,
GA,13,Richmond,13245,2016,,,,,,,,,,,,,,,
GA,13,Richmond,13245,2017,,,,,,,,,,,,,,,
GA,13,Richmond,13245,2018,,,,,,,,,,,,,,,
GA,13,Richmond,13245,2019,,,,,,,,,,,,,,,
GA,13,Richmond,13245,2020,,,,,,,,,,,,,,,
GA,13,Richmond,13245,2021,,,,,,,,,,,,,,,
GA,13,Richmond,13245,2022,,,,,,,,,,,,,,,
GA,13,Rockdale,13247,2000,,,,,,,,,,,,,,,
GA,13,Rockdale,13247,2001,,,,,,,,,,,,,,,
GA,13,Rockdale,13247,2002,,2122769339.0,,1768849888.0,,,,,,,,,,,
GA,13,Rockdale,13247,2003,,,,,,,,,,,,,,,
GA,13,Rockdale,13247,2004,,,,,,,,,,,,,,,
GA,13,Rockdale,13247,2005,,,,,,,,,,,,,,,
GA,13,Rockdale,13247,2006,,,,,,,,,,,,,,,
GA,13,Rockdale,13247,2007,,,,,,,,,,,,,,,
GA,13,Rockdale,13247,2008,,,,,,,,,,,,,,,
GA,13,Rockdale,13247,2009,,,,,,,,,,,,,,,
GA,13,Rockdale,13247,2010,,,,,,,,,,,,,,,
GA,13,Rockdale,13247,2011,,,,,,,,,,,,,,,
GA,13,Rockdale,13247,2012,,,,,,,,,,,,,,,
GA,13,Rockdale,13247,2013,,,,,,,,,,,,,,,
GA,13,Rockdale,13247,2014,,,,,,,,,,,,,,,
GA,13,Rockdale,13247,2015,,,,,,,,,,,,,,,
GA,13,Rockdale,13247,2016,,,,,,,,,,,,,,,
GA,13,Rockdale,13247,2017,,,,,,,,,,,,,,,
GA,13,Rockdale,13247,2018,,,,,,,,,,,,,,,
GA,13,Rockdale,13247,2019,,,,,,,,,,,,,,,
GA,13,Rockdale,13247,2020,,,,,,,,,,,,,,,
GA,13,Rockdale,13247,2021,,,,,,,,,,,,,,,
GA,13,Rockdale,13247,2022,,,,,,,,,,,,,,,
GA,13,Schley,13249,2000,,,,,,,,,,,,,,,
GA,13,Schley,13249,2001,,,,,,,,,,,,,,,
GA,13,Schley,13249,2002,,78523657.0,,71965249.0,,,,,,,,,,,
GA,13,Schley,13249,2003,,,,,,,,,,,,,,,
GA,13,Schley,13249,2004,,,,,,,,,,,,,,,
GA,13,Schley,13249,2005,,,,,,,,,,,,,,,
GA,13,Schley,13249,2006,,,,,,,,,,,,,,,
GA,13,Schley,13249,2007,,,,,,,,,,,,,,,
GA,13,Schley,13249,2008,,,,,,,,,,,,,,,
GA,13,Schley,13249,2009,,,,,,,,,,,,,,,
GA,13,Schley,13249,2010,,,,,,,,,,,,,,,
GA,13,Schley,13249,2011,,,,,,,,,,,,,,,
GA,13,Schley,13249,2012,,,,,,,,,,,,,,,
GA,13,Schley,13249,2013,,,,,,,,,,,,,,,
GA,13,Schley,13249,2014,,,,,,,,,,,,,,,
GA,13,Schley,13249,2015,,,,,,,,,,,,,,,
GA,13,Schley,13249,2016,,,,,,,,,,,,,,,
GA,13,Schley,13249,2017,,,,,,,,,,,,,,,
GA,13,Schley,13249,2018,,,,,,,,,,,,,,,
GA,13,Schley,13249,2019,,,,,,,,,,,,,,,
GA,13,Schley,13249,2020,,,,,,,,,,,,,,,
GA,13,Schley,13249,2021,,,,,,,,,,,,,,,
GA,13,Schley,13249,2022,,,,,,,,,,,,,,,
GA,13,Screven,13251,2000,,,,,,,,,,,,,,,
GA,13,Screven,13251,2001,,,,,,,,,,,,,,,
GA,13,Screven,13251,2002,,329446198.0,,306856315.0,,,,,,,,,,,
GA,13,Screven,13251,2003,,,,,,,,,,,,,,,
GA,13,Screven,13251,2004,,,,,,,,,,,,,,,
GA,13,Screven,13251,2005,,,,,,,,,,,,,,,
GA,13,Screven,13251,2006,,,,,,,,,,,,,,,
GA,13,Screven,13251,2007,,,,,,,,,,,,,,,
GA,13,Screven,13251,2008,,,,,,,,,,,,,,,
GA,13,Screven,13251,2009,,,,,,,,,,,,,,,
GA,13,Screven,13251,2010,,,,,,,,,,,,,,,
GA,13,Screven,13251,2011,,,,,,,,,,,,,,,
GA,13,Screven,13251,2012,,,,,,,,,,,,,,,
GA,13,Screven,13251,2013,,,,,,,,,,,,,,,
GA,13,Screven,13251,2014,,,,,,,,,,,,,,,
GA,13,Screven,13251,2015,,,,,,,,,,,,,,,
GA,13,Screven,13251,2016,,,,,,,,,,,,,,,
GA,13,Screven,13251,2017,,,,,,,,,,,,,,,
GA,13,Screven,13251,2018,,,,,,,,,,,,,,,
GA,13,Screven,13251,2019,,,,,,,,,,,,,,,
GA,13,Screven,13251,2020,,,,,,,,,,,,,,,
GA,13,Screven,13251,2021,,,,,,,,,,,,,,,
GA,13,Screven,13251,2022,,,,,,,,,,,,,,,
GA,13,Seminole,13253,2000,,,,,,,,,,,,,,,
GA,13,Seminole,13253,2001,,,,,,,,,,,,,,,
GA,13,Seminole,13253,2002,,190144376.0,,173439720.0,,,,,,,,,,,
GA,13,Seminole,13253,2003,,,,,,,,,,,,,,,
GA,13,Seminole,13253,2004,,,,,,,,,,,,,,,
GA,13,Seminole,13253,2005,,,,,,,,,,,,,,,
GA,13,Seminole,13253,2006,,,,,,,,,,,,,,,
GA,13,Seminole,13253,2007,,,,,,,,,,,,,,,
GA,13,Seminole,13253,2008,,,,,,,,,,,,,,,
GA,13,Seminole,13253,2009,,,,,,,,,,,,,,,
GA,13,Seminole,13253,2010,,,,,,,,,,,,,,,
GA,13,Seminole,13253,2011,,,,,,,,,,,,,,,
GA,13,Seminole,13253,2012,,,,,,,,,,,,,,,
GA,13,Seminole,13253,2013,,,,,,,,,,,,,,,
GA,13,Seminole,13253,2014,,,,,,,,,,,,,,,
GA,13,Seminole,13253,2015,,,,,,,,,,,,,,,
GA,13,Seminole,13253,2016,,,,,,,,,,,,,,,
GA,13,Seminole,13253,2017,,,,,,,,,,,,,,,
GA,13,Seminole,13253,2018,,,,,,,,,,,,,,,
GA,13,Seminole,13253,2019,,,,,,,,,,,,,,,
GA,13,Seminole,13253,2020,,,,,,,,,,,,,,,
GA,13,Seminole,13253,2021,,,,,,,,,,,,,,,
GA,13,Seminole,13253,2022,,,,,,,,,,,,,,,
GA,13,Spalding,13255,2000,,,,,,,,,,,,,,,
GA,13,Spalding,13255,2001,,,,,,,,,,,,,,,
GA,13,Spalding,13255,2002,,1440664901.0,,1230332260.0,,,,,,,,,,,
GA,13,Spalding,13255,2003,,,,,,,,,,,,,,,
GA,13,Spalding,13255,2004,,,,,,,,,,,,,,,
GA,13,Spalding,13255,2005,,,,,,,,,,,,,,,
GA,13,Spalding,13255,2006,,,,,,,,,,,,,,,
GA,13,Spalding,13255,2007,,,,,,,,,,,,,,,
GA,13,Spalding,13255,2008,,,,,,,,,,,,,,,
GA,13,Spalding,13255,2009,,,,,,,,,,,,,,,
GA,13,Spalding,13255,2010,,,,,,,,,,,,,,,
GA,13,Spalding,13255,2011,,,,,,,,,,,,,,,
GA,13,Spalding,13255,2012,,,,,,,,,,,,,,,
GA,13,Spalding,13255,2013,,,,,,,,,,,,,,,
GA,13,Spalding,13255,2014,,,,,,,,,,,,,,,
GA,13,Spalding,13255,2015,,,,,,,,,,,,,,,
GA,13,Spalding,13255,2016,,,,,,,,,,,,,,,
GA,13,Spalding,13255,2017,,,,,,,,,,,,,,,
GA,13,Spalding,13255,2018,,,,,,,,,,,,,,,
GA,13,Spalding,13255,2019,,,,,,,,,,,,,,,
GA,13,Spalding,13255,2020,,,,,,,,,,,,,,,
GA,13,Spalding,13255,2021,,,,,,,,,,,,,,,
GA,13,Spalding,13255,2022,,,,,,,,,,,,,,,
GA,13,Stephens,13257,2000,,,,,,,,,,,,,,,
GA,13,Stephens,13257,2001,,,,,,,,,,,,,,,
GA,13,Stephens,13257,2002,,639059140.0,,556219064.0,,,,,,,,,,,
GA,13,Stephens,13257,2003,,,,,,,,,,,,,,,
GA,13,Stephens,13257,2004,,,,,,,,,,,,,,,
GA,13,Stephens,13257,2005,,,,,,,,,,,,,,,
GA,13,Stephens,13257,2006,,,,,,,,,,,,,,,
GA,13,Stephens,13257,2007,,,,,,,,,,,,,,,
GA,13,Stephens,13257,2008,,,,,,,,,,,,,,,
GA,13,Stephens,13257,2009,,,,,,,,,,,,,,,
GA,13,Stephens,13257,2010,,,,,,,,,,,,,,,
GA,13,Stephens,13257,2011,,,,,,,,,,,,,,,
GA,13,Stephens,13257,2012,,,,,,,,,,,,,,,
GA,13,Stephens,13257,2013,,,,,,,,,,,,,,,
GA,13,Stephens,13257,2014,,,,,,,,,,,,,,,
GA,13,Stephens,13257,2015,,,,,,,,,,,,,,,
GA,13,Stephens,13257,2016,,,,,,,,,,,,,,,
GA,13,Stephens,13257,2017,,,,,,,,,,,,,,,
GA,13,Stephens,13257,2018,,,,,,,,,,,,,,,
GA,13,Stephens,13257,2019,,,,,,,,,,,,,,,
GA,13,Stephens,13257,2020,,,,,,,,,,,,,,,
GA,13,Stephens,13257,2021,,,,,,,,,,,,,,,
GA,13,Stephens,13257,2022,,,,,,,,,,,,,,,
GA,13,Stewart,13259,2000,,,,,,,,,,,,,,,
GA,13,Stewart,13259,2001,,,,,,,,,,,,,,,
GA,13,Stewart,13259,2002,,143878713.0,,135224675.0,,,,,,,,,,,
GA,13,Stewart,13259,2003,,,,,,,,,,,,,,,
GA,13,Stewart,13259,2004,,,,,,,,,,,,,,,
GA,13,Stewart,13259,2005,,,,,,,,,,,,,,,
GA,13,Stewart,13259,2006,,,,,,,,,,,,,,,
GA,13,Stewart,13259,2007,,,,,,,,,,,,,,,
GA,13,Stewart,13259,2008,,,,,,,,,,,,,,,
GA,13,Stewart,13259,2009,,,,,,,,,,,,,,,
GA,13,Stewart,13259,2010,,,,,,,,,,,,,,,
GA,13,Stewart,13259,2011,,,,,,,,,,,,,,,
GA,13,Stewart,13259,2012,,,,,,,,,,,,,,,
GA,13,Stewart,13259,2013,,,,,,,,,,,,,,,
GA,13,Stewart,13259,2014,,,,,,,,,,,,,,,
GA,13,Stewart,13259,2015,,,,,,,,,,,,,,,
GA,13,Stewart,13259,2016,,,,,,,,,,,,,,,
GA,13,Stewart,13259,2017,,,,,,,,,,,,,,,
GA,13,Stewart,13259,2018,,,,,,,,,,,,,,,
GA,13,Stewart,13259,2019,,,,,,,,,,,,,,,
GA,13,Stewart,13259,2020,,,,,,,,,,,,,,,
GA,13,Stewart,13259,2021,,,,,,,,,,,,,,,
GA,13,Stewart,13259,2022,,,,,,,,,,,,,,,
GA,13,Sumter,13261,2000,,,,,,,,,,,,,,,
GA,13,Sumter,13261,2001,,,,,,,,,,,,,,,
GA,13,Sumter,13261,2002,,585633629.0,,541570724.0,,,,,,,,,,,
GA,13,Sumter,13261,2003,,,,,,,,,,,,,,,
GA,13,Sumter,13261,2004,,,,,,,,,,,,,,,
GA,13,Sumter,13261,2005,,,,,,,,,,,,,,,
GA,13,Sumter,13261,2006,,,,,,,,,,,,,,,
GA,13,Sumter,13261,2007,,,,,,,,,,,,,,,
GA,13,Sumter,13261,2008,,,,,,,,,,,,,,,
GA,13,Sumter,13261,2009,,,,,,,,,,,,,,,
GA,13,Sumter,13261,2010,,,,,,,,,,,,,,,
GA,13,Sumter,13261,2011,,,,,,,,,,,,,,,
GA,13,Sumter,13261,2012,,,,,,,,,,,,,,,
GA,13,Sumter,13261,2013,,,,,,,,,,,,,,,
GA,13,Sumter,13261,2014,,,,,,,,,,,,,,,
GA,13,Sumter,13261,2015,,,,,,,,,,,,,,,
GA,13,Sumter,13261,2016,,,,,,,,,,,,,,,
GA,13,Sumter,13261,2017,,,,,,,,,,,,,,,
GA,13,Sumter,13261,2018,,,,,,,,,,,,,,,
GA,13,Sumter,13261,2019,,,,,,,,,,,,,,,
GA,13,Sumter,13261,2020,,,,,,,,,,,,,,,
GA,13,Sumter,13261,2021,,,,,,,,,,,,,,,
GA,13,Sumter,13261,2022,,,,,,,,,,,,,,,
GA,13,Talbot,13263,2000,,,,,,,,,,,,,,,
GA,13,Talbot,13263,2001,,,,,,,,,,,,,,,
GA,13,Talbot,13263,2002,,184213658.0,,159829391.0,,,,,,,,,,,
GA,13,Talbot,13263,2003,,,,,,,,,,,,,,,
GA,13,Talbot,13263,2004,,,,,,,,,,,,,,,
GA,13,Talbot,13263,2005,,,,,,,,,,,,,,,
GA,13,Talbot,13263,2006,,,,,,,,,,,,,,,
GA,13,Talbot,13263,2007,,,,,,,,,,,,,,,
GA,13,Talbot,13263,2008,,,,,,,,,,,,,,,
GA,13,Talbot,13263,2009,,,,,,,,,,,,,,,
GA,13,Talbot,13263,2010,,,,,,,,,,,,,,,
GA,13,Talbot,13263,2011,,,,,,,,,,,,,,,
GA,13,Talbot,13263,2012,,,,,,,,,,,,,,,
GA,13,Talbot,13263,2013,,,,,,,,,,,,,,,
GA,13,Talbot,13263,2014,,,,,,,,,,,,,,,
GA,13,Talbot,13263,2015,,,,,,,,,,,,,,,
GA,13,Talbot,13263,2016,,,,,,,,,,,,,,,
GA,13,Talbot,13263,2017,,,,,,,,,,,,,,,
GA,13,Talbot,13263,2018,,,,,,,,,,,,,,,
GA,13,Talbot,13263,2019,,,,,,,,,,,,,,,
GA,13,Talbot,13263,2020,,,,,,,,,,,,,,,
GA,13,Talbot,13263,2021,,,,,,,,,,,,,,,
GA,13,Talbot,13263,2022,,,,,,,,,,,,,,,
GA,13,Taliaferro,13265,2000,,,,,,,,,,,,,,,
GA,13,Taliaferro,13265,2001,,,,,,,,,,,,,,,
GA,13,Taliaferro,13265,2002,,61291553.0,,57873700.0,,,,,,,,,,,
GA,13,Taliaferro,13265,2003,,,,,,,,,,,,,,,
GA,13,Taliaferro,13265,2004,,,,,,,,,,,,,,,
GA,13,Taliaferro,13265,2005,,,,,,,,,,,,,,,
GA,13,Taliaferro,13265,2006,,,,,,,,,,,,,,,
GA,13,Taliaferro,13265,2007,,,,,,,,,,,,,,,
GA,13,Taliaferro,13265,2008,,,,,,,,,,,,,,,
GA,13,Taliaferro,13265,2009,,,,,,,,,,,,,,,
GA,13,Taliaferro,13265,2010,,,,,,,,,,,,,,,
GA,13,Taliaferro,13265,2011,,,,,,,,,,,,,,,
GA,13,Taliaferro,13265,2012,,,,,,,,,,,,,,,
GA,13,Taliaferro,13265,2013,,,,,,,,,,,,,,,
GA,13,Taliaferro,13265,2014,,,,,,,,,,,,,,,
GA,13,Taliaferro,13265,2015,,,,,,,,,,,,,,,
GA,13,Taliaferro,13265,2016,,,,,,,,,,,,,,,
GA,13,Taliaferro,13265,2017,,,,,,,,,,,,,,,
GA,13,Taliaferro,13265,2018,,,,,,,,,,,,,,,
GA,13,Taliaferro,13265,2019,,,,,,,,,,,,,,,
GA,13,Taliaferro,13265,2020,,,,,,,,,,,,,,,
GA,13,Taliaferro,13265,2021,,,,,,,,,,,,,,,
GA,13,Taliaferro,13265,2022,,,,,,,,,,,,,,,
GA,13,Tattnall,13267,2000,,,,,,,,,,,,,,,
GA,13,Tattnall,13267,2001,,,,,,,,,,,,,,,
GA,13,Tattnall,13267,2002,,325168011.0,,297477608.0,,,,,,,,,,,
GA,13,Tattnall,13267,2003,,,,,,,,,,,,,,,
GA,13,Tattnall,13267,2004,,,,,,,,,,,,,,,
GA,13,Tattnall,13267,2005,,,,,,,,,,,,,,,
GA,13,Tattnall,13267,2006,,,,,,,,,,,,,,,
GA,13,Tattnall,13267,2007,,,,,,,,,,,,,,,
GA,13,Tattnall,13267,2008,,,,,,,,,,,,,,,
GA,13,Tattnall,13267,2009,,,,,,,,,,,,,,,
GA,13,Tattnall,13267,2010,,,,,,,,,,,,,,,
GA,13,Tattnall,13267,2011,,,,,,,,,,,,,,,
GA,13,Tattnall,13267,2012,,,,,,,,,,,,,,,
GA,13,Tattnall,13267,2013,,,,,,,,,,,,,,,
GA,13,Tattnall,13267,2014,,,,,,,,,,,,,,,
GA,13,Tattnall,13267,2015,,,,,,,,,,,,,,,
GA,13,Tattnall,13267,2016,,,,,,,,,,,,,,,
GA,13,Tattnall,13267,2017,,,,,,,,,,,,,,,
GA,13,Tattnall,13267,2018,,,,,,,,,,,,,,,
GA,13,Tattnall,13267,2019,,,,,,,,,,,,,,,
GA,13,Tattnall,13267,2020,,,,,,,,,,,,,,,
GA,13,Tattnall,13267,2021,,,,,,,,,,,,,,,
GA,13,Tattnall,13267,2022,,,,,,,,,,,,,,,
GA,13,Taylor,13269,2000,,,,,,,,,,,,,,,
GA,13,Taylor,13269,2001,,,,,,,,,,,,,,,
GA,13,Taylor,13269,2002,,190419729.0,,169669112.0,,,,,,,,,,,
GA,13,Taylor,13269,2003,,,,,,,,,,,,,,,
GA,13,Taylor,13269,2004,,,,,,,,,,,,,,,
GA,13,Taylor,13269,2005,,,,,,,,,,,,,,,
GA,13,Taylor,13269,2006,,,,,,,,,,,,,,,
GA,13,Taylor,13269,2007,,,,,,,,,,,,,,,
GA,13,Taylor,13269,2008,,,,,,,,,,,,,,,
GA,13,Taylor,13269,2009,,,,,,,,,,,,,,,
GA,13,Taylor,13269,2010,,,,,,,,,,,,,,,
GA,13,Taylor,13269,2011,,,,,,,,,,,,,,,
GA,13,Taylor,13269,2012,,,,,,,,,,,,,,,
GA,13,Taylor,13269,2013,,,,,,,,,,,,,,,
GA,13,Taylor,13269,2014,,,,,,,,,,,,,,,
GA,13,Taylor,13269,2015,,,,,,,,,,,,,,,
GA,13,Taylor,13269,2016,,,,,,,,,,,,,,,
GA,13,Taylor,13269,2017,,,,,,,,,,,,,,,
GA,13,Taylor,13269,2018,,,,,,,,,,,,,,,
GA,13,Taylor,13269,2019,,,,,,,,,,,,,,,
GA,13,Taylor,13269,2020,,,,,,,,,,,,,,,
GA,13,Taylor,13269,2021,,,,,,,,,,,,,,,
GA,13,Taylor,13269,2022,,,,,,,,,,,,,,,
GA,13,Telfair,13271,2000,,,,,,,,,,,,,,,
GA,13,Telfair,13271,2001,,,,,,,,,,,,,,,
GA,13,Telfair,13271,2002,,241403842.0,,224034026.0,,,,,,,,,,,
GA,13,Telfair,13271,2003,,,,,,,,,,,,,,,
GA,13,Telfair,13271,2004,,,,,,,,,,,,,,,
GA,13,Telfair,13271,2005,,,,,,,,,,,,,,,
GA,13,Telfair,13271,2006,,,,,,,,,,,,,,,
GA,13,Telfair,13271,2007,,,,,,,,,,,,,,,
GA,13,Telfair,13271,2008,,,,,,,,,,,,,,,
GA,13,Telfair,13271,2009,,,,,,,,,,,,,,,
GA,13,Telfair,13271,2010,,,,,,,,,,,,,,,
GA,13,Telfair,13271,2011,,,,,,,,,,,,,,,
GA,13,Telfair,13271,2012,,,,,,,,,,,,,,,
GA,13,Telfair,13271,2013,,,,,,,,,,,,,,,
GA,13,Telfair,13271,2014,,,,,,,,,,,,,,,
GA,13,Telfair,13271,2015,,,,,,,,,,,,,,,
GA,13,Telfair,13271,2016,,,,,,,,,,,,,,,
GA,13,Telfair,13271,2017,,,,,,,,,,,,,,,
GA,13,Telfair,13271,2018,,,,,,,,,,,,,,,
GA,13,Telfair,13271,2019,,,,,,,,,,,,,,,
GA,13,Telfair,13271,2020,,,,,,,,,,,,,,,
GA,13,Telfair,13271,2021,,,,,,,,,,,,,,,
GA,13,Telfair,13271,2022,,,,,,,,,,,,,,,
GA,13,Terrell,13273,2000,,,,,,,,,,,,,,,
GA,13,Terrell,13273,2001,,,,,,,,,,,,,,,
GA,13,Terrell,13273,2002,,223217116.0,,184737960.0,,,,,,,,,,,
GA,13,Terrell,13273,2003,,,,,,,,,,,,,,,
GA,13,Terrell,13273,2004,,,,,,,,,,,,,,,
GA,13,Terrell,13273,2005,,,,,,,,,,,,,,,
GA,13,Terrell,13273,2006,,,,,,,,,,,,,,,
GA,13,Terrell,13273,2007,,,,,,,,,,,,,,,
GA,13,Terrell,13273,2008,,,,,,,,,,,,,,,
GA,13,Terrell,13273,2009,,,,,,,,,,,,,,,
GA,13,Terrell,13273,2010,,,,,,,,,,,,,,,
GA,13,Terrell,13273,2011,,,,,,,,,,,,,,,
GA,13,Terrell,13273,2012,,,,,,,,,,,,,,,
GA,13,Terrell,13273,2013,,,,,,,,,,,,,,,
GA,13,Terrell,13273,2014,,,,,,,,,,,,,,,
GA,13,Terrell,13273,2015,,,,,,,,,,,,,,,
GA,13,Terrell,13273,2016,,,,,,,,,,,,,,,
GA,13,Terrell,13273,2017,,,,,,,,,,,,,,,
GA,13,Terrell,13273,2018,,,,,,,,,,,,,,,
GA,13,Terrell,13273,2019,,,,,,,,,,,,,,,
GA,13,Terrell,13273,2020,,,,,,,,,,,,,,,
GA,13,Terrell,13273,2021,,,,,,,,,,,,,,,
GA,13,Terrell,13273,2022,,,,,,,,,,,,,,,
GA,13,Thomas,13275,2000,,,,,,,,,,,,,,,
GA,13,Thomas,13275,2001,,,,,,,,,,,,,,,
GA,13,Thomas,13275,2002,,1072963803.0,,982750246.0,,,,,,,,,,,
GA,13,Thomas,13275,2003,,,,,,,,,,,,,,,
GA,13,Thomas,13275,2004,,,,,,,,,,,,,,,
GA,13,Thomas,13275,2005,,,,,,,,,,,,,,,
GA,13,Thomas,13275,2006,,,,,,,,,,,,,,,
GA,13,Thomas,13275,2007,,,,,,,,,,,,,,,
GA,13,Thomas,13275,2008,,,,,,,,,,,,,,,
GA,13,Thomas,13275,2009,,,,,,,,,,,,,,,
GA,13,Thomas,13275,2010,,,,,,,,,,,,,,,
GA,13,Thomas,13275,2011,,,,,,,,,,,,,,,
GA,13,Thomas,13275,2012,,,,,,,,,,,,,,,
GA,13,Thomas,13275,2013,,,,,,,,,,,,,,,
GA,13,Thomas,13275,2014,,,,,,,,,,,,,,,
GA,13,Thomas,13275,2015,,,,,,,,,,,,,,,
GA,13,Thomas,13275,2016,,,,,,,,,,,,,,,
GA,13,Thomas,13275,2017,,,,,,,,,,,,,,,
GA,13,Thomas,13275,2018,,,,,,,,,,,,,,,
GA,13,Thomas,13275,2019,,,,,,,,,,,,,,,
GA,13,Thomas,13275,2020,,,,,,,,,,,,,,,
GA,13,Thomas,13275,2021,,,,,,,,,,,,,,,
GA,13,Thomas,13275,2022,,,,,,,,,,,,,,,
GA,13,Tift,13277,2000,,,,,,,,,,,,,,,
GA,13,Tift,13277,2001,,,,,,,,,,,,,,,
GA,13,Tift,13277,2002,,860396213.0,,748438183.0,,,,,,,,,,,
GA,13,Tift,13277,2003,,,,,,,,,,,,,,,
GA,13,Tift,13277,2004,,,,,,,,,,,,,,,
GA,13,Tift,13277,2005,,,,,,,,,,,,,,,
GA,13,Tift,13277,2006,,,,,,,,,,,,,,,
GA,13,Tift,13277,2007,,,,,,,,,,,,,,,
GA,13,Tift,13277,2008,,,,,,,,,,,,,,,
GA,13,Tift,13277,2009,,,,,,,,,,,,,,,
GA,13,Tift,13277,2010,,,,,,,,,,,,,,,
GA,13,Tift,13277,2011,,,,,,,,,,,,,,,
GA,13,Tift,13277,2012,,,,,,,,,,,,,,,
GA,13,Tift,13277,2013,,,,,,,,,,,,,,,
GA,13,Tift,13277,2014,,,,,,,,,,,,,,,
GA,13,Tift,13277,2015,,,,,,,,,,,,,,,
GA,13,Tift,13277,2016,,,,,,,,,,,,,,,
GA,13,Tift,13277,2017,,,,,,,,,,,,,,,
GA,13,Tift,13277,2018,,,,,,,,,,,,,,,
GA,13,Tift,13277,2019,,,,,,,,,,,,,,,
GA,13,Tift,13277,2020,,,,,,,,,,,,,,,
GA,13,Tift,13277,2021,,,,,,,,,,,,,,,
GA,13,Tift,13277,2022,,,,,,,,,,,,,,,
GA,13,Toombs,13279,2000,,,,,,,,,,,,,,,
GA,13,Toombs,13279,2001,,,,,,,,,,,,,,,
GA,13,Toombs,13279,2002,,432071747.0,,391290366.0,,,,,,,,,,,
GA,13,Toombs,13279,2003,,,,,,,,,,,,,,,
GA,13,Toombs,13279,2004,,,,,,,,,,,,,,,
GA,13,Toombs,13279,2005,,,,,,,,,,,,,,,
GA,13,Toombs,13279,2006,,,,,,,,,,,,,,,
GA,13,Toombs,13279,2007,,,,,,,,,,,,,,,
GA,13,Toombs,13279,2008,,,,,,,,,,,,,,,
GA,13,Toombs,13279,2009,,,,,,,,,,,,,,,
GA,13,Toombs,13279,2010,,,,,,,,,,,,,,,
GA,13,Toombs,13279,2011,,,,,,,,,,,,,,,
GA,13,Toombs,13279,2012,,,,,,,,,,,,,,,
GA,13,Toombs,13279,2013,,,,,,,,,,,,,,,
GA,13,Toombs,13279,2014,,,,,,,,,,,,,,,
GA,13,Toombs,13279,2015,,,,,,,,,,,,,,,
GA,13,Toombs,13279,2016,,,,,,,,,,,,,,,
GA,13,Toombs,13279,2017,,,,,,,,,,,,,,,
GA,13,Toombs,13279,2018,,,,,,,,,,,,,,,
GA,13,Toombs,13279,2019,,,,,,,,,,,,,,,
GA,13,Toombs,13279,2020,,,,,,,,,,,,,,,
GA,13,Toombs,13279,2021,,,,,,,,,,,,,,,
GA,13,Toombs,13279,2022,,,,,,,,,,,,,,,
GA,13,Towns,13281,2000,,,,,,,,,,,,,,,
GA,13,Towns,13281,2001,,,,,,,,,,,,,,,
GA,13,Towns,13281,2002,,444984613.0,,428979646.0,,,,,,,,,,,
GA,13,Towns,13281,2003,,,,,,,,,,,,,,,
GA,13,Towns,13281,2004,,,,,,,,,,,,,,,
GA,13,Towns,13281,2005,,,,,,,,,,,,,,,
GA,13,Towns,13281,2006,,,,,,,,,,,,,,,
GA,13,Towns,13281,2007,,,,,,,,,,,,,,,
GA,13,Towns,13281,2008,,,,,,,,,,,,,,,
GA,13,Towns,13281,2009,,,,,,,,,,,,,,,
GA,13,Towns,13281,2010,,,,,,,,,,,,,,,
GA,13,Towns,13281,2011,,,,,,,,,,,,,,,
GA,13,Towns,13281,2012,,,,,,,,,,,,,,,
GA,13,Towns,13281,2013,,,,,,,,,,,,,,,
GA,13,Towns,13281,2014,,,,,,,,,,,,,,,
GA,13,Towns,13281,2015,,,,,,,,,,,,,,,
GA,13,Towns,13281,2016,,,,,,,,,,,,,,,
GA,13,Towns,13281,2017,,,,,,,,,,,,,,,
GA,13,Towns,13281,2018,,,,,,,,,,,,,,,
GA,13,Towns,13281,2019,,,,,,,,,,,,,,,
GA,13,Towns,13281,2020,,,,,,,,,,,,,,,
GA,13,Towns,13281,2021,,,,,,,,,,,,,,,
GA,13,Towns,13281,2022,,,,,,,,,,,,,,,
GA,13,Treutlen,13283,2000,,,,,,,,,,,,,,,
GA,13,Treutlen,13283,2001,,,,,,,,,,,,,,,
GA,13,Treutlen,13283,2002,,93808499.0,,86441197.0,,,,,,,,,,,
GA,13,Treutlen,13283,2003,,,,,,,,,,,,,,,
GA,13,Treutlen,13283,2004,,,,,,,,,,,,,,,
GA,13,Treutlen,13283,2005,,,,,,,,,,,,,,,
GA,13,Treutlen,13283,2006,,,,,,,,,,,,,,,
GA,13,Treutlen,13283,2007,,,,,,,,,,,,,,,
GA,13,Treutlen,13283,2008,,,,,,,,,,,,,,,
GA,13,Treutlen,13283,2009,,,,,,,,,,,,,,,
GA,13,Treutlen,13283,2010,,,,,,,,,,,,,,,
GA,13,Treutlen,13283,2011,,,,,,,,,,,,,,,
GA,13,Treutlen,13283,2012,,,,,,,,,,,,,,,
GA,13,Treutlen,13283,2013,,,,,,,,,,,,,,,
GA,13,Treutlen,13283,2014,,,,,,,,,,,,,,,
GA,13,Treutlen,13283,2015,,,,,,,,,,,,,,,
GA,13,Treutlen,13283,2016,,,,,,,,,,,,,,,
GA,13,Treutlen,13283,2017,,,,,,,,,,,,,,,
GA,13,Treutlen,13283,2018,,,,,,,,,,,,,,,
GA,13,Treutlen,13283,2019,,,,,,,,,,,,,,,
GA,13,Treutlen,13283,2020,,,,,,,,,,,,,,,
GA,13,Treutlen,13283,2021,,,,,,,,,,,,,,,
GA,13,Treutlen,13283,2022,,,,,,,,,,,,,,,
GA,13,Troup,13285,2000,,,,,,,,,,,,,,,
GA,13,Troup,13285,2001,,,,,,,,,,,,,,,
GA,13,Troup,13285,2002,,1623221774.0,,1471359083.0,,,,,,,,,,,
GA,13,Troup,13285,2003,,,,,,,,,,,,,,,
GA,13,Troup,13285,2004,,,,,,,,,,,,,,,
GA,13,Troup,13285,2005,,,,,,,,,,,,,,,
GA,13,Troup,13285,2006,,,,,,,,,,,,,,,
GA,13,Troup,13285,2007,,,,,,,,,,,,,,,
GA,13,Troup,13285,2008,,,,,,,,,,,,,,,
GA,13,Troup,13285,2009,,,,,,,,,,,,,,,
GA,13,Troup,13285,2010,,,,,,,,,,,,,,,
GA,13,Troup,13285,2011,,,,,,,,,,,,,,,
GA,13,Troup,13285,2012,,,,,,,,,,,,,,,
GA,13,Troup,13285,2013,,,,,,,,,,,,,,,
GA,13,Troup,13285,2014,,,,,,,,,,,,,,,
GA,13,Troup,13285,2015,,,,,,,,,,,,,,,
GA,13,Troup,13285,2016,,,,,,,,,,,,,,,
GA,13,Troup,13285,2017,,,,,,,,,,,,,,,
GA,13,Troup,13285,2018,,,,,,,,,,,,,,,
GA,13,Troup,13285,2019,,,,,,,,,,,,,,,
GA,13,Troup,13285,2020,,,,,,,,,,,,,,,
GA,13,Troup,13285,2021,,,,,,,,,,,,,,,
GA,13,Troup,13285,2022,,,,,,,,,,,,,,,
GA,13,Turner,13287,2000,,,,,,,,,,,,,,,
GA,13,Turner,13287,2001,,,,,,,,,,,,,,,
GA,13,Turner,13287,2002,,182844931.0,,151561145.0,,,,,,,,,,,
GA,13,Turner,13287,2003,,,,,,,,,,,,,,,
GA,13,Turner,13287,2004,,,,,,,,,,,,,,,
GA,13,Turner,13287,2005,,,,,,,,,,,,,,,
GA,13,Turner,13287,2006,,,,,,,,,,,,,,,
GA,13,Turner,13287,2007,,,,,,,,,,,,,,,
GA,13,Turner,13287,2008,,,,,,,,,,,,,,,
GA,13,Turner,13287,2009,,,,,,,,,,,,,,,
GA,13,Turner,13287,2010,,,,,,,,,,,,,,,
GA,13,Turner,13287,2011,,,,,,,,,,,,,,,
GA,13,Turner,13287,2012,,,,,,,,,,,,,,,
GA,13,Turner,13287,2013,,,,,,,,,,,,,,,
GA,13,Turner,13287,2014,,,,,,,,,,,,,,,
GA,13,Turner,13287,2015,,,,,,,,,,,,,,,
GA,13,Turner,13287,2016,,,,,,,,,,,,,,,
GA,13,Turner,13287,2017,,,,,,,,,,,,,,,
GA,13,Turner,13287,2018,,,,,,,,,,,,,,,
GA,13,Turner,13287,2019,,,,,,,,,,,,,,,
GA,13,Turner,13287,2020,,,,,,,,,,,,,,,
GA,13,Turner,13287,2021,,,,,,,,,,,,,,,
GA,13,Turner,13287,2022,,,,,,,,,,,,,,,
GA,13,Twiggs,13289,2000,,,,,,,,,,,,,,,
GA,13,Twiggs,13289,2001,,,,,,,,,,,,,,,
GA,13,Twiggs,13289,2002,,256989918.0,,231983580.0,,,,,,,,,,,
GA,13,Twiggs,13289,2003,,,,,,,,,,,,,,,
GA,13,Twiggs,13289,2004,,,,,,,,,,,,,,,
GA,13,Twiggs,13289,2005,,,,,,,,,,,,,,,
GA,13,Twiggs,13289,2006,,,,,,,,,,,,,,,
GA,13,Twiggs,13289,2007,,,,,,,,,,,,,,,
GA,13,Twiggs,13289,2008,,,,,,,,,,,,,,,
GA,13,Twiggs,13289,2009,,,,,,,,,,,,,,,
GA,13,Twiggs,13289,2010,,,,,,,,,,,,,,,
GA,13,Twiggs,13289,2011,,,,,,,,,,,,,,,
GA,13,Twiggs,13289,2012,,,,,,,,,,,,,,,
GA,13,Twiggs,13289,2013,,,,,,,,,,,,,,,
GA,13,Twiggs,13289,2014,,,,,,,,,,,,,,,
GA,13,Twiggs,13289,2015,,,,,,,,,,,,,,,
GA,13,Twiggs,13289,2016,,,,,,,,,,,,,,,
GA,13,Twiggs,13289,2017,,,,,,,,,,,,,,,
GA,13,Twiggs,13289,2018,,,,,,,,,,,,,,,
GA,13,Twiggs,13289,2019,,,,,,,,,,,,,,,
GA,13,Twiggs,13289,2020,,,,,,,,,,,,,,,
GA,13,Twiggs,13289,2021,,,,,,,,,,,,,,,
GA,13,Twiggs,13289,2022,,,,,,,,,,,,,,,
GA,13,Union,13291,2000,,,,,,,,,,,,,,,
GA,13,Union,13291,2001,,,,,,,,,,,,,,,
GA,13,Union,13291,2002,,678800863.0,,625285783.0,,,,,,,,,,,
GA,13,Union,13291,2003,,,,,,,,,,,,,,,
GA,13,Union,13291,2004,,,,,,,,,,,,,,,
GA,13,Union,13291,2005,,,,,,,,,,,,,,,
GA,13,Union,13291,2006,,,,,,,,,,,,,,,
GA,13,Union,13291,2007,,,,,,,,,,,,,,,
GA,13,Union,13291,2008,,,,,,,,,,,,,,,
GA,13,Union,13291,2009,,,,,,,,,,,,,,,
GA,13,Union,13291,2010,,,,,,,,,,,,,,,
GA,13,Union,13291,2011,,,,,,,,,,,,,,,
GA,13,Union,13291,2012,,,,,,,,,,,,,,,
GA,13,Union,13291,2013,,,,,,,,,,,,,,,
GA,13,Union,13291,2014,,,,,,,,,,,,,,,
GA,13,Union,13291,2015,,,,,,,,,,,,,,,
GA,13,Union,13291,2016,,,,,,,,,,,,,,,
GA,13,Union,13291,2017,,,,,,,,,,,,,,,
GA,13,Union,13291,2018,,,,,,,,,,,,,,,
GA,13,Union,13291,2019,,,,,,,,,,,,,,,
GA,13,Union,13291,2020,,,,,,,,,,,,,,,
GA,13,Union,13291,2021,,,,,,,,,,,,,,,
GA,13,Union,13291,2022,,,,,,,,,,,,,,,
GA,13,Upson,13293,2000,,,,,,,,,,,,,,,
GA,13,Upson,13293,2001,,,,,,,,,,,,,,,
GA,13,Upson,13293,2002,,490281787.0,,449474996.0,,,,,,,,,,,
GA,13,Upson,13293,2003,,,,,,,,,,,,,,,
GA,13,Upson,13293,2004,,,,,,,,,,,,,,,
GA,13,Upson,13293,2005,,,,,,,,,,,,,,,
GA,13,Upson,13293,2006,,,,,,,,,,,,,,,
GA,13,Upson,13293,2007,,,,,,,,,,,,,,,
GA,13,Upson,13293,2008,,,,,,,,,,,,,,,
GA,13,Upson,13293,2009,,,,,,,,,,,,,,,
GA,13,Upson,13293,2010,,,,,,,,,,,,,,,
GA,13,Upson,13293,2011,,,,,,,,,,,,,,,
GA,13,Upson,13293,2012,,,,,,,,,,,,,,,
GA,13,Upson,13293,2013,,,,,,,,,,,,,,,
GA,13,Upson,13293,2014,,,,,,,,,,,,,,,
GA,13,Upson,13293,2015,,,,,,,,,,,,,,,
GA,13,Upson,13293,2016,,,,,,,,,,,,,,,
GA,13,Upson,13293,2017,,,,,,,,,,,,,,,
GA,13,Upson,13293,2018,,,,,,,,,,,,,,,
GA,13,Upson,13293,2019,,,,,,,,,,,,,,,
GA,13,Upson,13293,2020,,,,,,,,,,,,,,,
GA,13,Upson,13293,2021,,,,,,,,,,,,,,,
GA,13,Upson,13293,2022,,,,,,,,,,,,,,,
GA,13,Walker,13295,2000,,,,,,,,,,,,,,,
GA,13,Walker,13295,2001,,,,,,,,,,,,,,,
GA,13,Walker,13295,2002,,1204942900.0,,1083295270.0,,,,,,,,,,,
GA,13,Walker,13295,2003,,,,,,,,,,,,,,,
GA,13,Walker,13295,2004,,,,,,,,,,,,,,,
GA,13,Walker,13295,2005,,,,,,,,,,,,,,,
GA,13,Walker,13295,2006,,,,,,,,,,,,,,,
GA,13,Walker,13295,2007,,,,,,,,,,,,,,,
GA,13,Walker,13295,2008,,,,,,,,,,,,,,,
GA,13,Walker,13295,2009,,,,,,,,,,,,,,,
GA,13,Walker,13295,2010,,,,,,,,,,,,,,,
GA,13,Walker,13295,2011,,,,,,,,,,,,,,,
GA,13,Walker,13295,2012,,,,,,,,,,,,,,,
GA,13,Walker,13295,2013,,,,,,,,,,,,,,,
GA,13,Walker,13295,2014,,,,,,,,,,,,,,,
GA,13,Walker,13295,2015,,,,,,,,,,,,,,,
GA,13,Walker,13295,2016,,,,,,,,,,,,,,,
GA,13,Walker,13295,2017,,,,,,,,,,,,,,,
GA,13,Walker,13295,2018,,,,,,,,,,,,,,,
GA,13,Walker,13295,2019,,,,,,,,,,,,,,,
GA,13,Walker,13295,2020,,,,,,,,,,,,,,,
GA,13,Walker,13295,2021,,,,,,,,,,,,,,,
GA,13,Walker,13295,2022,,,,,,,,,,,,,,,
GA,13,Walton,13297,2000,,,,,,,,,,,,,,,
GA,13,Walton,13297,2001,,,,,,,,,,,,,,,
GA,13,Walton,13297,2002,,1762004623.0,,1622940481.0,,,,,,,,,,,
GA,13,Walton,13297,2003,,,,,,,,,,,,,,,
GA,13,Walton,13297,2004,,,,,,,,,,,,,,,
GA,13,Walton,13297,2005,,,,,,,,,,,,,,,
GA,13,Walton,13297,2006,,,,,,,,,,,,,,,
GA,13,Walton,13297,2007,,,,,,,,,,,,,,,
GA,13,Walton,13297,2008,,,,,,,,,,,,,,,
GA,13,Walton,13297,2009,,,,,,,,,,,,,,,
GA,13,Walton,13297,2010,,,,,,,,,,,,,,,
GA,13,Walton,13297,2011,,,,,,,,,,,,,,,
GA,13,Walton,13297,2012,,,,,,,,,,,,,,,
GA,13,Walton,13297,2013,,,,,,,,,,,,,,,
GA,13,Walton,13297,2014,,,,,,,,,,,,,,,
GA,13,Walton,13297,2015,,,,,,,,,,,,,,,
GA,13,Walton,13297,2016,,,,,,,,,,,,,,,
GA,13,Walton,13297,2017,,,,,,,,,,,,,,,
GA,13,Walton,13297,2018,,,,,,,,,,,,,,,
GA,13,Walton,13297,2019,,,,,,,,,,,,,,,
GA,13,Walton,13297,2020,,,,,,,,,,,,,,,
GA,13,Walton,13297,2021,,,,,,,,,,,,,,,
GA,13,Walton,13297,2022,,,,,,,,,,,,,,,
GA,13,Ware,13299,2000,,,,,,,,,,,,,,,
GA,13,Ware,13299,2001,,,,,,,,,,,,,,,
GA,13,Ware,13299,2002,,563320224.0,,513049138.0,,,,,,,,,,,
GA,13,Ware,13299,2003,,,,,,,,,,,,,,,
GA,13,Ware,13299,2004,,,,,,,,,,,,,,,
GA,13,Ware,13299,2005,,,,,,,,,,,,,,,
GA,13,Ware,13299,2006,,,,,,,,,,,,,,,
GA,13,Ware,13299,2007,,,,,,,,,,,,,,,
GA,13,Ware,13299,2008,,,,,,,,,,,,,,,
GA,13,Ware,13299,2009,,,,,,,,,,,,,,,
GA,13,Ware,13299,2010,,,,,,,,,,,,,,,
GA,13,Ware,13299,2011,,,,,,,,,,,,,,,
GA,13,Ware,13299,2012,,,,,,,,,,,,,,,
GA,13,Ware,13299,2013,,,,,,,,,,,,,,,
GA,13,Ware,13299,2014,,,,,,,,,,,,,,,
GA,13,Ware,13299,2015,,,,,,,,,,,,,,,
GA,13,Ware,13299,2016,,,,,,,,,,,,,,,
GA,13,Ware,13299,2017,,,,,,,,,,,,,,,
GA,13,Ware,13299,2018,,,,,,,,,,,,,,,
GA,13,Ware,13299,2019,,,,,,,,,,,,,,,
GA,13,Ware,13299,2020,,,,,,,,,,,,,,,
GA,13,Ware,13299,2021,,,,,,,,,,,,,,,
GA,13,Ware,13299,2022,,,,,,,,,,,,,,,
GA,13,Warren,13301,2000,,,,,,,,,,,,,,,
GA,13,Warren,13301,2001,,,,,,,,,,,,,,,
GA,13,Warren,13301,2002,,134499028.0,,127106175.0,,,,,,,,,,,
GA,13,Warren,13301,2003,,,,,,,,,,,,,,,
GA,13,Warren,13301,2004,,,,,,,,,,,,,,,
GA,13,Warren,13301,2005,,,,,,,,,,,,,,,
GA,13,Warren,13301,2006,,,,,,,,,,,,,,,
GA,13,Warren,13301,2007,,,,,,,,,,,,,,,
GA,13,Warren,13301,2008,,,,,,,,,,,,,,,
GA,13,Warren,13301,2009,,,,,,,,,,,,,,,
GA,13,Warren,13301,2010,,,,,,,,,,,,,,,
GA,13,Warren,13301,2011,,,,,,,,,,,,,,,
GA,13,Warren,13301,2012,,,,,,,,,,,,,,,
GA,13,Warren,13301,2013,,,,,,,,,,,,,,,
GA,13,Warren,13301,2014,,,,,,,,,,,,,,,
GA,13,Warren,13301,2015,,,,,,,,,,,,,,,
GA,13,Warren,13301,2016,,,,,,,,,,,,,,,
GA,13,Warren,13301,2017,,,,,,,,,,,,,,,
GA,13,Warren,13301,2018,,,,,,,,,,,,,,,
GA,13,Warren,13301,2019,,,,,,,,,,,,,,,
GA,13,Warren,13301,2020,,,,,,,,,,,,,,,
GA,13,Warren,13301,2021,,,,,,,,,,,,,,,
GA,13,Warren,13301,2022,,,,,,,,,,,,,,,
GA,13,Washington,13303,2000,,,,,,,,,,,,,,,
GA,13,Washington,13303,2001,,,,,,,,,,,,,,,
GA,13,Washington,13303,2002,,543678934.0,,511973526.0,,,,,,,,,,,
GA,13,Washington,13303,2003,,,,,,,,,,,,,,,
GA,13,Washington,13303,2004,,,,,,,,,,,,,,,
GA,13,Washington,13303,2005,,,,,,,,,,,,,,,
GA,13,Washington,13303,2006,,,,,,,,,,,,,,,
GA,13,Washington,13303,2007,,,,,,,,,,,,,,,
GA,13,Washington,13303,2008,,,,,,,,,,,,,,,
GA,13,Washington,13303,2009,,,,,,,,,,,,,,,
GA,13,Washington,13303,2010,,,,,,,,,,,,,,,
GA,13,Washington,13303,2011,,,,,,,,,,,,,,,
GA,13,Washington,13303,2012,,,,,,,,,,,,,,,
GA,13,Washington,13303,2013,,,,,,,,,,,,,,,
GA,13,Washington,13303,2014,,,,,,,,,,,,,,,
GA,13,Washington,13303,2015,,,,,,,,,,,,,,,
GA,13,Washington,13303,2016,,,,,,,,,,,,,,,
GA,13,Washington,13303,2017,,,,,,,,,,,,,,,
GA,13,Washington,13303,2018,,,,,,,,,,,,,,,
GA,13,Washington,13303,2019,,,,,,,,,,,,,,,
GA,13,Washington,13303,2020,,,,,,,,,,,,,,,
GA,13,Washington,13303,2021,,,,,,,,,,,,,,,
GA,13,Washington,13303,2022,,,,,,,,,,,,,,,
GA,13,Wayne,13305,2000,,,,,,,,,,,,,,,
GA,13,Wayne,13305,2001,,,,,,,,,,,,,,,
GA,13,Wayne,13305,2002,,617625818.0,,567315386.0,,,,,,,,,,,
GA,13,Wayne,13305,2003,,,,,,,,,,,,,,,
GA,13,Wayne,13305,2004,,,,,,,,,,,,,,,
GA,13,Wayne,13305,2005,,,,,,,,,,,,,,,
GA,13,Wayne,13305,2006,,,,,,,,,,,,,,,
GA,13,Wayne,13305,2007,,,,,,,,,,,,,,,
GA,13,Wayne,13305,2008,,,,,,,,,,,,,,,
GA,13,Wayne,13305,2009,,,,,,,,,,,,,,,
GA,13,Wayne,13305,2010,,,,,,,,,,,,,,,
GA,13,Wayne,13305,2011,,,,,,,,,,,,,,,
GA,13,Wayne,13305,2012,,,,,,,,,,,,,,,
GA,13,Wayne,13305,2013,,,,,,,,,,,,,,,
GA,13,Wayne,13305,2014,,,,,,,,,,,,,,,
GA,13,Wayne,13305,2015,,,,,,,,,,,,,,,
GA,13,Wayne,13305,2016,,,,,,,,,,,,,,,
GA,13,Wayne,13305,2017,,,,,,,,,,,,,,,
GA,13,Wayne,13305,2018,,,,,,,,,,,,,,,
GA,13,Wayne,13305,2019,,,,,,,,,,,,,,,
GA,13,Wayne,13305,2020,,,,,,,,,,,,,,,
GA,13,Wayne,13305,2021,,,,,,,,,,,,,,,
GA,13,Wayne,13305,2022,,,,,,,,,,,,,,,
GA,13,Webster,13307,2000,,,,,,,,,,,,,,,
GA,13,Webster,13307,2001,,,,,,,,,,,,,,,
GA,13,Webster,13307,2002,,52759786.0,,49172143.0,,,,,,,,,,,
GA,13,Webster,13307,2003,,,,,,,,,,,,,,,
GA,13,Webster,13307,2004,,,,,,,,,,,,,,,
GA,13,Webster,13307,2005,,,,,,,,,,,,,,,
GA,13,Webster,13307,2006,,,,,,,,,,,,,,,
GA,13,Webster,13307,2007,,,,,,,,,,,,,,,
GA,13,Webster,13307,2008,,,,,,,,,,,,,,,
GA,13,Webster,13307,2009,,,,,,,,,,,,,,,
GA,13,Webster,13307,2010,,,,,,,,,,,,,,,
GA,13,Webster,13307,2011,,,,,,,,,,,,,,,
GA,13,Webster,13307,2012,,,,,,,,,,,,,,,
GA,13,Webster,13307,2013,,,,,,,,,,,,,,,
GA,13,Webster,13307,2014,,,,,,,,,,,,,,,
GA,13,Webster,13307,2015,,,,,,,,,,,,,,,
GA,13,Webster,13307,2016,,,,,,,,,,,,,,,
GA,13,Webster,13307,2017,,,,,,,,,,,,,,,
GA,13,Webster,13307,2018,,,,,,,,,,,,,,,
GA,13,Webster,13307,2019,,,,,,,,,,,,,,,
GA,13,Webster,13307,2020,,,,,,,,,,,,,,,
GA,13,Webster,13307,2021,,,,,,,,,,,,,,,
GA,13,Webster,13307,2022,,,,,,,,,,,,,,,
GA,13,Wheeler,13309,2000,,,,,,,,,,,,,,,
GA,13,Wheeler,13309,2001,,,,,,,,,,,,,,,
GA,13,Wheeler,13309,2002,,98713192.0,,93866234.0,,,,,,,,,,,
GA,13,Wheeler,13309,2003,,,,,,,,,,,,,,,
GA,13,Wheeler,13309,2004,,,,,,,,,,,,,,,
GA,13,Wheeler,13309,2005,,,,,,,,,,,,,,,
GA,13,Wheeler,13309,2006,,,,,,,,,,,,,,,
GA,13,Wheeler,13309,2007,,,,,,,,,,,,,,,
GA,13,Wheeler,13309,2008,,,,,,,,,,,,,,,
GA,13,Wheeler,13309,2009,,,,,,,,,,,,,,,
GA,13,Wheeler,13309,2010,,,,,,,,,,,,,,,
GA,13,Wheeler,13309,2011,,,,,,,,,,,,,,,
GA,13,Wheeler,13309,2012,,,,,,,,,,,,,,,
GA,13,Wheeler,13309,2013,,,,,,,,,,,,,,,
GA,13,Wheeler,13309,2014,,,,,,,,,,,,,,,
GA,13,Wheeler,13309,2015,,,,,,,,,,,,,,,
GA,13,Wheeler,13309,2016,,,,,,,,,,,,,,,
GA,13,Wheeler,13309,2017,,,,,,,,,,,,,,,
GA,13,Wheeler,13309,2018,,,,,,,,,,,,,,,
GA,13,Wheeler,13309,2019,,,,,,,,,,,,,,,
GA,13,Wheeler,13309,2020,,,,,,,,,,,,,,,
GA,13,Wheeler,13309,2021,,,,,,,,,,,,,,,
GA,13,Wheeler,13309,2022,,,,,,,,,,,,,,,
GA,13,White,13311,2000,,,,,,,,,,,,,,,
GA,13,White,13311,2001,,,,,,,,,,,,,,,
GA,13,White,13311,2002,,689174550.0,,635914804.0,,,,,,,,,,,
GA,13,White,13311,2003,,,,,,,,,,,,,,,
GA,13,White,13311,2004,,,,,,,,,,,,,,,
GA,13,White,13311,2005,,,,,,,,,,,,,,,
GA,13,White,13311,2006,,,,,,,,,,,,,,,
GA,13,White,13311,2007,,,,,,,,,,,,,,,
GA,13,White,13311,2008,,,,,,,,,,,,,,,
GA,13,White,13311,2009,,,,,,,,,,,,,,,
GA,13,White,13311,2010,,,,,,,,,,,,,,,
GA,13,White,13311,2011,,,,,,,,,,,,,,,
GA,13,White,13311,2012,,,,,,,,,,,,,,,
GA,13,White,13311,2013,,,,,,,,,,,,,,,
GA,13,White,13311,2014,,,,,,,,,,,,,,,
GA,13,White,13311,2015,,,,,,,,,,,,,,,
GA,13,White,13311,2016,,,,,,,,,,,,,,,
GA,13,White,13311,2017,,,,,,,,,,,,,,,
GA,13,White,13311,2018,,,,,,,,,,,,,,,
GA,13,White,13311,2019,,,,,,,,,,,,,,,
GA,13,White,13311,2020,,,,,,,,,,,,,,,
GA,13,White,13311,2021,,,,,,,,,,,,,,,
GA,13,White,13311,2022,,,,,,,,,,,,,,,
GA,13,Whitfield,13313,2000,,,,,,,,,,,,,,,
GA,13,Whitfield,13313,2001,,,,,,,,,,,,,,,
GA,13,Whitfield,13313,2002,,2455387377.0,,2138141992.0,,,,,,,,,,,
GA,13,Whitfield,13313,2003,,,,,,,,,,,,,,,
GA,13,Whitfield,13313,2004,,,,,,,,,,,,,,,
GA,13,Whitfield,13313,2005,,,,,,,,,,,,,,,
GA,13,Whitfield,13313,2006,,,,,,,,,,,,,,,
GA,13,Whitfield,13313,2007,,,,,,,,,,,,,,,
GA,13,Whitfield,13313,2008,,,,,,,,,,,,,,,
GA,13,Whitfield,13313,2009,,,,,,,,,,,,,,,
GA,13,Whitfield,13313,2010,,,,,,,,,,,,,,,
GA,13,Whitfield,13313,2011,,,,,,,,,,,,,,,
GA,13,Whitfield,13313,2012,,,,,,,,,,,,,,,
GA,13,Whitfield,13313,2013,,,,,,,,,,,,,,,
GA,13,Whitfield,13313,2014,,,,,,,,,,,,,,,
GA,13,Whitfield,13313,2015,,,,,,,,,,,,,,,
GA,13,Whitfield,13313,2016,,,,,,,,,,,,,,,
GA,13,Whitfield,13313,2017,,,,,,,,,,,,,,,
GA,13,Whitfield,13313,2018,,,,,,,,,,,,,,,
GA,13,Whitfield,13313,2019,,,,,,,,,,,,,,,
GA,13,Whitfield,13313,2020,,,,,,,,,,,,,,,
GA,13,Whitfield,13313,2021,,,,,,,,,,,,,,,
GA,13,Whitfield,13313,2022,,,,,,,,,,,,,,,
GA,13,Wilcox,13315,2000,,,,,,,,,,,,,,,
GA,13,Wilcox,13315,2001,,,,,,,,,,,,,,,
GA,13,Wilcox,13315,2002,,129729181.0,,120056637.0,,,,,,,,,,,
GA,13,Wilcox,13315,2003,,,,,,,,,,,,,,,
GA,13,Wilcox,13315,2004,,,,,,,,,,,,,,,
GA,13,Wilcox,13315,2005,,,,,,,,,,,,,,,
GA,13,Wilcox,13315,2006,,,,,,,,,,,,,,,
GA,13,Wilcox,13315,2007,,,,,,,,,,,,,,,
GA,13,Wilcox,13315,2008,,,,,,,,,,,,,,,
GA,13,Wilcox,13315,2009,,,,,,,,,,,,,,,
GA,13,Wilcox,13315,2010,,,,,,,,,,,,,,,
GA,13,Wilcox,13315,2011,,,,,,,,,,,,,,,
GA,13,Wilcox,13315,2012,,,,,,,,,,,,,,,
GA,13,Wilcox,13315,2013,,,,,,,,,,,,,,,
GA,13,Wilcox,13315,2014,,,,,,,,,,,,,,,
GA,13,Wilcox,13315,2015,,,,,,,,,,,,,,,
GA,13,Wilcox,13315,2016,,,,,,,,,,,,,,,
GA,13,Wilcox,13315,2017,,,,,,,,,,,,,,,
GA,13,Wilcox,13315,2018,,,,,,,,,,,,,,,
GA,13,Wilcox,13315,2019,,,,,,,,,,,,,,,
GA,13,Wilcox,13315,2020,,,,,,,,,,,,,,,
GA,13,Wilcox,13315,2021,,,,,,,,,,,,,,,
GA,13,Wilcox,13315,2022,,,,,,,,,,,,,,,
GA,13,Wilkes,13317,2000,,,,,,,,,,,,,,,
GA,13,Wilkes,13317,2001,,,,,,,,,,,,,,,
GA,13,Wilkes,13317,2002,,305271743.0,,266729444.0,,,,,,,,,,,
GA,13,Wilkes,13317,2003,,,,,,,,,,,,,,,
GA,13,Wilkes,13317,2004,,,,,,,,,,,,,,,
GA,13,Wilkes,13317,2005,,,,,,,,,,,,,,,
GA,13,Wilkes,13317,2006,,,,,,,,,,,,,,,
GA,13,Wilkes,13317,2007,,,,,,,,,,,,,,,
GA,13,Wilkes,13317,2008,,,,,,,,,,,,,,,
GA,13,Wilkes,13317,2009,,,,,,,,,,,,,,,
GA,13,Wilkes,13317,2010,,,,,,,,,,,,,,,
GA,13,Wilkes,13317,2011,,,,,,,,,,,,,,,
GA,13,Wilkes,13317,2012,,,,,,,,,,,,,,,
GA,13,Wilkes,13317,2013,,,,,,,,,,,,,,,
GA,13,Wilkes,13317,2014,,,,,,,,,,,,,,,
GA,13,Wilkes,13317,2015,,,,,,,,,,,,,,,
GA,13,Wilkes,13317,2016,,,,,,,,,,,,,,,
GA,13,Wilkes,13317,2017,,,,,,,,,,,,,,,
GA,13,Wilkes,13317,2018,,,,,,,,,,,,,,,
GA,13,Wilkes,13317,2019,,,,,,,,,,,,,,,
GA,13,Wilkes,13317,2020,,,,,,,,,,,,,,,
GA,13,Wilkes,13317,2021,,,,,,,,,,,,,,,
GA,13,Wilkes,13317,2022,,,,,,,,,,,,,,,
GA,13,Wilkinson,13319,2000,,,,,,,,,,,,,,,
GA,13,Wilkinson,13319,2001,,,,,,,,,,,,,,,
GA,13,Wilkinson,13319,2002,,315447309.0,,294786864.0,,,,,,,,,,,
GA,13,Wilkinson,13319,2003,,,,,,,,,,,,,,,
GA,13,Wilkinson,13319,2004,,,,,,,,,,,,,,,
GA,13,Wilkinson,13319,2005,,,,,,,,,,,,,,,
GA,13,Wilkinson,13319,2006,,,,,,,,,,,,,,,
GA,13,Wilkinson,13319,2007,,,,,,,,,,,,,,,
GA,13,Wilkinson,13319,2008,,,,,,,,,,,,,,,
GA,13,Wilkinson,13319,2009,,,,,,,,,,,,,,,
GA,13,Wilkinson,13319,2010,,,,,,,,,,,,,,,
GA,13,Wilkinson,13319,2011,,,,,,,,,,,,,,,
GA,13,Wilkinson,13319,2012,,,,,,,,,,,,,,,
GA,13,Wilkinson,13319,2013,,,,,,,,,,,,,,,
GA,13,Wilkinson,13319,2014,,,,,,,,,,,,,,,
GA,13,Wilkinson,13319,2015,,,,,,,,,,,,,,,
GA,13,Wilkinson,13319,2016,,,,,,,,,,,,,,,
GA,13,Wilkinson,13319,2017,,,,,,,,,,,,,,,
GA,13,Wilkinson,13319,2018,,,,,,,,,,,,,,,
GA,13,Wilkinson,13319,2019,,,,,,,,,,,,,,,
GA,13,Wilkinson,13319,2020,,,,,,,,,,,,,,,
GA,13,Wilkinson,13319,2021,,,,,,,,,,,,,,,
GA,13,Wilkinson,13319,2022,,,,,,,,,,,,,,,
GA,13,Worth,13321,2000,,,,,,,,,,,,,,,
GA,13,Worth,13321,2001,,,,,,,,,,,,,,,
GA,13,Worth,13321,2002,,504269135.0,,408506484.0,,,,,,,,,,,
GA,13,Worth,13321,2003,,,,,,,,,,,,,,,
GA,13,Worth,13321,2004,,,,,,,,,,,,,,,
GA,13,Worth,13321,2005,,,,,,,,,,,,,,,
GA,13,Worth,13321,2006,,,,,,,,,,,,,,,
GA,13,Worth,13321,2007,,,,,,,,,,,,,,,
GA,13,Worth,13321,2008,,,,,,,,,,,,,,,
GA,13,Worth,13321,2009,,,,,,,,,,,,,,,
GA,13,Worth,13321,2010,,,,,,,,,,,,,,,
GA,13,Worth,13321,2011,,,,,,,,,,,,,,,
GA,13,Worth,13321,2012,,,,,,,,,,,,,,,
GA,13,Worth,13321,2013,,,,,,,,,,,,,,,
GA,13,Worth,13321,2014,,,,,,,,,,,,,,,
GA,13,Worth,13321,2015,,,,,,,,,,,,,,,
GA,13,Worth,13321,2016,,,,,,,,,,,,,,,
GA,13,Worth,13321,2017,,,,,,,,,,,,,,,
GA,13,Worth,13321,2018,,,,,,,,,,,,,,,
GA,13,Worth,13321,2019,,,,,,,,,,,,,,,
GA,13,Worth,13321,2020,,,,,,,,,,,,,,,
GA,13,Worth,13321,2021,,,,,,,,,,,,,,,
GA,13,Worth,13321,2022,,,,,,,,,,,,,,,
